日付,都道府県,学校種,学校名,試験名,試験地,住所,時間
2026/02/07,岡山県,中学校,蒼明学院,,本校,岡山県笠岡市笠岡874,
2026/02/07,宮崎県,中学校,日南学園,,本校,宮崎県日南市吾田東3丁目5-1,
2026/02/07,広島県,中学校,広島新庄,Ⅲ期,本校,広島県山県郡北広島町新庄848,
2026/02/07,山口県,中学校,梅光学院,,本校,山口県下関市丸山町2丁目9-1,
2026/02/07,滋賀県,中学校,近江兄弟社,,本校,滋賀県近江八幡市市井町177,
2026/02/07,鹿児島県,中学校,鹿児島純心女子,,本校,鹿児島県鹿児島市唐湊4-22-2,
2026/02/07,鹿児島県,中学校,鹿児島育英館,,本校,鹿児島県日置市伊集院町猪鹿倉550,
2026/02/07,鹿児島県,中学校,鹿児島第一,,本校,鹿児島県霧島市国分府中214,
2026/02/07,大阪府,中学校,建国,一般２次,本校,大阪府大阪市住吉区遠里小野2丁目3番13号,
2026/02/07,長崎県,中学校,長崎日本大学,,本校,長崎県諫早市貝津町1555番地,
2026/02/07,福岡県,中学校,折尾愛真,,本校,福岡県北九州市八幡西区堀川町12-10,
2026/02/07,兵庫県,中学校,芦屋国際中等教育学校,,本校,兵庫県芦屋市新浜町1-2,
2026/02/07,長崎県,大学,広島国際大学,一般選抜前期B日程〔特待生選抜〕,長崎会場（出島メッセ長崎）,長崎県長崎市尾上町4-1,
2026/02/07,愛媛県,大学,高知健康科学大学,一般選抜A日程のみ,愛媛会場（ホテルアイスル松山）,愛媛県松山市宮田町391番地8号,
2026/02/07,愛媛県,大学,関西大学,,えひめ共済会館,愛媛県松山市三番町5丁目13-1,
2026/02/07,愛媛県,大学,岡山商科大学,一般前期AB,TKP松山市駅前カンファレンスセンター,愛媛県松山市千舟町4-3-7,
2026/02/07,愛媛県,大学,高松大学,一般選抜前期（奨学生・一般）,松山会場（レンタルオフィスいよてつ大手町駅）,愛媛県松山市大手町1-7-4 伊予鉄大手町ビル3階,
2026/02/07,愛媛県,大学,四国学院大学,一般選抜A日程,愛媛県県民文化会館（別館）,愛媛県松山市道後町2丁目9-14,
2026/02/07,愛媛県,大学,広島国際大学,一般選抜前期B日程〔特待生選抜〕,松山会場（リジェール松山）,愛媛県松山市南堀端町2-3,
2026/02/07,岡山県,大学,関西大学,,岡山進研学院,岡山県岡山市北区伊福町二丁目10番27号,
2026/02/07,岡山県,大学,関西学院大学,全日程（一般/個別/英数/共通併用）,岡山コンベンションセンター,岡山県岡山市北区駅元町14-1,
2026/02/07,岡山県,大学,高松大学,一般選抜前期（奨学生・一般）,岡山会場（岡山シティホテル桑田町 別館）,岡山県岡山市北区桑田町2-21,
2026/02/07,岡山県,大学,四国学院大学,一般選抜A日程,岡山シティホテル桑田町 別館,岡山県岡山市北区桑田町3-30,
2026/02/07,岡山県,大学,岡山商科大学,一般前期AB/中期/後期・総合型・推薦,岡山商科大学,岡山県岡山市北区津島京町2-10-1,
2026/02/07,岡山県,大学,大阪国際大学,公募A/B・一般前期/後期,岡山会場（後楽ホテル）,岡山県岡山市北区平和町5-1,
2026/02/07,岡山県,大学,立命館アジア太平洋大学,スタンダード3/英語重視/共テ+英・国,岡山国際ホテル,岡山市中区門田本町4-1-16,
2026/02/07,岡山県,大学,立命館大学,一般選抜（試験地）,岡山国際ホテル,岡山市中区門田本町4-1-16,
2026/02/07,岡山県,大学,同志社大学,一般選抜入学試験,岡山コンベンションセンター,岡山市北区駅元町14-1,
2026/02/07,岡山県,大学,広島経済大学,推薦(公募)・一般(1/2期),岡山会場（岡山シティホテル桑田町）,岡山市北区桑田町3-30,
2026/02/07,沖縄県,国家試験,琉球大学 千原キャンパス　共通教育棟,医師,,沖縄県中頭郡西原町字千原1,
2026/02/07,沖縄県,大学,千葉科学大学,一般選抜前期,那覇会場（千葉科学大学那覇コミュニケーションセンター（エナジックスポーツワールドサザンヒル））,沖縄県島尻郡南風原町字宮平460-1,
2026/02/07,沖縄県,大学,大阪国際大学,一般前期,沖縄会場（沖縄県市町村自治会館）,沖縄県那覇市旭町116-37,
2026/02/07,沖縄県,大学,東亜大学,公募制A・B／一般選抜前期,那覇会場,沖縄県那覇市旭町116-37,
2026/02/07,沖縄県,大学,広島国際大学,一般選抜前期B日程〔特待生選抜〕,那覇会場（沖縄県青年会館）,沖縄県那覇市久米2-15-23,
2026/02/07,沖縄県,大学,純真学園大学,一般選抜一期,沖縄県青年会館,沖縄県那覇市久米2-15-23,
2026/02/07,沖縄県,大学,関西大学,,北九州予備校沖縄校,沖縄県那覇市字安里102,
2026/02/07,沖縄県,高等学校,沖縄尚学,,,沖縄県那覇市字国場747番地,
2026/02/07,沖縄県,大学,大阪国際大学,一般前期,沖縄会場（パシフィックホテル沖縄）,沖縄県那覇市西3-6-1,
2026/02/07,沖縄県,大学,熊本学園大学,推薦11月・一般前期,那覇尚学院（別館）,沖縄県那覇市泊2-16-3,
2026/02/07,宮崎県,大学,熊本学園大学,一般前期,岡富コミュニティセンター,宮崎県延岡市幸町2-125,
2026/02/07,宮崎県,大学,尚絅大学,学校推薦型・一般選抜第1回,宮崎市会場（宮崎県婦人会館）,宮崎県宮崎市旭1丁目3-10,
2026/02/07,宮崎県,大学,広島国際大学,一般選抜前期B日程〔特待生選抜〕,宮崎会場（エアラインホテル）,宮崎県宮崎市橘通西3-10-19,
2026/02/07,宮崎県,大学,西南学院大学,一般選抜A・F日程、上履き持参,宮崎試験場（北九州予備校宮崎校）,宮崎県宮崎市宮崎駅東1丁目6-9,
2026/02/07,宮崎県,大学,熊本学園大学,一般前期,KITENコンベンションホール,宮崎県宮崎市錦町1-10,
2026/02/07,宮崎県,大学,純真学園大学,一般選抜一期,KITENビル,宮崎県宮崎市錦町1-10,
2026/02/07,宮崎県,大学,崇城大学,一般前期,北九州予備校 宮崎校,宮崎市宮崎駅東口,
2026/02/07,京都府,大学,同志社大学,一般選抜＋共通テスト（個別）,同志社大学 京田辺キャンパス,京田辺市多々羅都谷1-3,
2026/02/07,京都府,大学,同志社大学,一般選抜＋共通テスト（個別）,同志社大学 今出川キャンパス,京都市上京区今出川通烏丸東入,
2026/02/07,京都府,大学,京都医療科学大学,一般選抜（前期）,京都(京都市内)会場（㈱島津製作所 本社）,京都市中京区西ノ京桑原町1,
2026/02/07,京都府,大学,立命館アジア太平洋大学,スタンダード3/英語重視/共テ+英・国/後期,立命館大学（衣笠キャンパス）,京都市北区等持院北町56-1,
2026/02/07,京都府,大学,立命館大学,一般選抜（試験地）,立命館大学（衣笠キャンパス）,京都市北区等持院北町56-1,
2026/02/07,京都府,大学,関西学院大学,全日程（一般/個別/英数/共通併用）,TKPガーデンシティ京都タワーホテル,京都府京都市下京区烏丸通七条下ル東塩小路町721-1 6F・9F,
2026/02/07,京都府,大学,関西大学,,京都リサーチパーク,京都府京都市下京区中堂寺南町134,
2026/02/07,京都府,大学,関西大学,,京都府民総合交流プラザ,京都府京都市南区東九条下殿田町70,
2026/02/07,熊本県,大学,関西大学,,TKP熊本カンファレンスセンター,熊本県熊本市中央区花畑町4-7,
2026/02/07,熊本県,大学,尚絅大学,一般選抜第1回・第2回・第3回等,九品寺キャンパス（本学試験会場）,熊本県熊本市中央区九品寺2-6-78,
2026/02/07,熊本県,大学,純真学園大学,一般選抜一期,熊本城ホール,熊本県熊本市中央区桜町3番40号,
2026/02/07,熊本県,大学,西南学院大学,一般選抜A日程・F日程,熊本試験場（熊本城ホール）,熊本県熊本市中央区桜町3番40号,
2026/02/07,熊本県,大学,活水女子大学,一般Aのみ,熊本会場（熊本外語専門学校）,熊本県熊本市中央区辛島町8-14,
2026/02/07,熊本県,大学,東亜大学,公募制A・B／一般選抜前期,熊本会場,熊本県熊本市中央区水前寺公園28-51,
2026/02/07,熊本県,国家試験,ホテル熊本テルサ,医師,,熊本県熊本市中央区水前寺公園28-51,
2026/02/07,熊本県,大学,熊本学園大学,推薦11月・一般前期・後期,熊本学園大学（本学）,熊本県熊本市中央区大江2-5-1,
2026/02/07,熊本県,大学,東海大学,,東海大学熊本キャンパス,熊本県熊本市東区渡鹿9-1-1,
2026/02/07,熊本県,大学,熊本学園大学,一般前期,ホテルサン人吉,熊本県人吉市上青井町166,
2026/02/07,熊本県,大学,熊本学園大学,一般前期,天草宝島国際交流会館ポルト,熊本県天草市中央新町15-7,
2026/02/07,熊本県,大学,崇城大学,推薦各種/一般前期/一般後期/留学生後期,崇城大学 池田キャンパス,熊本市西区池田4丁目22-1,
2026/02/07,広島県,大学,関西大学,,TKPガーデンシティPREMIUM広島駅,広島県 広島市南区大須賀町13-9 ベルビュオフィス広島,
2026/02/07,広島県,大学,広島国際大学,一般選抜前期B日程〔特待生選抜〕,本学（呉キャンパス）,広島県呉市広古新開5-1-1,
2026/02/07,広島県,国家試験,安田女子大学,医師,,広島県広島市安佐南区安東6-13-1,
2026/02/07,広島県,大学,広島国際大学,一般選抜前期B日程〔特待生選抜〕,広島会場（サムシングホールドルフィン）,広島県広島市西区草津新町2-30-29,
2026/02/07,広島県,大学,東京理科大学,一般選抜B・S方式,広島試験場（広島工業大学専門学校）,広島県広島市西区福島町2-1-1,
2026/02/07,広島県,大学,関西学院大学,全日程（一般/個別/英数/共通併用）,広島県立総合体育館 武道場,広島県広島市中区基町4-1,
2026/02/07,広島県,大学,四国学院大学,一般選抜A日程,RCC文化センター,広島県広島市中区橋本町5-11,
2026/02/07,広島県,大学,岡山商科大学,一般前期AB・一般公募前期AB,RCC文化センター,広島県広島市中区橋本町5-11,
2026/02/07,広島県,大学,高松大学,一般選抜前期（奨学生・一般）,広島会場（RCC文化センター）,広島県広島市中区橋本町5-11,
2026/02/07,広島県,大学,西南学院大学,一般選抜A日程・F日程,広島試験場（TKPガーデンシティ広島）,広島県広島市中区中町8-18 広島クリスタルプラザ,
2026/02/07,広島県,大学,東亜大学,公募制A・B／一般選抜前期,広島会場,広島県広島市中区八丁堀7-11,
2026/02/07,広島県,大学,広島女学院大学,一般A/B/C・後期・特待・推薦・留学生,本学（広島女学院大学）,広島県広島市東区牛田東4-13-1,
2026/02/07,広島県,大学,広島国際大学,一般選抜前期B日程〔特待生選抜〕,三次会場（三次商工会議所）,広島県三次市三次町1843-1,
2026/02/07,広島県,高等学校,広島新庄,,,広島県山県郡北広島町新庄848,
2026/02/07,広島県,大学,日本赤十字広島看護大学,総合・学校推薦・一般・社会人学士,日本赤十字広島看護大学（本学会場）,広島県廿日市市阿品台東1番2号,
2026/02/07,広島県,大学,広島国際大学,一般選抜前期B日程〔特待生選抜〕,福山会場（ 福山商工会議所）,広島県福山市西町2-10-1,
2026/02/07,広島県,大学,岡山商科大学,一般前期AB・一般公募前期AB,リッチモンドホテル福山駅前,広島県福山市東桜町1-1,
2026/02/07,広島県,大学,広島経済大学,総合型・学校推薦型・一般(1/2期),広島会場（広島経済大学）,広島市安佐南区祇園5-37-1,
2026/02/07,広島県,大学,同志社大学,一般選抜入学試験,広島県立総合体育館,広島市中区基町4-1,
2026/02/07,広島県,大学,立命館アジア太平洋大学,スタンダード3/英語重視/共テ+英・国/後期,TKPガーデンシティ 広島駅前大橋,広島市南区京橋町1-7 アスティ広島京橋ビルディング,
2026/02/07,広島県,大学,立命館大学,一般選抜（試験地）,TKP ガーデンシティ 広島駅前大橋,広島市南区京橋町1-7 アスティ広島京橋ビルディング,
2026/02/07,香川県,大学,日本赤十字広島看護大学,一般選抜（高松会場）,サンポートホール高松（高松会場）,香川県高松市サンポート2-1 高松シンボルタワー・ホール棟（5階）,
2026/02/07,香川県,大学,関西学院大学,全日程（一般/個別/英数/共通併用）,村上学園高等学校 高松校,香川県高松市観光町545-3,
2026/02/07,香川県,大学,関西大学,,高松高等予備校,香川県高松市観光町547-1,
2026/02/07,香川県,大学,高知健康科学大学,一般選抜A日程のみ,香川会場（リーガホテルゼスト高松）,香川県高松市古新町9-1,
2026/02/07,香川県,大学,高松大学,一般選抜前期・後期（奨学生・一般）,本学キャンパス,香川県高松市春日町960番地,
2026/02/07,香川県,大学,岡山商科大学,一般前期AB・一般公募前期AB,高松商工会議所,香川県高松市番町2-2-2,
2026/02/07,香川県,大学,広島国際大学,一般選抜前期B日程〔特待生選抜〕,高松会場（高松商工会議所）,香川県高松市番町2-2-2,
2026/02/07,香川県,国家試験,サンメッセ香川,医師,,香川県高松市林町2217-1,
2026/02/07,香川県,大学,四国学院大学,一般選抜A/B/C日程,本学キャンパス,香川県善通寺市文京町3-2-1,
2026/02/07,香川県,大学,広島経済大学,一般(1期),高松会場（サンポートホール高松）,高松市サンポート2-1,
2026/02/07,香川県,大学,同志社大学,一般選抜入学試験,レクザムホール（香川県県民ホール）,高松市玉藻町9-10,
2026/02/07,香川県,大学,立命館アジア太平洋大学,スタンダード3/英語重視/共テ+英・国/後期,ホテルパールガーデン,高松市福岡町2-2-1,
2026/02/07,香川県,大学,立命館大学,一般選抜（試験地）,ホテルパールガーデン,高松市福岡町2-2-1,
2026/02/07,高知県,大学,広島国際大学,一般選抜前期B日程〔特待生選抜〕,高知会場（土佐塾予備校）,高知県高知市はりまや町3-7-8,
2026/02/07,高知県,大学,高松大学,一般選抜前期（奨学生・一般）,高知会場（高知城ホール）,高知県高知市丸ノ内2-1-10,
2026/02/07,高知県,大学,高知健康科学大学,総合型・推薦・社会人・一般A日程,本学会場（高知健康科学大学）,高知県高知市大津乙2500-2,
2026/02/07,高知県,大学,岡山商科大学,一般前期AB・一般公募前期AB,高知会館,高知県高知市本町5-6-42,
2026/02/07,高知県,大学,関西大学,,高知共済会館,高知県高知市本町5丁目3-20,
2026/02/07,高知県,大学,四国学院大学,一般選抜A日程,四万十市社会福祉センター,高知県四万十市右山五月町8-3,
2026/02/07,高知県,大学,高知健康科学大学,一般選抜A日程のみ,四万十会場（新ロイヤルホテル四万十）,高知県四万十市中村小姓町26,
2026/02/07,高知県,大学,四国学院大学,一般選抜A日程,清和女子中高等学校,高知県南国市明見98,
2026/02/07,佐賀県,大学,熊本学園大学,一般前期,九州国際情報ビジネス専門学校,佐賀県佐賀市神野東1-9-32,
2026/02/07,佐賀県,大学,崇城大学,一般前期,サンシティオフィスビル,佐賀市神野東2丁目1-3,
2026/02/07,広島県,大学,広島経済大学,一般(1期),三次会場（みよしまちづくりセンター）,三次市十日市西6-10-45,
2026/02/07,山口県,大学,東亜大学,公募制A・B／一般前期・後期,本学キャンパス,山口県下関市一の宮学園町2-1,
2026/02/07,山口県,大学,広島国際大学,一般選抜前期B日程〔特待生選抜〕,岩国会場（岩国市民文化会館）,山口県岩国市山手町1-15-3,
2026/02/07,山口県,大学,岡山商科大学,一般前期AB・一般公募前期AB,山口グランドホテル,山口県山口市小郡黄金町1-1,
2026/02/07,山口県,大学,西南学院大学,一般選抜A・F日程、上履き持参,山口試験場（北九州予備校山口校）,山口県山口市小郡御幸町1-39,
2026/02/07,山口県,大学,純真学園大学,一般選抜一期,KDDI維新ホール,山口県山口市小郡令和1丁目1番1号,
2026/02/07,山口県,大学,関西大学,,山口県教育会館,山口県山口市大手町2-18,
2026/02/07,山口県,大学,広島国際大学,一般選抜前期B日程〔特待生選抜〕,山口会場（国際ホテル山口）,山口県山口市中河原町1-1,
2026/02/07,山口県,大学,広島経済大学,推薦(公募)・一般(1/2期),山口会場（山口グランドホテル）,山口市小郡黄金町1-1,
2026/02/07,滋賀県,大学,関西大学,,滋賀県民交流センター,滋賀県大津市におの浜1丁目1-20,
2026/02/07,鹿児島県,大学,関西大学,,鹿児島県老人福祉会館,鹿児島県鹿児島市鴨池2丁目30-8,
2026/02/07,鹿児島県,大学,西南学院大学,一般選抜A日程・F日程,鹿児島試験場（TKPガーデンシティ鹿児島中央）,鹿児島県鹿児島市中央町26-1 南国アネックス,
2026/02/07,鹿児島県,大学,尚絅大学,学校推薦型・一般選抜第1回,鹿児島市会場（ホテルタイセイアネックス）,鹿児島県鹿児島市中央町4-32,
2026/02/07,鹿児島県,大学,純真学園大学,一般選抜一期,サンプラザ天文館,鹿児島県鹿児島市東千石町2-30,
2026/02/07,鹿児島県,大学,熊本学園大学,一般前期,サンプラザ天文館,鹿児島県鹿児島市東千石町2-30-3F,
2026/02/07,鹿児島県,大学,広島国際大学,一般選抜前期B日程〔特待生選抜〕,鹿児島会場（JR九州ホテル鹿児島）,鹿児島県鹿児島市武1-1-2,
2026/02/07,鹿児島県,大学,崇城大学,一般前期（薬学部）,北九州予備校 鹿児島校,鹿児島市西田1-7-3,
2026/02/07,鹿児島県,大学,崇城大学,一般前期（薬学部以外）,鹿児島県医師会館,鹿児島市中央町8-1,
2026/02/07,島根県,大学,広島経済大学,推薦(公募)・一般(1/2期),松江会場（松江テルサ）,松江市朝日町478-18,
2026/02/07,愛媛県,大学,広島経済大学,推薦(公募)・一般(1/2期),松山会場（リジェール松山）,松山市南堀端町2-3,
2026/02/07,愛媛県,大学,広島経済大学,一般(1期),新居浜会場（新居浜商工会議所）,新居浜市一宮町2-4-8,
2026/02/07,兵庫県,大学,同志社大学,一般選抜入学試験,神戸国際展示場,神戸市中央区港島中町6-11-1,
2026/02/07,兵庫県,大学,立命館アジア太平洋大学,英語重視/共テ+英・国,三宮研修センター（カサベラFRIIビル）,神戸市中央区八幡通4-2-12,
2026/02/07,兵庫県,大学,立命館大学,一般選抜（試験地）,三宮研修センター,神戸市中央区八幡通4-2-12 カサベラFRⅡビル,
2026/02/07,兵庫県,大学,立命館アジア太平洋大学,英語重視/後期2教科,神戸ファッションマート,神戸市東灘区向洋町中6-9,
2026/02/07,兵庫県,大学,立命館大学,一般選抜（試験地）,神戸ファッションマート,神戸市東灘区向洋町中6-9,
2026/02/07,滋賀県,大学,立命館アジア太平洋大学,スタンダード3/英語重視/共テ+英・国/後期,立命館大学（びわこ・くさつキャンパス）,草津市野路東1-1-1,
2026/02/07,滋賀県,大学,立命館大学,一般選抜（試験地）,立命館大学（びわこ・くさつキャンパス）,草津市野路東1-1-1,
2026/02/07,大阪府,大学,立命館アジア太平洋大学,スタンダード3/英語重視/共テ+英・国/後期,アートホテル大阪ベイタワー,大阪市港区弁天1-2-1,
2026/02/07,大阪府,大学,立命館大学,一般選抜（試験地）,アートホテル大阪ベイタワー,大阪市港区弁天1-2-1,
2026/02/07,大阪府,大学,立命館アジア太平洋大学,スタンダード3/英語重視,TKPガーデンシティPREMIUM 心斎橋,大阪市中央区南船場4-3-2 ゼント心斎橋ビル,
2026/02/07,大阪府,大学,立命館大学,一般選抜（試験地）,TKPガーデンシティPREMIUM心斎橋,大阪市中央区南船場4-3-2 ゼント心斎橋ビル 3 ～ 4階（事務所：4階）,
2026/02/07,大阪府,大学,京都医療科学大学,一般選抜（前期）/学校推薦,大阪会場（㈱島津製作所 関西支社）,大阪市北区梅田一丁目13番1号 大阪梅田ツインタワーズ・サウス24階,
2026/02/07,大阪府,大学,高野山大学,一般選抜Ⅰ・Ⅱ・Ⅲ期試験会場,高野山大学 河内長野キャンパス,大阪府河内長野市小山田町1685番地,
2026/02/07,大阪府,大学,大阪国際大学,公募A/B/C・一般前期/後期・ラスト,本学会場（守口キャンパス）,大阪府守口市藤田町6-21-57,
2026/02/07,大阪府,国家試験,大阪電気通信大学 寝屋川キャンパス,医師,,大阪府寝屋川市初町18-8,
2026/02/07,大阪府,大学,関西大学,一般選抜（全学1・独自・全学2）,関西大学 千里山キャンパス,大阪府吹田市山手町3-3-35,
2026/02/07,大阪府,大学,関西学院大学,大阪南の一部日程（個別/英数等）,TKP心斎橋駅前カンファレンスセンター,大阪府大阪市中央区南船場3-11-18 郵政福祉心斎橋ビル3F・11F,
2026/02/07,大阪府,大学,関西学院大学,全日程（大阪南・一般/個別等）,難波御堂筋ホール,大阪府大阪市中央区難波4-2-1,
2026/02/07,大阪府,大学,法政大学,T日程・A方式・英語外部試験利用,大阪会場,大阪府大阪市中央区本町橋2番8号,
2026/02/07,大阪府,大学,関西学院大学,全日程（大阪北・一般/個別等）,TKPガーデンシティ大阪リバーサイドホテル,大阪府大阪市都島区中野町5-12-30,
2026/02/07,大阪府,大学,東亜大学,公募制A・B／一般選抜前期,大阪会場,大阪府大阪市東淀川区西淡路一丁目3-21,
2026/02/07,大阪府,大学,東海大学,,CIVI研修センター新大阪東,大阪府大阪市東淀川区東中島1-19-4,
2026/02/07,大阪府,大学,長崎総合科学大学,推薦前期/後期・一般Ⅰ～Ⅱ,新大阪丸ビル 新館,大阪府大阪市東淀川区東中島1丁目18-27,
2026/02/07,大阪府,大学,西南学院大学,一般選抜F日程のみ,大阪試験場（TKPガーデンシティ大阪梅田）,大阪府大阪市福島区福島5-4-21 TKPゲートタワービル,
2026/02/07,大阪府,大学,広島国際大学,一般選抜前期B日程〔特待生選抜〕,大阪会場（大阪工業大学梅田キャンパス）,大阪府大阪市北区茶屋町1-45,
2026/02/07,大阪府,大学,東京理科大学,一般選抜B・S方式,大阪試験場（河合塾大阪北キャンパス 大阪校）,大阪府大阪市北区豊崎3-13-1,
2026/02/07,大阪府,大学,大阪樟蔭女子大学,全入試の本学会場（一般・推薦ほか）,本学キャンパス,大阪府東大阪市菱屋西4-2-26,
2026/02/07,大分県,大学,熊本学園大学,一般前期,ホルトホール大分,大分県大分市金池南1-5-1,
2026/02/07,大分県,大学,純真学園大学,一般選抜一期,J:COMホルトホール大分,大分県大分市金池南一丁目5番1号,
2026/02/07,大分県,大学,広島国際大学,一般選抜前期B日程〔特待生選抜〕,大分会場（ソレイユ大分県労働福祉会館）,大分県大分市中央町4-2-5,
2026/02/07,大分県,大学,西南学院大学,一般選抜A日程・F日程,大分試験場（大分県労働福祉会館 全労済ソレイユ）,大分県大分市中央町4-2-5,
2026/02/07,大分県,大学,崇城大学,一般前期,北九州予備校 大分校,大分市金池町2-7,
2026/02/07,大分県,大学,活水女子大学,一般Aのみ,大分会場（大分県労働福祉会館ソレイユ）,大分市中央町4丁目2-5,
2026/02/07,大分県,大学,立命館アジア太平洋大学,スタンダード3/英語重視/共テ+英・国/後期,コンパルホール,大分市府内町1-5-38,
2026/02/07,大分県,大学,立命館大学,一般選抜（試験地）,コンパルホール,大分市府内町1-5-38,
2026/02/07,長崎県,大学,活水女子大学,一般A・B、共テA/B,東山手キャンパス,長崎県長崎市東山手町1-50,
2026/02/07,長崎県,大学,熊本学園大学,一般前期,出島メッセ長崎,長崎県長崎市尾上町4-1,
2026/02/07,長崎県,大学,純真学園大学,一般選抜一期,出島メッセ長崎,長崎県長崎市尾上町4-1,
2026/02/07,長崎県,大学,西南学院大学,一般選抜A日程・F日程,長崎試験場（長崎新聞文化ホール アストピア）,長崎県長崎市茂里町3-1,
2026/02/07,長崎県,大学,長崎総合科学大学,総合型・推薦・一般Ⅰ～Ⅲ・地域枠,本学グリーンヒルキャンパス,長崎県長崎市網場町536,
2026/02/07,長崎県,大学,崇城大学,一般前期,出島メッセ長崎,長崎市尾上町4-1,
2026/02/07,鳥取県,高等学校,鳥取敬愛,,鳥取,鳥取県鳥取市西町1-111,
2026/02/07,鳥取県,大学,岡山商科大学,一般前期AB・一般公募前期AB,白兎会館,鳥取県鳥取市末広温泉町556,
2026/02/07,鳥取県,大学,関西大学,,国際ファミリープラザ,鳥取県米子市加茂町2丁目180,
2026/02/07,島根県,大学,東海大学,,広島県JAビル,島県広島市中区大手町4-7-3,
2026/02/07,島根県,大学,岡山商科大学,一般前期AB,ろうかん（労働会館）,島根県松江市御手船場町557-7,
2026/02/07,島根県,大学,広島国際大学,一般選抜前期B日程〔特待生選抜〕,松江会場（松江テルサ）,島根県松江市朝日町478-18,
2026/02/07,徳島県,大学,高松大学,一般選抜前期（奨学生・一般）,徳島会場（シビックセンター）,徳島県徳島市元町1-24,
2026/02/07,徳島県,大学,関西大学,,徳島県医師会館,徳島県徳島市幸町3丁目61,
2026/02/07,徳島県,大学,四国学院大学,一般選抜A日程,徳島県労働福祉会館（わーくぴあ徳島）,徳島県徳島市昭和町3丁目35-1,
2026/02/07,徳島県,大学,高知健康科学大学,一般選抜A日程のみ,徳島会場（徳島ワシントンホテルプラザ）,徳島県徳島市大道1丁目61-1,
2026/02/07,徳島県,大学,岡山商科大学,一般前期AB,あわぎんホール,徳島県徳島市藍場町2-14,
2026/02/07,奈良県,大学,帝塚山大学,全入試（一般A/B/C・推薦等）,帝塚山大学 東生駒キャンパス,奈良県奈良市帝塚山7-1-1,
2026/02/07,沖縄県,大学,崇城大学,一般前期,沖縄県市町村自治会館,那覇市旭町116-37,
2026/02/07,兵庫県,大学,立命館アジア太平洋大学,英語重視/共テ+英・国,BIZ SPACE HIMEJI,姫路市本町127 大手前ダイネンBLD.II,
2026/02/07,兵庫県,大学,立命館大学,一般選抜（試験地）,BIZ SPACE HIMEJI,姫路市本町127番地 大手前ダイネンBLD.II,
2026/02/07,島根県,大学,広島経済大学,一般(1期),浜田会場（いわみーる）,浜田市野原町1826-1,
2026/02/07,福岡県,大学,熊本学園大学,一般前期,ハイネスホテル久留米,福岡県久留米市天神町1-6,
2026/02/07,福岡県,大学,福岡大学,一般選抜（系統別・前期）医2次含む,本学（七隈キャンパス）,福岡県福岡市城南区七隈8-19-1,
2026/02/07,福岡県,大学,西南学院大学,一般選抜A日程・F日程,本学試験場（西南学院大学）,福岡県福岡市早良区西新6-2-92,
2026/02/07,福岡県,大学,関西大学,,TKPエルガーラホール,福岡県福岡市中央区天神1丁目4-2,
2026/02/07,福岡県,大学,熊本学園大学,一般前期,天神ビル,福岡県福岡市中央区天神2-12-1,
2026/02/07,福岡県,大学,青山学院大学,全学部日程のみ,福岡会場,福岡県福岡市中央区天神3-10-27,
2026/02/07,福岡県,大学,九州産業大学,一般前期/後期・実技前期,九州産業大学,福岡県福岡市東区松香台2-3-1,
2026/02/07,福岡県,大学,純真学園大学,一般選抜一期・二期,純真学園大学,福岡県福岡市南区筑紫丘1-1-1,
2026/02/07,福岡県,大学,東海大学,,福岡県中小企業振興センター,福岡県福岡市博多区吉塚本町9-15,
2026/02/07,福岡県,国家試験,第一薬科大学,医師,,福岡県福岡市博多区東光2-22-15,
2026/02/07,福岡県,大学,東京理科大学,一般選抜B・S方式,福岡試験場（北九州予備校博多駅校）,福岡県福岡市博多区博多駅前1-21-4,
2026/02/07,福岡県,大学,法政大学,T日程・A方式・英語外部試験利用,福岡会場,福岡県福岡市博多区博多駅前2-9-28,
2026/02/07,福岡県,大学,活水女子大学,一般Aのみ,福岡会場（公務員ビジネス専門学校）,福岡県福岡市博多区博多駅前3-29-8,
2026/02/07,福岡県,大学,関西学院大学,全日程（一般/個別/英数/共通併用）,代々木ゼミナール 福岡校,福岡県福岡市博多区博多駅前4-2-25,
2026/02/07,福岡県,大学,長崎総合科学大学,推薦前期/後期・一般Ⅰ～Ⅱ,リファレンス駅東ビル,福岡県福岡市博多区博多駅東1丁目16-14,
2026/02/07,福岡県,大学,広島国際大学,一般選抜前期B日程〔特待生選抜〕,福岡会場（ 八重洲博多ビル）,福岡県福岡市博多区博多駅東2-18-30,
2026/02/07,福岡県,大学,尚絅大学,学校推薦型・一般選抜第1回,福岡市会場（九州ビル会議室）,福岡県福岡市博多区博多駅南1丁目8-31,
2026/02/07,福岡県,大学,熊本学園大学,一般前期,北九州メッセ（旧西日本総合展示場新館）,福岡県北九州市小倉北区浅野3丁目8-1,
2026/02/07,福岡県,大学,西南学院大学,一般選抜A日程・F日程,北九州試験場（北九州メッセA展示場）,福岡県北九州市小倉北区浅野3丁目8-1,
2026/02/07,福岡県,大学,同志社大学,一般選抜入学試験,アクロス福岡,福岡市中央区天神1丁目1-1,
2026/02/07,福岡県,大学,崇城大学,一般前期,電気ビル共創館3階,福岡市中央区渡辺通2丁目1-82,
2026/02/07,福岡県,大学,広島経済大学,一般(1期),福岡会場（福岡県中小企業振興センター）,福岡市博多区吉塚本町9-15,
2026/02/07,福岡県,大学,東京工科大学,一般選抜A日程,福岡会場 (アクア博多（AQUA）3F),福岡市博多区中洲5-3-8,
2026/02/07,福岡県,大学,立命館アジア太平洋大学,スタンダード3/英語重視/共テ+英・国/後期,博多国際展示場＆カンファレンスセンター,福岡市博多区東光2-22-15,
2026/02/07,福岡県,大学,立命館大学,一般選抜（試験地）,博多国際展示場＆カンファレンスセンター,福岡市博多区東光2-22-15,
2026/02/07,福岡県,大学,京都医療科学大学,一般選抜（前期）,福岡会場（㈱島津製作所 九州支店）,福岡市博多区冷泉町4番20号 島津博多ビル3階,
2026/02/07,広島県,大学,広島経済大学,推薦(公募)・一般(1/2期),福山会場（広島県民文化センターふくやま）,福山市東桜町1-21,
2026/02/07,兵庫県,大学,関西大学,,三宮研修センター,兵庫県神戸市中央区港島中町6丁目11-1,
2026/02/07,兵庫県,大学,関西大学,,神戸国際会議場,兵庫県神戸市中央区港島中町6丁目9-1 神戸国際交流会館,
2026/02/07,兵庫県,大学,関西大学,,神戸サンボーホール,兵庫県神戸市中央区浜辺通5丁目1-32,
2026/02/07,兵庫県,大学,関西学院大学,全日程（一般/個別/英数/共通併用）,関西学院大学 西宮上ケ原キャンパス（本学）,兵庫県西宮市上ケ原一番町1-155,
2026/02/07,兵庫県,大学,兵庫医科大学,医学部2次試験会場,西宮キャンパス（医学部）,兵庫県西宮市武庫川町1-1,
2026/02/07,兵庫県,大学,関西大学,,姫路商工会議所,兵庫県姫路市下寺町43,
2026/02/07,兵庫県,大学,岡山商科大学,一般前期AB・一般公募前期AB,姫路キヤッスルグランヴィリオホテル,兵庫県姫路市三左衛門堀西の町210,
2026/02/07,兵庫県,大学,関西学院大学,全日程（一般/個別/英数/共通併用）,兵庫県立武道館,兵庫県姫路市西延末504番地,
2026/02/07,福岡県,大学,関西大学,,パークサイドビル,北九州市小倉北区堺町1丁目6-13,
2026/02/07,福岡県,大学,崇城大学,一般前期,TKP小倉シティセンター,北九州市小倉北区馬借1丁目3-9 クエスト第二ビル5階,
2026/02/07,和歌山県,大学,高野山大学,一般選抜Ⅰ・Ⅱ・Ⅲ期試験会場,高野山大学 高野山キャンパス,和歌山県伊都郡高野町高野山385,
2026/02/07,和歌山県,大学,関西大学,,和歌山英数学館,和歌山県和歌山市太田2丁目13-12,
2026/02/07,和歌山県,大学,同志社大学,一般選抜入学試験,県民交流プラザ 和歌山ビッグ愛,和歌山市手平2-1-2,
2026/02/07,大阪府,大学,立命館アジア太平洋大学,スタンダード3/英語重視/共テ+英・国/後期,立命館大学（大阪いばらきキャンパス）,茨木市岩倉町2-150,
2026/02/07,大阪府,大学,立命館大学,一般選抜（試験地）,立命館大学（大阪いばらきキャンパス）,茨木市岩倉町2-150,
2026/02/07,愛媛県,大学,広島経済大学,一般(1期),宇和島会場（JAえひめ南）,宇和島市栄町港3-303,
2026/02/07,京都府,高等学校,京都市立京都堀川音楽高等学校,,,京都府京都市中京区押油小路町238-1,
2026/02/07,奈良県,高等学校,天理,,一般,奈良県天理市杣之内町1260,
2026/02/07,奈良県,高等学校,奈良大学附属,,一般,奈良県奈良市秋篠町50,
2026/02/07,沖縄県,大学,福岡看護大学,,沖縄県市町村自治会館,沖縄県那覇市旭町116-37,
2026/02/07,熊本県,大学,東海大学,一般,熊本,熊本県熊本市東区渡鹿9-1-1,
2026/02/07,広島県,大学,東海大学,一般,広島,広島県広島市中区大手町4-7-3,
2026/02/07,広島県,大学,南山大学,個別学力試験,広島,広島市中区八丁堀7-11,
2026/02/07,滋賀県,大学,岐阜聖徳学園大学,一般選抜前期基礎,彦根会場（彦根勤労福祉会館たちばな）,滋賀県彦根市大東町4-28,
2026/02/07,岐阜県,大学,南山大学,個別学力試験,大垣,大垣市加賀野4-1-7,
2026/02/07,大阪府,大学,南山大学,個別学力試験,大阪,大阪市東淀川区東中島1-18-22,
2026/02/07,大阪府,大学,東海大学,一般,大阪,大阪府大阪市東淀川区東中島1-19-4 ルーシッドスクエア新大阪5・6階,
2026/02/07,福岡県,大学,東海大学,一般,福岡,福岡県福岡市博多区吉塚本町9-15,
2026/02/07,福岡県,大学,南山大学,個別学力試験,福岡,福岡市博多区博多駅東2-18-30,
