日付,都道府県,学校種,学校名,試験名,試験地,住所,時間
2026/02/02,大阪府,中学校,昇陽,C日程,本校,大阪府大阪市此花区朝日1-1-9,
2026/02/02,徳島県,大学,徳島文理大学,一般入試会場（詳細要項参照）,阿南市会場 ロイヤルガーデンホテル,徳島県阿南市富岡町あ王谷52-2,
2026/02/02,愛媛県,大学,徳島文理大学,一般入試会場（詳細要項参照）,宇和島市会場　宇和島市生涯学習センター,愛媛県宇和島市鶴島町8番3号,
2026/02/02,愛媛県,大学,広島修道大学,一般選抜前期A/B/C,今治地域地場産業振興センター（じばさんセンター）,愛媛県今治市旭町2-3-5,
2026/02/02,愛媛県,大学,福山平成大学,一般選抜 前期A日程（今治）,今治試験場,愛媛県今治市旭町2-3-5,
2026/02/02,愛媛県,大学,大阪商業大学,一般入試 前期,ANAクラウンプラザホテル松山,愛媛県松山市一番町3-2-1,
2026/02/02,愛媛県,大学,川崎医療福祉大学,推後A・一般前期B,松山会場（ホテルアイスル松山）,愛媛県松山市宮田町391-8,
2026/02/02,愛媛県,大学,関西大学,,えひめ共済会館,愛媛県松山市三番町5丁目13-1,
2026/02/02,愛媛県,大学,広島文教大学,一般前期S/A、総合型・推薦前期,TKP松山市駅前カンファレンスセンター,愛媛県松山市千舟町4-3-7 青野ビル2・4-5階,
2026/02/02,愛媛県,大学,広島国際大学,一般選抜（手続期間長期型）,松山会場（ホテルマイステイズ松山）,愛媛県松山市大手町1-10-10,
2026/02/02,愛媛県,大学,福岡大学,一般選抜（系統別・前期）,松山会場（ホテルマイステイズ松山）,愛媛県松山市大手町1-10-10,
2026/02/02,愛媛県,大学,広島女学院大学,一般A、特待生,愛媛県県民文化会館,愛媛県松山市道後町2-5-1,
2026/02/02,愛媛県,大学,広島工業大学,一般選抜A日程,松山会場（愛媛県県民文化会館）,愛媛県松山市道後町2丁目5-1,
2026/02/02,愛媛県,大学,人間環境大学,特別奨学生・一般入試I〜IV期,松山道後キャンパス,愛媛県松山市道後樋又9-12,
2026/02/02,愛媛県,大学,関西学院大学,全学部日程のみ,リジェール松山（JA愛媛）,愛媛県松山市南堀端町2-3,
2026/02/02,愛媛県,大学,九州産業大学,一般前期（共テ併用含む）,リジェール松山（JA愛媛8F）,愛媛県松山市南堀端町2-3 JA愛媛8F,
2026/02/02,愛媛県,大学,就実大学,一般選抜A・B日程,松山会場（二番町ホール）,愛媛県松山市二番町3丁目8-21,
2026/02/02,愛媛県,大学,徳島文理大学,一般入試会場（詳細要項参照）,松山市会場　愛媛県農業共済組合,愛媛県松山市二番町4丁目4-2,
2026/02/02,愛媛県,大学,九州医療科学大学,一般選抜前期,えぴたホール愛媛（愛媛県PTA会館）,愛媛県松山市歩行町1丁目7-4,
2026/02/02,愛媛県,大学,吉備国際大学,一般前期AⅠ/AⅡ/B/C,松山会場（えぴたホール愛媛（愛媛県PTA会館）内）,愛媛県松山市歩行町1丁目7-4,
2026/02/02,愛媛県,大学,広島修道大学,一般選抜前期A/B/C,松山市総合コミュニティセンター 企画展示ホール,愛媛県松山市湊町7-5,
2026/02/02,岡山県,大学,就実大学,一般選抜A・B日程,本学会場（就実大学キャンパス）,岡山県岡山市中区西川原1-6-1,
2026/02/02,岡山県,大学,兵庫医科大学,薬・看・リハ 前期A/B会場,岡山会場（おかやま西川原プラザ）,岡山県岡山市中区西川原255,
2026/02/02,岡山県,大学,金沢工業大学,一般試験A・B,岡山進研学院,岡山県岡山市北区伊福町2-10-27,
2026/02/02,岡山県,大学,関西大学,,岡山進研学院,岡山県岡山市北区伊福町二丁目10番27号,
2026/02/02,岡山県,大学,広島修道大学,一般選抜前期A/B/C,岡山コンベンションセンター,岡山県岡山市北区駅元町14-1,
2026/02/02,岡山県,大学,関西学院大学,全日程（一般/個別/英数/共通併用）,岡山コンベンションセンター,岡山県岡山市北区駅元町14-1,
2026/02/02,岡山県,大学,芝浦工業大学,一般選抜（前期/全学統一）,岡山会場（サン・ビーチOKAYAMA）,岡山県岡山市北区駅前町2-3-31,
2026/02/02,岡山県,大学,九州医療科学大学,総特待・推A/B・一般前/中,順正学園 岡山駅前キャンパス,岡山県岡山市北区岩田町2-5,
2026/02/02,岡山県,大学,吉備国際大学,一般前期AⅠ/AⅡ/B/C・中期・後期,岡山会場（順正学園駅前キャンパス）,岡山県岡山市北区岩田町2-5,
2026/02/02,岡山県,大学,京都先端科学大学,一般A,岡山シティホテル桑田町,岡山県岡山市北区桑田町3-30,
2026/02/02,岡山県,大学,徳島文理大学,一般入試会場（詳細要項参照）,岡山市会場　岡山シティホテル桑田町別館,岡山県岡山市北区桑田町3-30,
2026/02/02,岡山県,大学,大阪産業大学,一般前期A/B/C,岡山商工会議所,岡山県岡山市北区厚生町3-1-15,
2026/02/02,岡山県,大学,広島工業大学,一般選抜A日程,岡山会場（岡山シティホテル厚生町）,岡山県岡山市北区厚生町3丁目1-20,
2026/02/02,岡山県,大学,岡山医療専門職大学,総合型・学校推薦型・一般選抜,本学キャンパス,岡山県岡山市北区大供3-2-18,
2026/02/02,岡山県,大学,大阪商業大学,一般入試 前期,オルガビル,岡山県岡山市北区奉還町1-7-7,
2026/02/02,岡山県,大学,人間環境大学,特別奨学生・一般I期,岡山会場（岡山国際交流センター）,岡山県岡山市北区奉還町2-2-1,
2026/02/02,岡山県,大学,名古屋商科大学,一般前期A,岡山会場（岡山国際交流センター）,岡山県岡山市北区奉還町2-2-1,
2026/02/02,岡山県,大学,京都光華大学,基礎学力チャレンジ/一般前期A・B,岡山国際交流センター,岡山県岡山市北区奉還町2丁目2番1号,
2026/02/02,岡山県,大学,九州産業大学,一般前期（共テ併用含む）,第一セントラルビル2号館,岡山県岡山市北区本町6-30,
2026/02/02,岡山県,大学,福山大学,一般選抜 前期A/B・後期,第一セントラルビル2号館（岡山）,岡山県岡山市北区本町6-30,
2026/02/02,岡山県,大学,福山平成大学,一般選抜A・B・後期,第一セントラルビル2号館,岡山県岡山市北区本町6-30,
2026/02/02,岡山県,大学,阪南大学,公募・一般前期/後期,第一セントラルビル2号館,岡山県岡山市北区本町6-30,
2026/02/02,岡山県,大学,川崎医療福祉大学,推後A・B/一般前期A・B/一般後期,本学会場（川崎医療福祉大学）,岡山県倉敷市松島288,
2026/02/02,岡山県,大学,就実大学,一般選抜A・B日程,津山会場（美作教育会館）,岡山県津山市大手町5-3,
2026/02/02,岡山県,大学,立命館アジア太平洋大学,スタンダード3/英語重視/共テ+英・国,岡山国際ホテル,岡山市中区門田本町4-1-16,
2026/02/02,岡山県,大学,立命館大学,一般選抜（試験地）,岡山国際ホテル,岡山市中区門田本町4-1-16,
2026/02/02,岡山県,大学,名城大学,一般選抜 地区別会場,ヒカリホールディングス貸会議室,岡山市北区柳町1-4-8,
2026/02/02,沖縄県,大学,専修大学,,沖縄県市町村自治会館,沖縄県那覇市旭町116-37,
2026/02/02,沖縄県,大学,福岡大学,一般選抜（系統別・前期）,那覇会場（自治会館）,沖縄県那覇市旭町116-37 自治会館,
2026/02/02,沖縄県,大学,長崎外国語大学,一般選抜A/スカラシップ,沖縄県青年会館 1F,沖縄県那覇市久米2-15-23,
2026/02/02,沖縄県,大学,中村学園大学,一般選抜A方式・短大一般,沖縄会場,沖縄県那覇市久米2丁目15-23,
2026/02/02,沖縄県,大学,就実大学,一般選抜A・B日程,那覇会場（沖縄県青年会館）,沖縄県那覇市久米2丁目15-23,
2026/02/02,沖縄県,大学,九州産業大学,一般前期（共テ併用含む）,資格の大原 沖縄校,沖縄県那覇市泉崎1-13-3,
2026/02/02,沖縄県,大学,吉備国際大学,一般前期AⅠ/AⅡ/B/C,那覇会場（みんなの貸会議室那覇泉崎店）,沖縄県那覇市泉崎1-13-3 資格の大原沖縄ビル内,
2026/02/02,沖縄県,大学,九州医療科学大学,総I期・総特待・推B・一般前期,みんなの貸会議室 那覇泉崎店,沖縄県那覇市泉崎1-13-3 資格の大原沖縄校ビル内,
2026/02/02,沖縄県,大学,千葉工業大学,A/SA日程サテライト,那覇試験場（沖縄県水産会館）,沖縄県那覇市前島3-25-39,
2026/02/02,沖縄県,大学,宇部フロンティア大学,一般選抜A日程（地方会場）,那覇会場,沖縄県那覇市前島3-25-50,
2026/02/02,沖縄県,大学,広島工業大学,一般選抜A日程,那覇会場（沖縄県水産会館）,沖縄県那覇市前島3丁目25-39,
2026/02/02,沖縄県,大学,金沢工業大学,一般試験A,那覇尚学院（別館）,沖縄県那覇市泊2-16-3,
2026/02/02,沖縄県,大学,徳島文理大学,一般入試会場（詳細要項参照）,那覇市会場,沖縄県那覇市泊2丁目16-3,
2026/02/02,沖縄県,大学,亜細亜大学,全学統一入試 前期,那覇会場（那覇尚学院別館）,沖縄県那覇市泊2丁目16-3,
2026/02/02,沖縄県,大学,芝浦工業大学,一般選抜（前期/全学統一）,沖縄会場（国際電子ビジネス専門学校）,沖縄県那覇市壺川3丁目5-3,
2026/02/02,宮崎県,大学,九州医療科学大学,総I〜III期・スポ特・推A/B・一般前中後,九州医療科学大学（本学）,宮崎県延岡市吉野町1714-1,
2026/02/02,宮崎県,大学,福岡大学,一般選抜（系統別・前期）,宮崎会場（宮崎県婦人会館）,宮崎県宮崎市旭1-3-10 宮崎県婦人会館,
2026/02/02,宮崎県,大学,九州産業大学,一般前期（共テ併用含む）,MRT micc,宮崎県宮崎市橘通西4-6-3,
2026/02/02,宮崎県,大学,中村学園大学,一般選抜A方式・短大一般,宮崎会場,宮崎県宮崎市錦町1-10,
2026/02/02,宮崎県,大学,九州医療科学大学,指定校・総特待・推A/B・一般前中後,九州医療科学大学専門学校,宮崎県宮崎市瀬頭2-1-10,
2026/02/02,宮崎県,大学,吉備国際大学,一般前期AⅠ/AⅡ/B/C・中期,宮崎会場（九州医療科学大学専門学校）,宮崎県宮崎市瀬頭2-1-10,
2026/02/02,宮崎県,大学,九州医療科学大学,一般選抜前期,都城ロイヤルホテル,宮崎県都城市北原町1106-48,
2026/02/02,宮崎県,大学,吉備国際大学,一般前期AⅠ/AⅡ/B/C,都城会場（都城ロイヤルホテル）,宮崎県都城市北原町1106-48,
2026/02/02,京都府,大学,福山大学,一般選抜 前期A日程（京都）,京都経済センター,京都市下京区四条通室町東入函谷鉾町78,
2026/02/02,京都府,大学,立命館アジア太平洋大学,スタンダード3/英語重視/共テ+英・国/後期,立命館大学（衣笠キャンパス）,京都市北区等持院北町56-1,
2026/02/02,京都府,大学,立命館大学,一般選抜（試験地）,立命館大学（衣笠キャンパス）,京都市北区等持院北町56-1,
2026/02/02,京都府,大学,京都先端科学大学,公募推薦A・B、一般A・B・C,京都太秦キャンパス,京都府京都市右京区山ノ内五反田町18,
2026/02/02,京都府,大学,京都光華大学,本学試験場,京都光華大学（本学キャンパス）,京都府京都市右京区西京極葛野町38,
2026/02/02,京都府,大学,関西学院大学,全日程（一般/個別/英数/共通併用）,TKPガーデンシティ京都タワーホテル,京都府京都市下京区烏丸通七条下ル東塩小路町721-1 6F・9F,
2026/02/02,京都府,大学,福山平成大学,一般選抜 前期A日程,京都経済センター,京都府京都市下京区四条通室町東入函谷鉾町78,
2026/02/02,京都府,大学,関西大学,,京都リサーチパーク,京都府京都市下京区中堂寺南町134,
2026/02/02,京都府,大学,徳島文理大学,一般入試会場（詳細要項参照）,京都市会場　学校法人ＹＩＣ学院 YIC京都,京都府京都市下京区油小路通塩小路下る西油小路町27番地,
2026/02/02,京都府,大学,大阪産業大学,一般前期A/B/C・中期・後期,長浜バイオ大学 京都CAMPUS河原町学舎,京都府京都市上京区河原町通広小路上ル,
2026/02/02,京都府,大学,関西大学,,京都府民総合交流プラザ,京都府京都市南区東九条下殿田町70,
2026/02/02,京都府,大学,金沢工業大学,一般試験A,京都JAビル,京都府京都市南区東九条西山王町1,
2026/02/02,熊本県,高等学校,熊本県立高森高等学校,,特色,熊本県阿蘇郡高森町高森1557,
2026/02/02,熊本県,高等学校,熊本県立小国高等学校,,特色,熊本県阿蘇郡小国町宮原1887-1,
2026/02/02,熊本県,高等学校,熊本県立阿蘇中央高等学校,,特色,熊本県阿蘇市一の宮町宮地2460,
2026/02/02,熊本県,高等学校,熊本県立芦北高等学校,,特色,熊本県葦北郡芦北町乙千屋20-2,
2026/02/02,熊本県,高等学校,熊本県立小川工業高等学校,,特色,熊本県宇城市小川町北新田770,
2026/02/02,熊本県,高等学校,熊本県立松橋高等学校,,特色,熊本県宇城市松橋町久具300,
2026/02/02,熊本県,高等学校,熊本県立宇土高等学校,,特色,熊本県宇土市古城町63,
2026/02/02,熊本県,高等学校,熊本県立翔陽高等学校,,特色,熊本県菊池郡大津町室1782,
2026/02/02,熊本県,高等学校,熊本県立大津高等学校,,特色,熊本県菊池郡大津町大津1340,
2026/02/02,熊本県,高等学校,熊本県立菊池高等学校,,特色,熊本県菊池市隈府1332-1,
2026/02/02,熊本県,高等学校,熊本県立菊池農業高等学校,,特色,熊本県菊池市泗水町吉富250,
2026/02/02,熊本県,高等学校,熊本県立南稜高等学校,,特色,熊本県球磨郡あさぎり町上北310,
2026/02/02,熊本県,高等学校,熊本県立球磨中央高等学校,,特色,熊本県球磨郡錦町西192,
2026/02/02,熊本県,高等学校,熊本県立玉名工業高等学校,,特色,熊本県玉名市岱明町下前原368,
2026/02/02,熊本県,高等学校,熊本県立玉名高等学校,,特色,熊本県玉名市中1853,
2026/02/02,熊本県,高等学校,熊本県立北稜高等学校,,特色,熊本県玉名市立願寺247,
2026/02/02,熊本県,大学,福岡大学,一般選抜（系統別・前期）,熊本会場（北九州予備校熊本校）,熊本県熊本市西区春日2-3-26 北九州予備校熊本校,
2026/02/02,熊本県,大学,関西学院大学,全学部日程のみ,北九州予備校 熊本校,熊本県熊本市西区春日2丁目3-26,
2026/02/02,熊本県,高等学校,熊本県立熊本西高等学校,,特色,熊本県熊本市西区城山大塘5-5-15,
2026/02/02,熊本県,高等学校,熊本市立千原台高等学校,,特色,熊本県熊本市西区島崎2-37-1,
2026/02/02,熊本県,大学,吉備国際大学,一般前期AⅠ/AⅡ/B/C,熊本会場（TKPカンファレンスセンター）,熊本県熊本市中央区花畑町4-7,
2026/02/02,熊本県,大学,長崎外国語大学,一般選抜A/スカラシップ,朝日新聞第一生命ビル 9F（TKP熊本カンファレンスセンター）,熊本県熊本市中央区花畑町4-7,
2026/02/02,熊本県,大学,福山平成大学,一般選抜 前期A日程,TKP熊本カンファレンスセンター,熊本県熊本市中央区花畑町4-7 朝日新聞第一生命ビル9F,
2026/02/02,熊本県,大学,九州医療科学大学,総特待・推A/B・一般前/後,TKP熊本カンファレンスセンター,熊本県熊本市中央区花畑町4-7 朝日第一生命ビル9階,
2026/02/02,熊本県,大学,広島文教大学,一般前期A日程,熊本県教育会館,熊本県熊本市中央区九品寺1-11-4,
2026/02/02,熊本県,高等学校,熊本県立第一高等学校,,特色,熊本県熊本市中央区古城町3-1,
2026/02/02,熊本県,高等学校,熊本県立済々黌高等学校,,特色,熊本県熊本市中央区黒髪2-22-1,
2026/02/02,熊本県,大学,九州産業大学,一般前期（共テ併用含む）,くまもと県民交流館パレア,熊本県熊本市中央区手取本町8-9,
2026/02/02,熊本県,高等学校,熊本県立湧心館高等学校,,特色,熊本県熊本市中央区出水4-1-2,
2026/02/02,熊本県,高等学校,熊本県立熊本工業高等学校,,特色,熊本県熊本市中央区上京塚町5-1,
2026/02/02,熊本県,高等学校,熊本県立熊本高等学校,,特色,熊本県熊本市中央区新大江1-8,
2026/02/02,熊本県,高等学校,熊本県立熊本商業高等学校,,特色,熊本県熊本市中央区神水1-1-2,
2026/02/02,熊本県,大学,中村学園大学,一般選抜A方式・短大一般,熊本会場,熊本県熊本市中央区辛島町4-39 ネストホテル熊本 2階,
2026/02/02,熊本県,大学,九州看護福祉大学,一般選抜 前期B日程,KKRホテル熊本,熊本県熊本市中央区千葉城町3-31,
2026/02/02,熊本県,高等学校,熊本市立必由館高等学校,,特色,熊本県熊本市中央区坪井4-15-1,
2026/02/02,熊本県,高等学校,熊本県立東稜高等学校,,特色,熊本県熊本市東区小峯4丁目5-10,
2026/02/02,熊本県,高等学校,熊本県立第二高等学校,,特色,熊本県熊本市東区東町3-13-1,
2026/02/02,熊本県,高等学校,熊本県立熊本農業高等学校,,特色,熊本県熊本市南区元三町5丁目1番1号,
2026/02/02,熊本県,高等学校,熊本県立熊本北高等学校,,特色,熊本県熊本市北区兎谷3-5-1,
2026/02/02,熊本県,高等学校,熊本県立岱志高等学校,,特色,熊本県荒尾市荒尾2620-1,
2026/02/02,熊本県,高等学校,熊本県立鹿本高等学校,,特色,熊本県山鹿市鹿校通3-5-1,
2026/02/02,熊本県,高等学校,熊本県立鹿本商工高等学校,,特色,熊本県山鹿市鹿本町御宇田312番地,
2026/02/02,熊本県,高等学校,熊本県立鹿本農業高等学校,,特色,熊本県山鹿市鹿本町来民2055,
2026/02/02,熊本県,高等学校,熊本県立御船高等学校,,特色,熊本県上益城郡御船町木倉1253,
2026/02/02,熊本県,高等学校,熊本県立甲佐高等学校,,特色,熊本県上益城郡甲佐町横田327,
2026/02/02,熊本県,高等学校,熊本県立矢部高等学校,,特色,熊本県上益城郡山都町城平954,
2026/02/02,熊本県,高等学校,熊本県立上天草高等学校,,特色,熊本県上天草市大矢野町中5424,
2026/02/02,熊本県,高等学校,熊本県立球磨工業高等学校,,特色,熊本県人吉市城本町800,
2026/02/02,熊本県,高等学校,熊本県立人吉高等学校,,特色,熊本県人吉市北泉田町350,
2026/02/02,熊本県,高等学校,熊本県立水俣高等学校,,特色,熊本県水俣市洗切町11-1,
2026/02/02,熊本県,高等学校,熊本県立天草工業高等学校,,特色,熊本県天草市亀場町亀川38-36,
2026/02/02,熊本県,高等学校,熊本県立牛深高等学校,,特色,熊本県天草市久玉町1216-5,
2026/02/02,熊本県,高等学校,熊本県立天草拓心高等学校,,特色,熊本県天草市本渡町本戸馬場495,
2026/02/02,熊本県,高等学校,熊本県立天草高等学校,,特色,熊本県天草市本渡町本渡557,
2026/02/02,熊本県,高等学校,熊本県立八代高等学校,,特色,熊本県八代市永碇町856,
2026/02/02,熊本県,高等学校,熊本県立八代農業高等学校,,特色,熊本県八代市鏡町鏡村129,
2026/02/02,熊本県,高等学校,熊本県立八代工業高等学校,,特色,熊本県八代市大福寺町473,
2026/02/02,熊本県,高等学校,熊本県立八代東高等学校,,特色,熊本県八代市鷹辻町4-2,
2026/02/02,熊本県,高等学校,熊本県立八代清流高等学校,,特色,熊本県八代市渡町松上1576,
2026/02/02,熊本県,大学,福山大学,一般選抜 前期A日程（熊本）,TKP熊本カンファレンスセンター,熊本市中央区花畑町4-7,
2026/02/02,熊本県,大学,立命館アジア太平洋大学,スタンダード3,熊本城ホール,熊本市中央区桜町3-40,
2026/02/02,熊本県,大学,立命館大学,一般選抜（試験地）,熊本城ホール,熊本市中央区桜町3-40,
2026/02/02,広島県,大学,関西大学,,TKPガーデンシティPREMIUM広島駅,広島県 広島市南区大須賀町13-9 ベルビュオフィス広島,
2026/02/02,広島県,大学,広島国際大学,一般選抜（手続期間長期型）,本学（呉キャンパス）,広島県呉市広古新開5-1-1,
2026/02/02,広島県,大学,広島修道大学,一般選抜前期A/B/C・後期,広島修道大学（本学）,広島県広島市安佐南区大塚東1-1-1,
2026/02/02,広島県,大学,広島文教大学,一般S/A/B・後期、総合型・推薦等,広島会場（本学）,広島県広島市安佐北区可部東1-2-1,
2026/02/02,広島県,大学,広島工業大学,一般選抜A・B・C日程,五日市キャンパス（本学会場）,広島県広島市佐伯区三宅2-1-1,
2026/02/02,広島県,大学,東京理科大学,一般選抜B・S方式,広島試験場（広島工業大学専門学校）,広島県広島市西区福島町2-1-1,
2026/02/02,広島県,大学,福岡大学,一般選抜（系統別・前期）,広島会場（広島工業大学専門学校）,広島県広島市西区福島町2-1-1 広島工業大学専門学校,
2026/02/02,広島県,大学,関西学院大学,全日程（一般/個別/英数/共通併用）,広島県立総合体育館 武道場,広島県広島市中区基町4-1,
2026/02/02,広島県,大学,金沢工業大学,一般試験A,RCC文化センター,広島県広島市中区橋本町5-11,
2026/02/02,広島県,大学,徳島文理大学,一般入試会場（詳細要項参照）,広島市会場　RCC文化センター,広島県広島市中区橋本町5-11,
2026/02/02,広島県,大学,吉備国際大学,一般前期AⅠ/AⅡ/B/C・中期,広島会場（TKP広島本通駅前カンファレンスセンター）,広島県広島市中区紙屋町2丁目2-12,
2026/02/02,広島県,大学,九州医療科学大学,総特待・推A/B・一般前/中,TKP広島本通駅前 カンファレンスセンター,広島県広島市中区紙屋町2丁目2-12 信和広島ビル,
2026/02/02,広島県,大学,九州産業大学,一般前期（共テ併用含む）,広島国際会議場,広島県広島市中区中島町1-5,
2026/02/02,広島県,大学,専修大学,,広島国際会議場,広島県広島市中区中島町1-5,
2026/02/02,広島県,大学,亜細亜大学,全学統一入試 前期,広島会場（広島YMCA3号館）,広島県広島市中区八丁堀7-11,
2026/02/02,広島県,大学,京都先端科学大学,公募推薦A、一般A,広島YMCA国際文化センター,広島県広島市中区八丁堀7-11,
2026/02/02,広島県,大学,就実大学,一般選抜A・B日程,広島会場（広島YMCA国債文化センター）,広島県広島市中区八丁堀7-11,
2026/02/02,広島県,大学,福山平成大学,一般選抜A・B・後期,広島YMCA国際文化センター,広島県広島市中区八丁堀7-11,
2026/02/02,広島県,大学,大阪産業大学,一般前期A/B/C,カンファレンス21,広島県広島市中区幟町14-11 ウイング八丁堀ビル4F,
2026/02/02,広島県,大学,東京都市大学,一般選抜 前期・中期,広島会場（チサンホテル広島）,広島県広島市中区幟町14-7,
2026/02/02,広島県,大学,広島女学院大学,一般A/B/C・後期・特待・推薦・留学生,本学（広島女学院大学）,広島県広島市東区牛田東4-13-1,
2026/02/02,広島県,大学,広島都市学園大学,一般前期A/B/C・D、後期、総合・推薦,宇品キャンパス,広島県広島市南区宇品西5丁目13-18,
2026/02/02,広島県,大学,広島修道大学,一般選抜前期A/B/C（人数制限有）,三原シティホテル,広島県三原市城町2-2-2,
2026/02/02,広島県,大学,広島修道大学,一般選抜前期A/B/C,三次市民ホール きりり,広島県三次市三次町111-1,
2026/02/02,広島県,大学,福山大学,一般選抜 前期A/B・後期,本学キャンパス,広島県福山市学園町1番地三蔵,
2026/02/02,広島県,大学,福山平成大学,一般選抜A・B・後期,福山（社会連携推進センター）,広島県福山市丸之内1丁目2-40,
2026/02/02,広島県,大学,福山大学,一般選抜 前期A/B・後期,社会連携推進センター（福山）,広島県福山市丸之内1丁目2番40号,
2026/02/02,広島県,大学,福山平成大学,一般選抜A・B・後期,福山平成大学（本学キャンパス）,広島県福山市御幸町上岩成正戸117-1,
2026/02/02,広島県,大学,広島修道大学,一般選抜前期A/B/C,広島県立ふくやま産業交流館（ビッグ・ローズ）,広島県福山市御幸町上岩成正戸476-5,
2026/02/02,広島県,大学,広島国際大学,一般選抜（手続期間長期型）,福山会場（福山商工会議所）,広島県福山市西町2-10-1,
2026/02/02,広島県,大学,広島文教大学,一般前期S/A、総合型・推薦前期,福山商工会議所,広島県福山市西町2-10-1,
2026/02/02,広島県,大学,広島女学院大学,一般A・B、特待生,広島県民文化センターふくやま,広島県福山市東桜町1-21,
2026/02/02,広島県,大学,広島工業大学,一般選抜A日程,福山会場（備後地域地場産業振興センター）,広島県福山市東深津町3-2-13,
2026/02/02,広島県,大学,中部大学,前期A/B・共通テ+,RCC文化センター,広島市中区橋本町5-11,
2026/02/02,広島県,大学,名城大学,一般選抜 地区別会場,RCC文化センター,広島市中区橋本町5-11,
2026/02/02,広島県,大学,福山大学,一般選抜 前期A/B・後期,広島会場（広島YMCA国際文化センター）,広島市中区八丁堀7-11,
2026/02/02,広島県,大学,立命館アジア太平洋大学,スタンダード3/英語重視/共テ+英・国/後期,TKPガーデンシティ 広島駅前大橋,広島市南区京橋町1-7 アスティ広島京橋ビルディング,
2026/02/02,広島県,大学,立命館大学,一般選抜（試験地）,TKP ガーデンシティ 広島駅前大橋,広島市南区京橋町1-7 アスティ広島京橋ビルディング,
2026/02/02,広島県,大学,宇部フロンティア大学,一般選抜A日程（地方会場）,広島会場,広島市南区金屋町4-15,
2026/02/02,福岡県,大学,九州産業大学,一般前期（共テ併用含む）,行橋商工会議所,行橋市中央1-9-50,
2026/02/02,香川県,大学,兵庫医科大学,薬・看・リハ 前期A/B会場,高松会場（サンポートホール高松）,香川県高松市サンポート2-1,
2026/02/02,香川県,大学,広島修道大学,一般選抜前期A/B/C,サンポートホール高松,香川県高松市サンポート2-1,
2026/02/02,香川県,大学,関西学院大学,全日程（一般/個別/英数/共通併用）,村上学園高等学校 高松校,香川県高松市観光町545-3,
2026/02/02,香川県,大学,関西大学,,高松高等予備校,香川県高松市観光町547-1,
2026/02/02,香川県,大学,大阪産業大学,一般前期A/B/C,高松シティホテル,香川県高松市亀井町8-13,
2026/02/02,香川県,大学,京都先端科学大学,公募推薦A・B、一般A(2/1-2)・B・C,高松センタービル,香川県高松市寿町2-4-20,
2026/02/02,香川県,大学,大阪商業大学,公募前期・一般前期,高松センタービル,香川県高松市寿町2-4-20,
2026/02/02,香川県,大学,広島工業大学,一般選抜A日程,高松会場（高松センタービル）,香川県高松市寿町2-4-20,
2026/02/02,香川県,大学,金沢工業大学,一般試験A,高松センタービル,香川県高松市寿町2-4-20,
2026/02/02,香川県,大学,福岡大学,一般選抜（系統別・前期）,高松会場（サン・イレブン高松）,香川県高松市松福町2-15-24,
2026/02/02,香川県,大学,就実大学,一般選抜A・B日程,高松会場（香川県社会福祉総合センター）,香川県高松市番町1丁目10番35号,
2026/02/02,香川県,大学,福山平成大学,一般選抜 前期A日程,高松商工会議所,香川県高松市番町2-2-2,
2026/02/02,香川県,大学,吉備国際大学,一般前期AⅠ/AⅡ/B/C・中期・後期,高松会場（TKP高松カンファレンスセンター）,香川県高松市浜ノ町1-20,
2026/02/02,香川県,大学,九州医療科学大学,総特待・推A/B・一般前/中,TKP高松カンファレンスセンター,香川県高松市浜ノ町1-20 TAKAMATSU ORNE 南館3階,
2026/02/02,香川県,大学,徳島文理大学,一般入試I期A/B・II・III,高松駅キャンパス,香川県高松市浜ノ町8-53,
2026/02/02,香川県,大学,川崎医療福祉大学,推後A・一般前期B,高松会場（ホテルマリンパレスさぬき）,香川県高松市福岡町2-3-4,
2026/02/02,香川県,大学,阪南大学,一般前期,サンメッセ香川,香川県高松市林町2217-1,
2026/02/02,香川県,大学,名城大学,一般選抜 地区別会場,サンポートホール高松,高松市サンポート2-1,
2026/02/02,香川県,大学,中部大学,前期A/B・共通テ+,高松商工会議所,高松市番町2-2-2,
2026/02/02,香川県,大学,福山大学,一般選抜 前期A日程（高松）,高松商工会議所,高松市番町2-2-2,
2026/02/02,香川県,大学,立命館アジア太平洋大学,スタンダード3/英語重視/共テ+英・国/後期,ホテルパールガーデン,高松市福岡町2-2-1,
2026/02/02,香川県,大学,立命館大学,一般選抜（試験地）,ホテルパールガーデン,高松市福岡町2-2-1,
2026/02/02,高知県,大学,関西学院大学,全学部日程のみ,土佐塾予備校 本館,高知県高知市はりまや町3-7-8,
2026/02/02,高知県,大学,人間環境大学,特別奨学生・一般I期,高知会場（高知県立県民文化ホール）,高知県高知市本町4-3-30,
2026/02/02,高知県,大学,川崎医療福祉大学,推後A・一般前期B,高知会場（高知共済会館 COMMUNITY SQUARE）,高知県高知市本町5-3-20,
2026/02/02,高知県,大学,就実大学,一般選抜A・B日程,高知会場（高知会館）,高知県高知市本町5-6-42,
2026/02/02,高知県,大学,徳島文理大学,一般入試会場（詳細要項参照）,高知市会場,高知市はりまや町3-7-8,
2026/02/02,愛媛県,大学,福山大学,一般選抜 前期A日程（今治）,今治地域地場産業振興センター,今治市旭町2丁目3番5,
2026/02/02,佐賀県,大学,九州看護福祉大学,一般選抜 前期B日程,佐賀県教育会館,佐賀県佐賀市高木瀬町東高木227-1,
2026/02/02,佐賀県,大学,九州産業大学,一般前期（共テ併用含む）,九州国際情報ビジネス専門学校,佐賀県佐賀市神野東1-9-32,
2026/02/02,佐賀県,大学,武雄アジア大学,一般選抜 前期/中期/後期,佐賀試験場,佐賀県佐賀市本庄町大字本庄1313,
2026/02/02,長崎県,大学,九州産業大学,一般前期（佐世保会場）,佐世保市交通会館,佐世保市栄町7-12,
2026/02/02,山口県,大学,九州産業大学,一般前期（共テ併用含む）,海峡メッセ下関,山口県下関市豊前田町3-3-1,
2026/02/02,山口県,大学,広島工業大学,一般選抜A日程,山口会場（山口グランドホテル）,山口県山口市小郡黄金町1-1,
2026/02/02,山口県,大学,福山平成大学,一般選抜 前期A日程,山口グランドホテル,山口県山口市小郡黄金町1-1,
2026/02/02,山口県,大学,関西学院大学,全学部日程のみ,北九州予備校 山口校,山口県山口市小郡御幸町1-39,
2026/02/02,山口県,大学,広島修道大学,一般選抜前期A/B/C,KDDI維新ホール,山口県山口市小郡令和1-1-1,
2026/02/02,山口県,大学,広島国際大学,一般選抜（手続期間長期型）,山口会場（国際ホテル山口）,山口県山口市中河原町1-1,
2026/02/02,山口県,大学,福岡大学,一般選抜（系統別・前期）,山口会場（中市コミュニティーホールNac）,山口県山口市中市町3-13 中市コミュニティーホールNac,
2026/02/02,山口県,大学,広島修道大学,一般選抜前期A/B/C,周南地域地場産業振興センター,山口県周南市鼓海2-118-24,
2026/02/02,山口県,大学,広島文教大学,一般前期A、総合型・推薦前期,ホテルサンルート徳山,山口県周南市築港町8-33,
2026/02/02,山口県,大学,広島女学院大学,一般A、特待生,周南市文化会館,山口県周南市徳山5854-41,
2026/02/02,山口県,大学,就実大学,一般選抜A・B日程,防府会場（ルルサス防府）,山口県防府市栄町一丁目5番1号,
2026/02/02,山口県,大学,福山大学,一般選抜 前期A日程,山口会場（山口グランドホテル）,山口市小郡黄金町1番1号,
2026/02/02,山口県,大学,立命館アジア太平洋大学,スタンダード3,KDDI維新ホール,山口市小郡令和1-1-1,
2026/02/02,山口県,大学,立命館大学,一般選抜（試験地）,KDDI維新ホール,山口市小郡令和1-1-1,
2026/02/02,山口県,大学,九州産業大学,一般前期（共テ併用含む）,山口県教育会館,山口市大手町2-18,
2026/02/02,滋賀県,高等学校,近江兄弟社,,本校,滋賀県近江八幡市市井町177,
2026/02/02,滋賀県,高等学校,立命館守山,,本校,滋賀県守山市三宅町250,
2026/02/02,滋賀県,高等学校,綾羽,,本校,滋賀県草津市西渋川一丁目18番1号,
2026/02/02,滋賀県,大学,大阪産業大学,一般前期C,ホテルボストンプラザ草津,滋賀県草津市西大路町1-27,
2026/02/02,滋賀県,高等学校,光泉カトリック,,本校,滋賀県草津市野路町178番地,
2026/02/02,滋賀県,高等学校,幸福の科学学園関西,,本校,滋賀県大津市仰木の里東二丁目16番1号,
2026/02/02,滋賀県,高等学校,比叡山,,本校,滋賀県大津市坂本4丁目3-1,
2026/02/02,滋賀県,高等学校,滋賀短大附属,,本校,滋賀県大津市朝日が丘1-18-1,
2026/02/02,滋賀県,高等学校,滋賀学園,,本校,滋賀県東近江市建部北町520-1,
2026/02/02,滋賀県,高等学校,彦根総合,,本校,滋賀県彦根市芹川町328番地,
2026/02/02,滋賀県,高等学校,近江,,本校,滋賀県彦根市松原町大黒前3511-1,
2026/02/02,鹿児島県,大学,九州医療科学大学,一般選抜前期,鹿屋商工会議所,鹿児島県鹿屋市新川町600,
2026/02/02,鹿児島県,大学,吉備国際大学,一般前期AⅠ/AⅡ/B/C,鹿屋会場（鹿屋商工会議所）,鹿児島県鹿屋市新川町600番地,
2026/02/02,鹿児島県,大学,九州産業大学,一般前期（共テ併用含む）,鹿児島高等予備校,鹿児島県鹿児島市高麗町15-10,
2026/02/02,鹿児島県,大学,九州看護福祉大学,一般選抜 前期B日程,ホテルリブマックスBUDGET鹿児島,鹿児島県鹿児島市小川町15-1,
2026/02/02,鹿児島県,大学,関西学院大学,全学部日程のみ,北九州予備校 鹿児島校,鹿児島県鹿児島市西田1-7-3,
2026/02/02,鹿児島県,大学,福岡大学,一般選抜（系統別・前期）,鹿児島会場（北九州予備校鹿児島校）,鹿児島県鹿児島市西田1-7-3 北九州予備校鹿児島校,
2026/02/02,鹿児島県,大学,吉備国際大学,一般前期AⅠ/AⅡ/B/C・中期,鹿児島会場（TKPガーデンシティ鹿児島中央）,鹿児島県鹿児島市中央町26-1,
2026/02/02,鹿児島県,大学,九州医療科学大学,総特待・推A/B・一般前中後,TKPガーデンシティ鹿児島中央,鹿児島県鹿児島市中央町26-1 南国アネックス2・3階,
2026/02/02,鹿児島県,大学,長崎外国語大学,一般選抜A/スカラシップ,天文館ビジョンホール 4F,鹿児島県鹿児島市東千石町13-3,
2026/02/02,鹿児島県,大学,広島工業大学,一般選抜A日程,鹿児島会場（天文館ビジョンホール）,鹿児島県鹿児島市東千石町13-3,
2026/02/02,鹿児島県,大学,中村学園大学,一般選抜A方式・短大一般,鹿児島会場,鹿児島県鹿児島市東千石町2-30,
2026/02/02,鹿児島県,大学,立命館アジア太平洋大学,スタンダード3,SHIROYAMA HOTEL kagoshima,鹿児島市新照院町41-1,
2026/02/02,鹿児島県,大学,立命館大学,一般選抜（試験地）,SHIROYAMA HOTEL kagoshima,鹿児島市新照院町41番1号,
2026/02/02,島根県,大学,福山大学,一般選抜 前期A日程（松江）,松江労働会館,松江市御手船場町557-7,
2026/02/02,島根県,大学,立命館アジア太平洋大学,スタンダード3,松江市市民活動センター（STIC）,松江市白潟本町43 STIC,
2026/02/02,島根県,大学,立命館大学,一般選抜（試験地）,松江市市民活動センター（STIC）,松江市白潟本町43 STIC,
2026/02/02,愛媛県,大学,立命館アジア太平洋大学,スタンダード3,松山市総合コミュニティセンター,松山市湊町7-5,
2026/02/02,愛媛県,大学,立命館大学,一般選抜（試験地）,松山市総合コミュニティセンター,松山市湊町7-5,
2026/02/02,兵庫県,大学,立命館アジア太平洋大学,スタンダード3,神戸国際展示場,神戸市中央区港島中町6-11-1,
2026/02/02,兵庫県,大学,立命館大学,一般選抜（試験地）,神戸国際展示場,神戸市中央区港島中町6-11-1,
2026/02/02,兵庫県,大学,徳島文理大学,一般入試会場（詳細要項参照）,神戸市会場　スペースアルファ三宮,神戸市中央区三宮町1-9-1,
2026/02/02,滋賀県,大学,立命館アジア太平洋大学,スタンダード3/英語重視/共テ+英・国/後期,立命館大学（びわこ・くさつキャンパス）,草津市野路東1-1-1,
2026/02/02,滋賀県,大学,立命館大学,一般選抜（試験地）,立命館大学（びわこ・くさつキャンパス）,草津市野路東1-1-1,
2026/02/02,大阪府,大学,立命館アジア太平洋大学,スタンダード3/英語重視/共テ+英・国/後期,アートホテル大阪ベイタワー,大阪市港区弁天1-2-1,
2026/02/02,大阪府,大学,立命館大学,一般選抜（試験地）,アートホテル大阪ベイタワー,大阪市港区弁天1-2-1,
2026/02/02,大阪府,大学,立命館アジア太平洋大学,スタンダード3/英語重視,TKPガーデンシティPREMIUM 心斎橋,大阪市中央区南船場4-3-2 ゼント心斎橋ビル,
2026/02/02,大阪府,大学,立命館大学,一般選抜（試験地）,TKPガーデンシティPREMIUM心斎橋,大阪市中央区南船場4-3-2 ゼント心斎橋ビル 3 ～ 4階（事務所：4階）,
2026/02/02,大阪府,大学,名城大学,一般選抜 地区別会場,CIVI北梅田研修センター,大阪市北区芝田2-7-19,
2026/02/02,大阪府,大学,徳島文理大学,一般入試会場（詳細要項参照）,大阪市会場　リファレンス大阪駅前第四ビル,大阪市北区梅田1丁目11-4,
2026/02/02,大阪府,大学,玉川大学,全学統一等（2/2-2/3のみ）,大阪会場（アットビジネスセンター）,大阪市淀川区西中島5-14-10,
2026/02/02,大阪府,大学,中部大学,前期A/B・共通テ+,大阪公立大学I-siteなんば,大阪市浪速区敷津東2-1-41 南海なんば第1ビル2F,
2026/02/02,大阪府,大学,大阪医科薬科大学,看護:推・一般・共テ2次,本部北キャンパス,大阪府高槻市大学町2-7,
2026/02/02,大阪府,大学,阪南大学,公募/一般/帰国/社会人/留学生,本学キャンパス,大阪府松原市天美東5-4-33,
2026/02/02,大阪府,大学,関西大学,一般選抜（全学1・独自・全学2）,関西大学 千里山キャンパス,大阪府吹田市山手町3-3-35,
2026/02/02,大阪府,大学,関西学院大学,大阪南の一部日程（個別/英数等）,TKP心斎橋駅前カンファレンスセンター,大阪府大阪市中央区南船場3-11-18 郵政福祉心斎橋ビル3F・11F,
2026/02/02,大阪府,大学,兵庫医科大学,薬・看・リハ 前期A/B会場,大阪会場（ハートンホール 日本生命御堂筋ビル）,大阪府大阪市中央区南船場4-2-4 日本生命御堂筋ビル12F,
2026/02/02,大阪府,大学,國學院大学,一般選抜A日程（地方会場）,大阪会場（ハートンホール日本生命御堂筋ビル12F）,大阪府大阪市中央区南船場4-2-4 日本生命御堂筋ビル12F,
2026/02/02,大阪府,大学,関西学院大学,全日程（大阪南・一般/個別等）,難波御堂筋ホール,大阪府大阪市中央区難波4-2-1,
2026/02/02,大阪府,大学,関西学院大学,全日程（大阪北・一般/個別等）,TKPガーデンシティ大阪リバーサイドホテル,大阪府大阪市都島区中野町5-12-30,
2026/02/02,大阪府,大学,吉備国際大学,一般前期AⅠ/AⅡ/B/C・中期・後期,大阪会場（新大阪丸ビル新館会議室）,大阪府大阪市東淀川区東中島1-18--27,
2026/02/02,大阪府,大学,就実大学,一般選抜A・B日程,大阪会場（KITENA新大阪）,大阪府大阪市東淀川区東中島1-18-5,
2026/02/02,大阪府,大学,東海大学,医学部一般選抜1次,CIVI研修センター新大阪東,大阪府大阪市東淀川区東中島1-19-4 LUCID SQUARE SHIN-OSAKA 3･5･6･7階,
2026/02/02,大阪府,大学,九州医療科学大学,総特待・推A/B・一般前/中,新大阪丸ビル新館会議室,大阪府大阪市東淀川区東中島1-8-27,
2026/02/02,大阪府,大学,広島工業大学,一般選抜A日程,大阪会場（CIVI研修センター新大阪東）,大阪府大阪市東淀川区東中島1丁目19-4,
2026/02/02,大阪府,大学,北陸大学,一般選抜A日程,TKPガーデンシティ大阪梅田（TKPゲートタワービル）,大阪府大阪市福島区福島5-4-21 TKPゲートタワービル,
2026/02/02,大阪府,大学,千葉工業大学,A/SA・B/SB日程サテライト,大阪試験場（新梅田研修センター）,大阪府大阪市福島区福島6-22-20,
2026/02/02,大阪府,大学,専修大学,,新梅田研修センター,大阪府大阪市福島区福島6-22-20,
2026/02/02,大阪府,大学,金沢工業大学,一般A・B/総合選抜,新梅田研修センター,大阪府大阪市福島区福島6-22-20,
2026/02/02,大阪府,大学,亜細亜大学,全学統一入試 前期,大阪会場（天満研修センター）,大阪府大阪市北区錦町2-21,
2026/02/02,大阪府,大学,阪南大学,公募・一般前期,梅田センタービル,大阪府大阪市北区中崎西2-4-12,
2026/02/02,大阪府,大学,日本体育大学,一般選抜A・B日程,大阪会場（AP大阪梅田東 日本生命梅田ビル）,大阪府大阪市北区堂山町3-3 日本生命梅田ビル AP大阪梅田東,
2026/02/02,大阪府,大学,東京都市大学,一般選抜 前期のみ,大阪会場（イオンコンパス大阪駅前会議室）,大阪府大阪市北区梅田1-2-2 大阪駅前第2ビル15階,
2026/02/02,大阪府,大学,京都先端科学大学,公募推薦A・B、一般A・B・C,イオンコンパス大阪駅前会議室,大阪府大阪市北区梅田1丁目2-2 大阪駅前第2ビル15階,
2026/02/02,大阪府,大学,松本歯科大学,一般選抜Ⅰ期・Ⅱ期・Ⅲ期,ブリーゼプラザ,大阪府大阪市北区梅田2-4-9 ブリーゼタワー 8階,
2026/02/02,大阪府,大学,関西学院大学,全学部日程のみ（大阪北）,ハービスホール,大阪府大阪市北区梅田2-5-25 ハービスOSAKA B2F,
2026/02/02,大阪府,大学,東京理科大学,一般選抜B・S方式,大阪試験場（河合塾大阪北キャンパス 大阪校）,大阪府大阪市北区豊崎3-13-1,
2026/02/02,大阪府,大学,福岡大学,一般選抜（系統別・前期）,大阪会場（TKP 新大阪カンファレンスセンター）,大阪府大阪市淀川区宮原4-3-39,
2026/02/02,大阪府,大学,東京歯科大学,一般I・共通テストIの大阪会場,TKP新大阪ビジネスセンター（大阪会場）,大阪府大阪市淀川区西中島5-13-9 新大阪MTビル1号館4階,
2026/02/02,大阪府,大学,大阪産業大学,一般前期A/B/C・中期・後期,本学キャンパス,大阪府大東市中垣内3-1-1,
2026/02/02,大阪府,大学,大阪商業大学,公募前期/後期・一般前期/後期,大阪商業大学,大阪府東大阪市御厨栄町4-1-10,
2026/02/02,大分県,大学,関西学院大学,全学部日程のみ,北九州予備校 大分校,大分県大分市金池町2-7-17,
2026/02/02,大分県,大学,福岡大学,一般選抜（系統別・前期）,大分会場（北九州予備校大分校）,大分県大分市金池町2-7-17 北九州予備校大分校,
2026/02/02,大分県,大学,広島工業大学,一般選抜A日程,大分会場（大分県中小企業会館）,大分県大分市金池町3丁目1-64,
2026/02/02,大分県,大学,広島文教大学,一般前期A日程,J:COMホルトホール大分,大分県大分市金池南1-5-1,
2026/02/02,大分県,大学,長崎外国語大学,一般選抜A/スカラシップ,ホルトホール大分 4F,大分県大分市金池南1-5-1,
2026/02/02,大分県,大学,九州看護福祉大学,一般選抜 前期B日程,ソレイユ大分県労働福祉会館,大分県大分市中央町4丁目2番5号,
2026/02/02,大分県,大学,吉備国際大学,一般前期AⅠ/AⅡ/B/C・中期,大分会場（アートホテル大分）,大分県大分市都町2-1-7,
2026/02/02,大分県,大学,九州医療科学大学,総特待・推A/B・一般前中後,アートホテル大分,大分県大分市都町2丁目1-7,
2026/02/02,大分県,大学,中村学園大学,一般選抜A方式・短大一般,大分会場,大分県大分市東春日町17-20,
2026/02/02,大分県,大学,九州産業大学,一般前期（共テ併用含む）,J:COMホルトホール大分,大分市金池南1-5-1,
2026/02/02,大分県,大学,立命館アジア太平洋大学,スタンダード3/英語重視/共テ+英・国/後期,コンパルホール,大分市府内町1-5-38,
2026/02/02,大分県,大学,立命館大学,一般選抜（試験地）,コンパルホール,大分市府内町1-5-38,
2026/02/02,長崎県,大学,武雄アジア大学,一般選抜 前期,佐世保試験場,長崎県佐世保市松浦町2-28,
2026/02/02,長崎県,大学,長崎外国語大学,一般選抜A/スカラシップ・一般B,本学,長崎県長崎市横尾3-15-1,
2026/02/02,長崎県,大学,中村学園大学,一般選抜A方式・短大一般,長崎会場,長崎県長崎市出島町12-20,
2026/02/02,長崎県,大学,福岡大学,一般選抜（系統別・前期）,長崎会場（北九州予備校長崎校）,長崎県長崎市川口町4-5 北九州予備校長崎校,
2026/02/02,長崎県,大学,九州産業大学,一般前期（共テ併用含む）,出島メッセ長崎,長崎県長崎市尾上町4-1,
2026/02/02,長崎県,大学,広島文教大学,一般前期A日程,出島メッセ長崎,長崎県長崎市尾上町4-1,
2026/02/02,鳥取県,大学,徳島文理大学,一般入試会場（詳細要項参照）,鳥取市会場　あすなろ予備校,鳥取県鳥取市永楽温泉町385,
2026/02/02,鳥取県,大学,就実大学,一般選抜A・B日程,鳥取会場（白兎会館）,鳥取県鳥取市末広温泉町556,
2026/02/02,島根県,大学,宇部フロンティア大学,一般選抜A日程（地方会場）,松江会場,島根県松江市学園南1丁目2番1号,
2026/02/02,島根県,大学,福山平成大学,一般選抜 前期A日程,松江労働会館（ろうかん）,島根県松江市御手船場町557-7,
2026/02/02,島根県,大学,関西学院大学,全学部日程のみ,島根県労働会館（ろうかん）,島根県松江市御手船場町557-7,
2026/02/02,島根県,大学,広島工業大学,一般選抜A日程,松江会場（松江テルサ）,島根県松江市朝日町478-18,
2026/02/02,島根県,大学,広島文教大学,一般前期S/A、総合型・推薦前期,松江テルサ,島根県松江市朝日町478-18,
2026/02/02,島根県,大学,徳島文理大学,一般入試会場（詳細要項参照）,松江市会場　松江テルサ,島根県松江市朝日町478-18,
2026/02/02,島根県,大学,就実大学,一般選抜A・B日程,松江会場（松江テルサ）,島根県松江市朝日町478-18,
2026/02/02,島根県,大学,広島国際大学,一般選抜（手続期間長期型）,松江会場（松江テルサ）,島根県松江市朝日町478-18,
2026/02/02,島根県,大学,広島修道大学,一般選抜前期A/B/C,島根県民会館,島根県松江市殿町158,
2026/02/02,島根県,大学,広島女学院大学,一般A、特待生,島根県民会館,島根県松江市殿町158,
2026/02/02,島根県,大学,九州医療科学大学,一般選抜前/中,サンラポーむらくも,島根県松江市殿町369,
2026/02/02,島根県,大学,吉備国際大学,一般前期AⅠ/AⅡ/B/C・中期,松江会場（サンラボーむらくも）,島根県松江市殿町369,
2026/02/02,島根県,大学,広島修道大学,一般選抜前期A/B/C,いわみーる,島根県浜田市野原町1826-1,
2026/02/02,徳島県,大学,徳島文理大学,一般入試I期A/B・II・III,徳島キャンパス,徳島県徳島市山城町西浜傍示180,
2026/02/02,徳島県,大学,大阪産業大学,一般前期A/B/C,あわぎんホール,徳島県徳島市藍場町2-14（3階）,
2026/02/02,奈良県,大学,大阪産業大学,一般前期A/B/C,大和高田商工会議所 経済会館,奈良県大和高田市大中106-2,
2026/02/02,奈良県,大学,関西学院大学,全学部日程のみ,奈良県コンベンションセンター,奈良県奈良市三条大路1丁目691-1,
2026/02/02,奈良県,大学,阪南大学,公募・一般前期,奈良商工会議所,奈良県奈良市西大寺南町8-33,
2026/02/02,沖縄県,大学,名城大学,一般選抜 地区別会場,沖縄ペットワールド専門学校,那覇市東町19-20,
2026/02/02,徳島県,大学,徳島文理大学,一般入試会場（詳細要項参照）,美馬市会場 清月屋敷,美馬市穴吹町穴吹市ノ下100-6,
2026/02/02,滋賀県,大学,中部大学,前期A/B・共通テ+,彦根勤労福祉会館,彦根市大東町4-28,
2026/02/02,兵庫県,大学,立命館アジア太平洋大学,スタンダード3,アクリエひめじ（姫路市文化コンベンションセンター）,姫路市神屋町143-2,
2026/02/02,兵庫県,大学,立命館大学,一般選抜（試験地）,アクリエひめじ（姫路市文化コンベンションセンター）,姫路市神屋町143-2,
2026/02/02,福岡県,大学,福岡大学,一般選抜（系統別・前期）医2次含む,本学（七隈キャンパス）,福岡県福岡市城南区七隈8-19-1,
2026/02/02,福岡県,大学,中村学園大学,A方式・B方式・後期・短大一般,本学（福岡）,福岡県福岡市城南区別府5-7-1,
2026/02/02,福岡県,大学,関西大学,,TKPエルガーラホール,福岡県福岡市中央区天神1丁目4-2,
2026/02/02,福岡県,大学,東京電機大学,一般選抜 前期/英語外部/情報系外部,リファレンス ヒューリックスクエア福岡天神 貸会議室,福岡県福岡市中央区天神2-8-49 ヒューリックスクエア福岡天神4F,
2026/02/02,福岡県,大学,獨協大学,全学科統一前期・学科別/外検+実施,福岡会場（リファレンスヒューリックスクエア福岡天神）,福岡県福岡市中央区天神2-8-49 ヒューリック福岡ビル 4F・5F,
2026/02/02,福岡県,大学,芝浦工業大学,一般選抜（前期/全学統一）,福岡会場（天神チクモクビル）,福岡県福岡市中央区天神3-10-27,
2026/02/02,福岡県,大学,人間環境大学,特別奨学生・一般I期,福岡会場（福岡ガーデンパレス）,福岡県福岡市中央区天神4-8-15,
2026/02/02,福岡県,大学,武雄アジア大学,一般選抜 前期,福岡試験場,福岡県福岡市中央区天神4-8-15,
2026/02/02,福岡県,大学,徳島文理大学,一般入試会場（詳細要項参照）,福岡市会場　福岡ガーデンパレス,福岡県福岡市中央区天神4丁目8-15,
2026/02/02,福岡県,大学,九州産業大学,一般前期/後期・実技前期,九州産業大学,福岡県福岡市東区松香台2-3-1,
2026/02/02,福岡県,大学,福山大学,一般選抜 前期A・後期,福岡県中小企業振興センター,福岡県福岡市博多区吉塚本町9-15,
2026/02/02,福岡県,大学,福山平成大学,一般選抜A・後期,福岡県中小企業振興センター,福岡県福岡市博多区吉塚本町9-15,
2026/02/02,福岡県,大学,東海大学,医学部一般選抜1次,パピヨン24（ガスホール）,福岡県福岡市博多区千代1-17-1,
2026/02/02,福岡県,大学,東京理科大学,一般選抜B・S方式,福岡試験場（北九州予備校博多駅校）,福岡県福岡市博多区博多駅前1-21-4,
2026/02/02,福岡県,大学,広島女学院大学,一般A、特待生,福岡商工会議所,福岡県福岡市博多区博多駅前2-9-28,
2026/02/02,福岡県,大学,成城大学,S方式（全学部統一選抜）,福岡商工会議所,福岡県福岡市博多区博多駅前2-9-28,
2026/02/02,福岡県,大学,専修大学,,TKPカンファレンスシティ博多,福岡県福岡市博多区博多駅前3-19-5 博多石川ビル1階,
2026/02/02,福岡県,大学,吉備国際大学,一般前期AⅠ/AⅡ/B/C・中期・後期,福岡会場（エイムアテイン博多駅前会議室）,福岡県福岡市博多区博多駅前3-25-24,
2026/02/02,福岡県,大学,九州医療科学大学,総I期・総特待・推A/B・一般前中後,エイムアテイン 博多駅前貸会議室,福岡県福岡市博多区博多駅前3-25-24 八百治ビル5・6階,
2026/02/02,福岡県,大学,大阪商業大学,一般入試 前期,エイムアテイン博多駅前貸会議室,福岡県福岡市博多区博多駅前3-25-24 八百治ビル5階,
2026/02/02,福岡県,大学,金沢工業大学,一般A・B/総合・自己推薦,公務員ビジネス専門学校,福岡県福岡市博多区博多駅前3-29-8,
2026/02/02,福岡県,大学,関西学院大学,全日程（一般/個別/英数/共通併用）,代々木ゼミナール 福岡校,福岡県福岡市博多区博多駅前4-2-25,
2026/02/02,福岡県,大学,國學院大学,一般選抜A日程（地方会場）,福岡会場（博多バスターミナル）,福岡県福岡市博多区博多駅中央街2,
2026/02/02,福岡県,大学,広島修道大学,一般選抜前期A/B/C,博多バスターミナル 9階,福岡県福岡市博多区博多駅中央街2-1,
2026/02/02,福岡県,大学,川崎医療福祉大学,推後A・一般前期B,福岡会場（TKP博多駅筑紫口ビジネスセンター）,福岡県福岡市博多区博多駅中央街4-8 ユーコウビル,
2026/02/02,福岡県,大学,東京歯科大学,一般I・共通テストIの福岡会場,TKP博多駅筑紫口ビジネスセンター（福岡会場）,福岡県福岡市博多区博多駅中央街4-8 ユーコウビル7～9階,
2026/02/02,福岡県,大学,大阪産業大学,一般前期A/B/C,TKP博多駅筑紫口ビジネスセンター,福岡県福岡市博多区博多駅中央街4-8 ユーコウビル8階,
2026/02/02,福岡県,大学,千葉工業大学,A/SA日程サテライト,福岡試験場（TKPガーデンシティ博多新幹線口）,福岡県福岡市博多区博多駅中央街5-14 福さ屋本社ビル,
2026/02/02,福岡県,大学,長崎外国語大学,一般選抜A/スカラシップ,リファレンス駅東ビル 2F,福岡県福岡市博多区博多駅東1-16-14,
2026/02/02,福岡県,大学,徳島文理大学,一般入試会場（詳細要項参照）,福岡市会場　リファレンス駅東ビル,福岡県福岡市博多区博多駅東1丁目16-14,
2026/02/02,福岡県,大学,東京都市大学,一般選抜 前期・中期,福岡会場（OHI 八重洲博多ビル 貸会議室）,福岡県福岡市博多区博多駅東2-18-30,
2026/02/02,福岡県,大学,広島国際大学,一般選抜（手続期間長期型）,福岡会場（八重洲博多ビル）,福岡県福岡市博多区博多駅東2-18-30,
2026/02/02,福岡県,大学,京都先端科学大学,公募推薦A、一般A・B,八重洲博多ビル,福岡県福岡市博多区博多駅東2丁目18-30,
2026/02/02,福岡県,大学,広島工業大学,一般選抜A日程,福岡会場（八重洲博多ビル）,福岡県福岡市博多区博多駅東2丁目18-30,
2026/02/02,福岡県,大学,宇部フロンティア大学,一般選抜A日程（地方会場）,福岡会場,福岡県福岡巿博多区博多駅前3-25-24,
2026/02/02,福岡県,大学,福岡大学,一般選抜（系統別・前期）,北九州会場（毎日西部会館）,福岡県北九州市小倉北区紺屋町 13-1 毎日西部会館,
2026/02/02,福岡県,大学,広島修道大学,一般選抜前期A/B/C,毎日西部会館（（株）毎日ビルディング）,福岡県北九州市小倉北区紺屋町13-1,
2026/02/02,福岡県,大学,中村学園大学,一般選抜A方式・短大一般,北九州会場,福岡県北九州市小倉北区堺町1丁目6-13,
2026/02/02,福岡県,大学,関西学院大学,全学部日程のみ（小倉）,北九州予備校 小倉駅校,福岡県北九州市小倉北区浅野1丁目3-27,
2026/02/02,福岡県,大学,福山平成大学,一般選抜 前期A日程（小倉）,小倉試験場,福岡県北九州市小倉北区浅野2-14-1,
2026/02/02,福岡県,大学,吉備国際大学,一般前期AⅠ/AⅡ/B/C,北九州会場（TKP小倉駅前カンファレンスセンター）,福岡県北九州市小倉北区浅野2-14-2,
2026/02/02,福岡県,大学,九州医療科学大学,総特待・推B・一般前/中,TKP小倉駅前 カンファレンスセンター,福岡県北九州市小倉北区浅野2-14-2 小倉興産16号館8・9階,
2026/02/02,福岡県,大学,名城大学,一般選抜 地区別会場,アーバン・オフィス天神,福岡市中央区天神1-3-38 天神121ビル13階,
2026/02/02,福岡県,大学,中部大学,前期A/B・共通テ+,福岡県中小企業振興センター,福岡市博多区吉塚本町9-15,
2026/02/02,福岡県,大学,亜細亜大学,全学統一入試 前期,福岡会場（アクア博多）,福岡市博多区中洲5丁目3-8,
2026/02/02,福岡県,大学,立命館アジア太平洋大学,スタンダード3/英語重視/共テ+英・国/後期,博多国際展示場＆カンファレンスセンター,福岡市博多区東光2-22-15,
2026/02/02,福岡県,大学,立命館大学,一般選抜（試験地）,博多国際展示場＆カンファレンスセンター,福岡市博多区東光2-22-15,
2026/02/02,福岡県,大学,就実大学,一般選抜A・B日程,福岡会場（リファレンス大博多ビル貸会議室）,福岡市博多区博多駅前2丁目20-1,
2026/02/02,福岡県,大学,玉川大学,全学統一等（2/2-2/3のみ）,福岡会場（代々木ゼミナール）,福岡市博多区博多駅前4-2-25,
2026/02/02,福岡県,大学,日本医科大学,一般選抜 前期1次 福岡会場,リファレンス駅東ビル5階,福岡市博多区博多駅東1丁目16-14 リファレンス駅東ビル5階,
2026/02/02,兵庫県,大学,兵庫医科大学,薬・看・リハ 一般(前期A/B・中・後期),神戸キャンパス会場,兵庫県神戸市中央区港島1丁目3-6,
2026/02/02,兵庫県,大学,関西大学,,神戸国際会議場,兵庫県神戸市中央区港島中町6丁目9-1 神戸国際交流会館,
2026/02/02,兵庫県,大学,大阪産業大学,一般前期A/B/C,神戸駅前研修センター,兵庫県神戸市中央区中町通2丁目3-1 SK HOTEL神戸駅前内,
2026/02/02,兵庫県,大学,関西大学,,三宮研修センター,兵庫県神戸市中央区八幡通4丁目2-12 カサベラFRⅡビル,
2026/02/02,兵庫県,大学,関西大学,,神戸サンボーホール,兵庫県神戸市中央区浜辺通5丁目1-32,
2026/02/02,兵庫県,大学,関西学院大学,全日程（一般/個別/英数/共通併用）,関西学院大学 西宮上ケ原キャンパス（本学）,兵庫県西宮市上ケ原一番町1-155,
2026/02/02,兵庫県,大学,九州医療科学大学,総特待・推B・一般前期,吉備国際大学 南あわじ志知キャンパス,兵庫県南あわじ市志知佐礼尾370-1,
2026/02/02,兵庫県,大学,吉備国際大学,一般前期AⅠ/AⅡ/B/C,南あわじ会場（南あわじ志知キャンパス）,兵庫県南あわじ市志知佐礼尾370-1,
2026/02/02,兵庫県,大学,就実大学,一般選抜A・B日程,姫路会場（Office ADOCK）,兵庫県姫路市駅前町222,
2026/02/02,兵庫県,大学,大阪産業大学,一般前期A/B/C,姫路商工会議所,兵庫県姫路市下寺町43,
2026/02/02,兵庫県,大学,関西大学,,姫路商工会議所,兵庫県姫路市下寺町43,
2026/02/02,兵庫県,大学,吉備国際大学,一般前期AⅠ/AⅡ/B/C,姫路会場（姫路キャッスルグランヴィリオホテル）,兵庫県姫路市三左衛門堀西の町210,
2026/02/02,兵庫県,大学,九州医療科学大学,一般選抜前期,姫路キヤッスルグランヴィリオホテル,兵庫県姫路市三左衛門堀西の町210番地,
2026/02/02,兵庫県,大学,関西学院大学,全日程（一般/個別/英数/共通併用）,兵庫県立武道館,兵庫県姫路市西延末504番地,
2026/02/02,兵庫県,大学,関西学院大学,全学部日程のみ（姫路）,姫路・西はりま地場産業センター,兵庫県姫路市南駅前町123番,
2026/02/02,兵庫県,大学,大阪産業大学,公募推薦前期,BIZ SPACE 姫路,兵庫県姫路市本町127番地 大手前ダイネンBLD.Ⅱ,
2026/02/02,兵庫県,大学,金沢工業大学,一般試験A,BIZ SPACE 姫路,兵庫県姫路市本町127番地 大手前ダイネンBLD.II,
2026/02/02,兵庫県,大学,大阪産業大学,一般前期A/B/C,宝塚商工会議所,兵庫県宝塚市栄町2-1-2 ソリオ2（6階）,
2026/02/02,福岡県,大学,福山大学,一般選抜 前期A日程（小倉）,KMMビル,北九州市小倉北区浅野2-14-1,
2026/02/02,福岡県,大学,立命館アジア太平洋大学,スタンダード3,北九州国際会議場,北九州市小倉北区浅野3-9-30,
2026/02/02,福岡県,大学,立命館大学,一般選抜（試験地）,北九州国際会議場,北九州市小倉北区浅野3-9-30,
2026/02/02,和歌山県,大学,大阪商業大学,一般入試 前期,学校法人 大原学園 和歌山校 2号館,和歌山県和歌山市黒田108-1,
2026/02/02,和歌山県,大学,徳島文理大学,一般入試会場（詳細要項参照）,和歌山市会場　大原簿記法律＆美容製菓専門学校和歌山校,和歌山県和歌山市黒田88-1,
2026/02/02,和歌山県,大学,関西学院大学,全学部日程のみ,和歌山ビッグウエーブ,和歌山県和歌山市手平2-1-1,
2026/02/02,和歌山県,大学,阪南大学,一般前期,和歌山県民文化会館,和歌山県和歌山市小松原通1-1,
2026/02/02,和歌山県,大学,大阪産業大学,一般前期A/B/C,和歌山英数学館 2号館,和歌山県和歌山市太田2-13-7,
2026/02/02,和歌山県,大学,関西大学,,和歌山英数学館,和歌山県和歌山市太田2丁目13-12,
2026/02/02,和歌山県,大学,立命館アジア太平洋大学,スタンダード3,ホテルアバローム紀の国,和歌山市湊通丁北2-1-2,
2026/02/02,和歌山県,高等学校,羽衣学園,,和歌山,和歌山市湊通丁北2-1-2 ,
2026/02/02,和歌山県,大学,立命館大学,一般選抜（試験地）,ホテルアバローム紀の国,和歌山市湊通丁北2-1-2,
2026/02/02,大阪府,大学,立命館アジア太平洋大学,スタンダード3/英語重視/共テ+英・国/後期,立命館大学（大阪いばらきキャンパス）,茨木市岩倉町2-150,
2026/02/02,大阪府,大学,立命館大学,一般選抜（試験地）,立命館大学（大阪いばらきキャンパス）,茨木市岩倉町2-150,
2026/02/02,高知県,大学,徳島文理大学,一般入試会場（詳細要項参照）,四万十市会場　新ロイヤルホテル四万十,四万十市中村小姓町26,
2026/02/02,岡山県,大学,森ノ宮医療大学,一般前期C,岡山会場（TKPガーデンシティ岡山）,岡山県岡山市北区中山下1-8-45NTTクレド岡山ビル,
2026/02/02,京都府,大学,佛教大学,一般選抜（Ｂ日程）,京都（本学）会場（佛教大学 紫野キャンパス）,京都市北区紫野北花ノ坊町96,
2026/02/02,京都府,大学,佛教大学,一般選抜（Ｂ日程）,福知山市厚生会館,京都府福知山市中ノ170-5,
2026/02/02,熊本県,大学,東海大学,全学部統一前期,熊本,熊本県熊本市東区渡鹿9-1-1,
2026/02/02,広島県,大学,森ノ宮医療大学,一般前期B,広島会場（TKP広島本通駅前カンファレンスセンター ）,広島県広島市中区紙屋町2-2-12 信和広島ビル,
2026/02/02,広島県,大学,森ノ宮医療大学,一般前期C,広島会場（TKP広島本通駅前カンファレンスセンター ）,広島県広島市中区紙屋町2-2-12 信和広島ビル,
2026/02/02,広島県,大学,東海大学,全学部統一前期,広島,広島県広島市中区大手町4-7-3,
2026/02/02,広島県,大学,名古屋外国語大学,一般選抜前期Ｍ3方式、一般選抜前期Ｍ2方式,ワークピア広島,広島県広島市南区金屋町1-17,
2026/02/02,広島県,大学,川崎医療福祉大学,一般選抜前期 [B日程],広島会場（TKP広島本通駅前カンファレンスセンター）,広島市中区紙屋町2-2-12 信和広島ビル,
2026/02/02,広島県,大学,佛教大学,一般選抜（Ｂ日程）,TKP広島本通駅前カンファレンスセンター,広島市中区紙屋町2丁目2-12信和広島ビル3階,
2026/02/02,香川県,大学,佛教大学,一般選抜（Ｂ日程）,高松センタービル,高松市寿町2-4-20,
2026/02/02,香川県,大学,川崎医療福祉大学,一般選抜前期 [B日程],高松会場（ホテルマリンパレスさぬき）,高松市福岡町2-3-4,
2026/02/02,高知県,大学,川崎医療福祉大学,一般選抜前期 [B日程],高知会場（高知共済会館 COMMUNITY SQUARE）,高知市本町5-3-20,
2026/02/02,山口県,大学,川崎医療福祉大学,一般選抜前期 [B日程],山口会場（セントコア山ロ）,山ロ市湯田温泉3-2-7,
2026/02/02,鹿児島県,大学,東海大学,全学部統一前期,鹿児島,鹿児島県鹿児島市山之口町2-7,
2026/02/02,愛媛県,大学,川崎医療福祉大学,一般選抜前期 [B日程],松山会場（ホテルサンルート松山）,松山市宮田町391-8,
2026/02/02,兵庫県,大学,佛教大学,一般選抜（Ｂ日程）,ラッセホール,神戸市中央区中山手通4丁目10-8,
2026/02/02,大阪府,大学,愛知学院大学,,大阪,大阪市福島区福島6-22-20,
2026/02/02,大阪府,大学,佛教大学,一般選抜（Ｂ日程）,梅田センタービル クリスタルホール,大阪市北区中崎西2-4-12,
2026/02/02,大阪府,大学,川崎医療福祉大学,一般選抜前期 [B日程],大阪会場（TKP新大阪ビジネスセンター）,大阪市淀川区西中島5-13-9,
2026/02/02,大阪府,大学,名古屋外国語大学,一般選抜前期Ｍ3方式、一般選抜前期Ｍ2方式,大阪御堂筋ビル地下4階　貸会議室,大阪府大阪市中央区久太郎町4-1-3,
2026/02/02,岡山県,大学,川崎医療福祉大学,一般選抜前期 [B日程],津山会場（津山中央病院 医療研修センター）,津山市川崎1756,
2026/02/02,兵庫県,大学,川崎医療福祉大学,一般選抜前期 [B日程],姫路会場（BIZ SPACE HIMEJI）,姫路市本町127 大手前ダイネンBLD.Ⅱ,
2026/02/02,福岡県,大学,名古屋外国語大学,一般選抜前期Ｍ3方式、一般選抜前期Ｍ2方式,天神ビル,福岡県福岡市中央区天神2-12-1,
2026/02/02,福岡県,大学,愛知学院大学,,福岡,福岡市中央区天神2丁目12番1,
2026/02/02,福岡県,大学,佛教大学,一般選抜（Ｂ日程）,福岡ファッションビル FFBホール,福岡市博多区博多駅前2-10-19,
2026/02/02,福岡県,大学,川崎医療福祉大学,一般選抜前期 [B日程],福岡会場（TKP博多駅前シティセンター）,福岡市博多区博多駅前3-2-1,
2026/02/02,滋賀県,大学,佛教大学,一般選抜（Ｂ日程）,滋賀県立文化産業交流会館,米原市下多良2丁目137,
2026/02/02,鳥取県,大学,佛教大学,一般選抜（Ｂ日程）,国際ファミリープラザ,米子市加茂町2-180,
2026/02/02,鳥取県,大学,川崎医療福祉大学,一般選抜前期 [B日程],米子会場（スマイルホテル米子）,米子市西福原1-1-55,
2026/02/02,和歌山県,大学,佛教大学,一般選抜（Ｂ日程）,和歌山城ホール,和歌山市七番丁25番1,
