日付,都道府県,学校種,学校名,試験名,試験地,住所,時間
2026/02/01,宮崎県,中学校,宮崎学園,,本校,宮崎県宮崎市昭和町3,
2026/02/01,宮崎県,中学校,日向学院,,本校,宮崎県宮崎市大和町110番地,
2026/02/01,広島県,中学校,広島三育学院,Ⅱ期,本校,広島県三原市大和町下徳良296-2,
2026/02/01,山口県,中学校,宇部フロンティア大学付属,,本校,山口県宇部市文京町1-25,
2026/02/01,鹿児島県,中学校,大口明光学園,,本校,鹿児島県伊佐市大口里1830,
2026/02/01,鹿児島県,中学校,鹿児島大学教育学部附属,,本校,鹿児島県鹿児島市郡元1-20-35,
2026/02/01,鹿児島県,中学校,池田,,本校,鹿児島県鹿児島市西別府町1680番地,
2026/02/01,島根県,中学校,出雲北陵,後期,本校,島根県出雲市西林木町3番地,
2026/02/01,福岡県,中学校,八女学院,,本校,福岡県八女市大字本村425,
2026/02/01,愛媛県,大学,四国大学,一般入試Ⅰ期,宇和島第一ホテル,愛媛県宇和島市中央町1-3-9,
2026/02/01,愛媛県,大学,広島修道大学,一般選抜前期A/B/C,今治地域地場産業振興センター（じばさんセンター）,愛媛県今治市旭町2-3-5,
2026/02/01,愛媛県,大学,広島工業大学,一般選抜A日程,今治会場（今治地域地場産業振興センター）,愛媛県今治市旭町2丁目3-5,
2026/02/01,愛媛県,大学,大阪商業大学,一般入試 前期,ANAクラウンプラザホテル松山,愛媛県松山市一番町3-2-1,
2026/02/01,愛媛県,大学,山陽学園大学,一般Ⅰ期・公募制Ⅰ期,四国ろうきん松山ビル,愛媛県松山市宮田町 132-1,
2026/02/01,愛媛県,大学,関西大学,,えひめ共済会館,愛媛県松山市三番町5丁目13-1,
2026/02/01,愛媛県,大学,四国大学,一般入試Ⅰ期,TKP松山市駅前カンファレンスセンター（青野ビル）,愛媛県松山市千舟町4-3-7 青野ビル,
2026/02/01,愛媛県,大学,福山平成大学,一般選抜 前期A日程,TKP松山市駅前カンファレンスセンター（青野ビル）,愛媛県松山市千舟町4-3-7 青野ビル2・4・5F,
2026/02/01,愛媛県,大学,広島文教大学,一般前期S/A、総合型・推薦前期,TKP松山市駅前カンファレンスセンター,愛媛県松山市千舟町4-3-7 青野ビル2・4-5階,
2026/02/01,愛媛県,大学,比治山大学,一般選抜A日程,松山（アイテムえひめ［愛媛国際貿易センター］）,愛媛県松山市大可賀2丁目1番28号,
2026/02/01,愛媛県,大学,高知リハビリテーション専門職大学,一般選抜A日程,愛媛県県民文化会館 別館（愛媛会場）,愛媛県松山市道後町2-9-14,
2026/02/01,愛媛県,大学,美作大学,一般前期,松山会場（にぎたつ会館）,愛媛県松山市道後姫塚118-2,
2026/02/01,愛媛県,大学,関西学院大学,全学部日程のみ,リジェール松山（JA愛媛）,愛媛県松山市南堀端町2-3,
2026/02/01,愛媛県,大学,九州産業大学,一般前期（共テ併用含む）,リジェール松山（JA愛媛8F）,愛媛県松山市南堀端町2-3 JA愛媛8F,
2026/02/01,愛媛県,大学,就実大学,一般選抜A・B日程,松山会場（二番町ホール）,愛媛県松山市二番町3丁目8-21,
2026/02/01,愛媛県,大学,九州医療科学大学,一般選抜前期,えぴたホール愛媛（愛媛県PTA会館）,愛媛県松山市歩行町1丁目7-4,
2026/02/01,愛媛県,大学,吉備国際大学,一般前期AⅠ/AⅡ/B/C,松山会場（えぴたホール愛媛（愛媛県PTA会館）内）,愛媛県松山市歩行町1丁目7-4,
2026/02/01,愛媛県,大学,広島修道大学,一般選抜前期A/B/C,松山市総合コミュニティセンター 企画展示ホール,愛媛県松山市湊町7-5,
2026/02/01,愛媛県,大学,四国大学,一般入試Ⅰ期,リーガロイヤルホテル新居浜,愛媛県新居浜市前田町6-9,
2026/02/01,岡山県,大学,就実大学,一般選抜A・B日程,本学会場（就実大学キャンパス）,岡山県岡山市中区西川原1-6-1,
2026/02/01,岡山県,大学,山陽学園大学,推薦・一般全日程,本学キャンパス,岡山県岡山市中区平井1丁目14-1,
2026/02/01,岡山県,大学,金沢工業大学,一般試験A・B,岡山進研学院,岡山県岡山市北区伊福町2-10-27,
2026/02/01,岡山県,大学,関西大学,,岡山進研学院,岡山県岡山市北区伊福町二丁目10番27号,
2026/02/01,岡山県,大学,大阪電気通信大学,一般前期B・推薦,岡山会場,岡山県岡山市北区駅元町14-1,
2026/02/01,岡山県,大学,広島修道大学,一般選抜前期A/B/C,岡山コンベンションセンター,岡山県岡山市北区駅元町14-1,
2026/02/01,岡山県,大学,関西学院大学,全日程（一般/個別/英数/共通併用）,岡山コンベンションセンター,岡山県岡山市北区駅元町14-1,
2026/02/01,岡山県,大学,芝浦工業大学,一般選抜（前期/全学統一）,岡山会場（サン・ビーチOKAYAMA）,岡山県岡山市北区駅前町2-3-31,
2026/02/01,岡山県,大学,四国大学,一般入試Ⅰ期,ピュアリティまきび,岡山県岡山市北区下石井2-6-41,
2026/02/01,岡山県,大学,九州医療科学大学,総特待・推A/B・一般前/中,順正学園 岡山駅前キャンパス,岡山県岡山市北区岩田町2-5,
2026/02/01,岡山県,大学,吉備国際大学,一般前期AⅠ/AⅡ/B/C・中期・後期,岡山会場（順正学園駅前キャンパス）,岡山県岡山市北区岩田町2-5,
2026/02/01,岡山県,大学,京都先端科学大学,一般A,岡山シティホテル桑田町,岡山県岡山市北区桑田町3-30,
2026/02/01,岡山県,大学,美作大学,総合型10月・ 推薦11・12月・ 一般前期,岡山会場（岡山シティホテル桑田町）,岡山県岡山市北区桑田町3-30,
2026/02/01,岡山県,大学,大阪産業大学,一般前期A/B/C,岡山商工会議所,岡山県岡山市北区厚生町3-1-15,
2026/02/01,岡山県,大学,広島工業大学,一般選抜A日程,岡山会場（岡山シティホテル厚生町）,岡山県岡山市北区厚生町3丁目1-20,
2026/02/01,岡山県,大学,関西福祉科学大学,一般選抜A/B,岡山科学技術専門学校 昭和町校舎,岡山県岡山市北区昭和町8-10,
2026/02/01,岡山県,大学,甲南大学,一般選抜（前期・中期）,TKPガーデンシティ岡山（NTTクレド岡山ビル4階）,岡山県岡山市北区中山下1-8-45 NTTクレド岡山ビル4階,
2026/02/01,岡山県,大学,大阪商業大学,一般入試 前期,オルガビル,岡山県岡山市北区奉還町1-7-7,
2026/02/01,岡山県,大学,九州産業大学,一般前期（共テ併用含む）,第一セントラルビル2号館,岡山県岡山市北区本町6-30,
2026/02/01,岡山県,大学,福山大学,一般選抜 前期A/B・後期,第一セントラルビル2号館（岡山）,岡山県岡山市北区本町6-30,
2026/02/01,岡山県,大学,福山平成大学,一般選抜A・B・後期,第一セントラルビル2号館,岡山県岡山市北区本町6-30,
2026/02/01,岡山県,大学,大阪経済法科大学,公募前期・一般前期A/B,ピギー貸会議室,岡山県岡山市北区磨屋町2-5 安田岡山磨屋町ビル,
2026/02/01,岡山県,大学,川崎医療福祉大学,推後A・B/一般前期A・B/一般後期,本学会場（川崎医療福祉大学）,岡山県倉敷市松島288,
2026/02/01,岡山県,大学,川崎医療福祉大学,推後A・一般前期A,津山会場（津山中央病院 医療研修センター）,岡山県津山市川崎1756,
2026/02/01,岡山県,大学,就実大学,一般選抜A・B日程,津山会場（美作教育会館）,岡山県津山市大手町5-3,
2026/02/01,岡山県,大学,美作大学,全入試期（総合型・推薦・一般）,本学会場（津山会場）／美作大学・美作大学短期大学部,岡山県津山市北園町50,
2026/02/01,岡山県,大学,立命館アジア太平洋大学,スタンダード3/英語重視/共テ+英・国,岡山国際ホテル,岡山市中区門田本町4-1-16,
2026/02/01,岡山県,大学,立命館大学,一般選抜（試験地）,岡山国際ホテル,岡山市中区門田本町4-1-16,
2026/02/01,岡山県,大学,花園大学,一般選抜B日程,岡山会場,岡山市北区奉還町2丁目2番1号,
2026/02/01,岡山県,大学,名城大学,一般選抜 地区別会場,ヒカリホールディングス貸会議室,岡山市北区柳町1-4-8,
2026/02/01,沖縄県,大学,三育学院大学,総合型Ⅱ・Ⅳ期、推薦、公募、一般,沖縄会場（アドベンチストメディカルセンター）,沖縄県中頭郡西原町幸地868,
2026/02/01,沖縄県,大学,専修大学,,沖縄県市町村自治会館,沖縄県那覇市旭町116-37,
2026/02/01,沖縄県,大学,四国大学,一般入試Ⅰ期,東横イン那覇旭橋駅前,沖縄県那覇市久米2-1-20,
2026/02/01,沖縄県,大学,長崎外国語大学,一般選抜A/スカラシップ,沖縄県青年会館 1F,沖縄県那覇市久米2-15-23,
2026/02/01,沖縄県,大学,金城大学,一般選抜のみ（2/1）,沖縄会場（沖縄県青年会館）,沖縄県那覇市久米2丁目15-23,
2026/02/01,沖縄県,大学,中村学園大学,一般選抜A方式・短大一般,沖縄会場,沖縄県那覇市久米2丁目15-23,
2026/02/01,沖縄県,大学,就実大学,一般選抜A・B日程,那覇会場（沖縄県青年会館）,沖縄県那覇市久米2丁目15-23,
2026/02/01,沖縄県,大学,美作大学,推薦11・12月・ 一般前期,那覇会場（沖縄トラック研修会館）,沖縄県那覇市港町2-5-23,
2026/02/01,沖縄県,大学,九州産業大学,一般前期（共テ併用含む）,資格の大原 沖縄校,沖縄県那覇市泉崎1-13-3,
2026/02/01,沖縄県,大学,吉備国際大学,一般前期AⅠ/AⅡ/B/C,那覇会場（みんなの貸会議室那覇泉崎店）,沖縄県那覇市泉崎1-13-3 資格の大原沖縄ビル内,
2026/02/01,沖縄県,大学,九州医療科学大学,総I期・総特待・推B・一般前期,みんなの貸会議室 那覇泉崎店,沖縄県那覇市泉崎1-13-3 資格の大原沖縄校ビル内,
2026/02/01,沖縄県,大学,大阪経済法科大学,一般前期A/B・指定校推薦,みんなの貸会議室那覇泉崎店,沖縄県那覇市泉崎1-13-3 資格の大原沖縄校ビル内,
2026/02/01,沖縄県,大学,中京学院大学,一般選抜 前期（併願）,那覇会場,沖縄県那覇市泉崎1丁目13-3,
2026/02/01,沖縄県,大学,中京学院大学,一般前期・推薦（地方）,那覇会場,沖縄県那覇市泉崎1丁目13-3,
2026/02/01,沖縄県,大学,千葉工業大学,A/SA日程サテライト,那覇試験場（沖縄県水産会館）,沖縄県那覇市前島3-25-39,
2026/02/01,沖縄県,大学,九州看護福祉大学,一般選抜 前期A日程,沖縄船員会館,沖縄県那覇市前島3-25-50,
2026/02/01,沖縄県,大学,広島工業大学,一般選抜A日程,那覇会場（沖縄県水産会館）,沖縄県那覇市前島3丁目25-39,
2026/02/01,沖縄県,大学,金沢工業大学,一般試験A,那覇尚学院（別館）,沖縄県那覇市泊2-16-3,
2026/02/01,沖縄県,大学,福山大学,一般選抜 前期A日程（那覇）,那覇尚学院 別館,沖縄県那覇市泊2-17-4,
2026/02/01,沖縄県,大学,福山平成大学,一般選抜 前期A日程（那覇）,沖縄尚学館 別館,沖縄県那覇市泊2-17-4,
2026/02/01,沖縄県,大学,山陽学園大学,一般Ⅰ期・公募制Ⅰ期,プロム那覇古島,沖縄県那覇市銘苅 1-19-1 アクロスプラザ古島駅前 2F,
2026/02/01,沖縄県,大学,芝浦工業大学,一般選抜（前期/全学統一）,沖縄会場（国際電子ビジネス専門学校）,沖縄県那覇市壺川3丁目5-3,
2026/02/01,宮崎県,大学,九州医療科学大学,総I〜III期・スポ特・推A/B・一般前中後,九州医療科学大学（本学）,宮崎県延岡市吉野町1714-1,
2026/02/01,宮崎県,大学,九州産業大学,一般前期（共テ併用含む）,MRT micc,宮崎県宮崎市橘通西4-6-3,
2026/02/01,宮崎県,大学,九州栄養福祉大学,一般選抜（前期）のみ,ホテル メリージュ,宮崎県宮崎市橘通東3-1-11,
2026/02/01,宮崎県,大学,中村学園大学,一般選抜A方式・短大一般,宮崎会場,宮崎県宮崎市錦町1-10,
2026/02/01,宮崎県,大学,九州看護福祉大学,一般選抜 前期A日程,アートホテル宮崎スカイタワー,宮崎県宮崎市高千穂通2-1-26,
2026/02/01,宮崎県,大学,九州医療科学大学,指定校・総特待・推A/B・一般前中後,九州医療科学大学専門学校,宮崎県宮崎市瀬頭2-1-10,
2026/02/01,宮崎県,大学,吉備国際大学,一般前期AⅠ/AⅡ/B/C・中期,宮崎会場（九州医療科学大学専門学校）,宮崎県宮崎市瀬頭2-1-10,
2026/02/01,宮崎県,大学,日本大学,N全学統一方式第1期,宮崎試験場（宮崎日本大学高等学校）,宮崎県宮崎市島之内6822-2,
2026/02/01,宮崎県,大学,南九州大学,健康栄養学部の試験場（一般等）,宮崎キャンパス,宮崎県宮崎市霧島5丁目1-2,
2026/02/01,宮崎県,大学,九州医療科学大学,一般選抜前期,都城ロイヤルホテル,宮崎県都城市北原町1106-48,
2026/02/01,宮崎県,大学,吉備国際大学,一般前期AⅠ/AⅡ/B/C,都城会場（都城ロイヤルホテル）,宮崎県都城市北原町1106-48,
2026/02/01,宮崎県,大学,南九州大学,環境園芸・子ども教育の試験場,都城キャンパス,宮崎県都城市立野町3764-1,
2026/02/01,宮崎県,大学,久留米大学,前期一般選抜,宮崎会場,宮崎市旭1-3-10,
2026/02/01,京都府,大学,立命館アジア太平洋大学,スタンダード3/英語重視/共テ+英・国/後期,立命館大学（衣笠キャンパス）,京都市北区等持院北町56-1,
2026/02/01,京都府,大学,立命館大学,一般選抜（試験地）,立命館大学（衣笠キャンパス）,京都市北区等持院北町56-1,
2026/02/01,京都府,大学,京都先端科学大学,公募推薦A・B、一般A・B・C,京都太秦キャンパス,京都府京都市右京区山ノ内五反田町18,
2026/02/01,京都府,大学,関西学院大学,全日程（一般/個別/英数/共通併用）,TKPガーデンシティ京都タワーホテル,京都府京都市下京区烏丸通七条下ル東塩小路町721-1 6F・9F,
2026/02/01,京都府,大学,甲南大学,一般選抜（前期）,TKPガーデンシティ京都タワーホテル（京都タワーホテル2階）,京都府京都市下京区烏丸通七条下ル東塩小路町721-1 京都タワーホテル2階,
2026/02/01,京都府,大学,中京学院大学,一般選抜 前期（併願）,京都会場,京都府京都市下京区西油小路町27番地,
2026/02/01,京都府,大学,中京学院大学,一般前期・推薦（地方）,京都会場,京都府京都市下京区西油小路町27番地,
2026/02/01,京都府,大学,関西大学,,京都リサーチパーク,京都府京都市下京区中堂寺南町134,
2026/02/01,京都府,大学,大阪電気通信大学,一般前期A/B・推薦,京都会場,京都府京都市下京区油小路通塩小路下る 西油小路町27,
2026/02/01,京都府,大学,関西福祉科学大学,一般選抜A,学校法人YIC学院 YIC京都,京都府京都市下京区油小路通塩小路下る西油小路町27番地,
2026/02/01,京都府,大学,大阪経済法科大学,一般前期B,TKP京都四条カンファレンスセンター,京都府京都市下京区立売中之町99 四条SETビル 6階,
2026/02/01,京都府,大学,大阪産業大学,一般前期A/B/C・中期・後期,長浜バイオ大学 京都CAMPUS河原町学舎,京都府京都市上京区河原町通広小路上ル,
2026/02/01,京都府,大学,花園大学,一般選抜A/B/C/D日程,花園大学（本学キャンパス）,京都府京都市中京区西ノ京壺ノ内町8-1,
2026/02/01,京都府,大学,関西大学,,京都府民総合交流プラザ,京都府京都市南区東九条下殿田町70,
2026/02/01,京都府,大学,金沢工業大学,一般試験A,京都JAビル,京都府京都市南区東九条西山王町1,
2026/02/01,熊本県,大学,関西学院大学,全学部日程のみ,北九州予備校 熊本校,熊本県熊本市西区春日2丁目3-26,
2026/02/01,熊本県,大学,吉備国際大学,一般前期AⅠ/AⅡ/B/C,熊本会場（TKPカンファレンスセンター）,熊本県熊本市中央区花畑町4-7,
2026/02/01,熊本県,大学,長崎外国語大学,一般選抜A/スカラシップ,朝日新聞第一生命ビル 9F（TKP熊本カンファレンスセンター）,熊本県熊本市中央区花畑町4-7,
2026/02/01,熊本県,大学,九州医療科学大学,総特待・推A/B・一般前/後,TKP熊本カンファレンスセンター,熊本県熊本市中央区花畑町4-7 朝日第一生命ビル9階,
2026/02/01,熊本県,大学,九州産業大学,一般前期（共テ併用含む）,くまもと県民交流館パレア,熊本県熊本市中央区手取本町8-9,
2026/02/01,熊本県,大学,西九州大学,一般選抜Ⅰ期 地方会場,熊本会場,熊本県熊本市中央区城東町5-16,
2026/02/01,熊本県,大学,帝京大学,奨学特待生・一般選抜Ⅰ期,熊本試験場（TKPガーデンシティネストホテル熊本）,熊本県熊本市中央区辛島町4-39,
2026/02/01,熊本県,大学,中村学園大学,一般選抜A方式・短大一般,熊本会場,熊本県熊本市中央区辛島町4-39 ネストホテル熊本 2階,
2026/02/01,熊本県,大学,久留米大学,前期一般選抜,熊本会場,熊本県熊本市中央区水前寺1丁目33-18 水前寺共済会館グレーシア,
2026/02/01,熊本県,大学,立命館アジア太平洋大学,スタンダード3,熊本城ホール,熊本市中央区桜町3-40,
2026/02/01,熊本県,大学,立命館大学,一般選抜（試験地）,熊本城ホール,熊本市中央区桜町3-40,
2026/02/01,広島県,大学,関西大学,,TKPガーデンシティPREMIUM広島駅,広島県 広島市南区大須賀町13-9 ベルビュオフィス広島,
2026/02/01,広島県,大学,広島修道大学,一般選抜前期A/B/C・後期,広島修道大学（本学）,広島県広島市安佐南区大塚東1-1-1,
2026/02/01,広島県,大学,広島文教大学,一般S/A/B・後期、総合型・推薦等,広島会場（本学）,広島県広島市安佐北区可部東1-2-1,
2026/02/01,広島県,大学,広島工業大学,一般選抜A・B・C日程,五日市キャンパス（本学会場）,広島県広島市佐伯区三宅2-1-1,
2026/02/01,広島県,国家試験,広島工業大学専門学校,歯科医師,,広島県広島市西区福島町2-1-1,
2026/02/01,広島県,大学,大阪経済法科大学,一般前期A/B,TKPガーデンシティ広島,広島県広島市中央区中町8-18 広島クリスタルプラザ2〜3階,
2026/02/01,広島県,大学,関西学院大学,全日程（一般/個別/英数/共通併用）,広島県立総合体育館 武道場,広島県広島市中区基町4-1,
2026/02/01,広島県,大学,四国大学,一般入試Ⅰ期,RCC文化センター,広島県広島市中区橋本町5-11,
2026/02/01,広島県,大学,金沢工業大学,一般試験A,RCC文化センター,広島県広島市中区橋本町5-11,
2026/02/01,広島県,大学,川崎医療福祉大学,推後A・一般前期A,広島会場（TKP広島本通駅前カンファレンスセンター）,広島県広島市中区紙屋町2-2-12 信和広島ビル,
2026/02/01,広島県,大学,吉備国際大学,一般前期AⅠ/AⅡ/B/C・中期,広島会場（TKP広島本通駅前カンファレンスセンター）,広島県広島市中区紙屋町2丁目2-12,
2026/02/01,広島県,大学,九州医療科学大学,総特待・推A/B・一般前/中,TKP広島本通駅前 カンファレンスセンター,広島県広島市中区紙屋町2丁目2-12 信和広島ビル,
2026/02/01,広島県,大学,九州産業大学,一般前期（共テ併用含む）,広島国際会議場,広島県広島市中区中島町1-5,
2026/02/01,広島県,大学,専修大学,,広島国際会議場,広島県広島市中区中島町1-5,
2026/02/01,広島県,大学,愛知大学,一般選抜（前期・各方式）,広島国際会議場,広島県広島市中区中島町1-5,
2026/02/01,広島県,大学,京都先端科学大学,公募推薦A、一般A,広島YMCA国際文化センター,広島県広島市中区八丁堀7-11,
2026/02/01,広島県,大学,就実大学,一般選抜A・B日程,広島会場（広島YMCA国債文化センター）,広島県広島市中区八丁堀7-11,
2026/02/01,広島県,大学,甲南大学,一般選抜（前期）,広島YMCA国際文化センター,広島県広島市中区八丁堀7-11,
2026/02/01,広島県,大学,福山平成大学,一般選抜A・B・後期,広島YMCA国際文化センター,広島県広島市中区八丁堀7-11,
2026/02/01,広島県,大学,美作大学,推薦11月・ 一般前期,広島会場（広島YMCA国際文化センター 3号館）,広島県広島市中区八丁堀7-11,
2026/02/01,広島県,大学,阪南大学,一般前期,広島YMCA 国際文化センター2号館,広島県広島市中区八丁堀7-11,
2026/02/01,広島県,大学,大阪産業大学,一般前期A/B/C,カンファレンス21,広島県広島市中区幟町14-11 ウイング八丁堀ビル4F,
2026/02/01,広島県,大学,東京都市大学,一般選抜 前期・中期,広島会場（チサンホテル広島）,広島県広島市中区幟町14-7,
2026/02/01,広島県,大学,比治山大学,一般選抜A・B・C日程,本学（比治山大学）,広島県広島市東区牛田新町4丁目1-1,
2026/02/01,広島県,大学,大阪医科薬科大学,薬学:一般入試A,広島会場（エールエールA館 6階 ROOM2）,広島県広島市南区松原町9-1,
2026/02/01,広島県,大学,日本大学,N全学統一方式第1期,広島試験場（広島県立広島産業会館西展示館）,広島県広島市南区比治山本町16-31,
2026/02/01,広島県,大学,広島修道大学,一般選抜前期A/B/C（人数制限有）,三原シティホテル,広島県三原市城町2-2-2,
2026/02/01,広島県,大学,広島修道大学,一般選抜前期A/B/C,三次市民ホール きりり,広島県三次市三次町111-1,
2026/02/01,広島県,大学,比治山大学,一般選抜A・B日程,三次（三次グランドホテル）,広島県三次市十日市南1-10-1,
2026/02/01,広島県,大学,福山大学,一般選抜 前期A/B・後期,本学キャンパス,広島県福山市学園町1番地三蔵,
2026/02/01,広島県,大学,福山平成大学,一般選抜A・B・後期,福山（社会連携推進センター）,広島県福山市丸之内1丁目2-40,
2026/02/01,広島県,大学,福山大学,一般選抜 前期A/B・後期,社会連携推進センター（福山）,広島県福山市丸之内1丁目2番40号,
2026/02/01,広島県,大学,福山平成大学,一般選抜A・B・後期,福山平成大学（本学キャンパス）,広島県福山市御幸町上岩成正戸117-1,
2026/02/01,広島県,大学,広島修道大学,一般選抜前期A/B/C,広島県立ふくやま産業交流館（ビッグ・ローズ）,広島県福山市御幸町上岩成正戸476-5,
2026/02/01,広島県,大学,山陽学園大学,一般Ⅰ期・公募制Ⅰ期,福山ちゅうぎんビル,広島県福山市紅葉町1-1,
2026/02/01,広島県,大学,姫路大学,一般選抜A日程,福山会場,広島県福山市住吉町1-40,
2026/02/01,広島県,大学,広島文教大学,一般前期S/A、総合型・推薦前期,福山商工会議所,広島県福山市西町2-10-1,
2026/02/01,広島県,大学,広島工業大学,一般選抜A日程,福山会場（備後地域地場産業振興センター）,広島県福山市東深津町3-2-13,
2026/02/01,広島県,大学,比治山大学,一般選抜A日程,福山（穴吹ビジネス専門学校）,広島県福山市東町2-3-6,
2026/02/01,広島県,大学,中部大学,前期A/B・共通テ+,RCC文化センター,広島市中区橋本町5-11,
2026/02/01,広島県,大学,名城大学,一般選抜 地区別会場,RCC文化センター,広島市中区橋本町5-11,
2026/02/01,広島県,大学,福山大学,一般選抜 前期A/B・後期,広島会場（広島YMCA国際文化センター）,広島市中区八丁堀7-11,
2026/02/01,広島県,大学,拓殖大学,全学部統一全国選抜,広島会場　広島グランドインテリジェントホテル,広島市南区京橋町1-4,
2026/02/01,広島県,大学,立命館アジア太平洋大学,スタンダード3/英語重視/共テ+英・国/後期,TKPガーデンシティ 広島駅前大橋,広島市南区京橋町1-7 アスティ広島京橋ビルディング,
2026/02/01,広島県,大学,立命館大学,一般選抜（試験地）,TKP ガーデンシティ 広島駅前大橋,広島市南区京橋町1-7 アスティ広島京橋ビルディング,
2026/02/01,福岡県,大学,九州産業大学,一般前期（共テ併用含む）,行橋商工会議所,行橋市中央1-9-50,
2026/02/01,香川県,大学,大阪医科薬科大学,薬学:一般入試A,高松会場（サンポートホール高松 5階51会議室）,香川県高松市サンポート2-1,
2026/02/01,香川県,大学,広島修道大学,一般選抜前期A/B/C,サンポートホール高松,香川県高松市サンポート2-1,
2026/02/01,香川県,大学,甲南大学,一般選抜（前期）,四国電力株式会社 総合研修所,香川県高松市屋島西町1850-1,
2026/02/01,香川県,大学,関西学院大学,全日程（一般/個別/英数/共通併用）,村上学園高等学校 高松校,香川県高松市観光町545-3,
2026/02/01,香川県,大学,関西大学,,高松高等予備校,香川県高松市観光町547-1,
2026/02/01,香川県,大学,大阪産業大学,一般前期A/B/C,高松シティホテル,香川県高松市亀井町8-13,
2026/02/01,香川県,大学,京都先端科学大学,公募推薦A・B、一般A(2/1-2)・B・C,高松センタービル,香川県高松市寿町2-4-20,
2026/02/01,香川県,大学,四国大学,推薦・一般Ⅰ期,高松センタービル,香川県高松市寿町2-4-20,
2026/02/01,香川県,大学,大阪商業大学,公募前期・一般前期,高松センタービル,香川県高松市寿町2-4-20,
2026/02/01,香川県,大学,金沢工業大学,一般試験A,高松センタービル,香川県高松市寿町2-4-20,
2026/02/01,香川県,大学,大阪経済法科大学,一般前期B,サン・イレブン高松,香川県高松市松福町2丁目15-24,
2026/02/01,香川県,大学,高知リハビリテーション専門職大学,一般選抜A日程,KANEMITSU CAPITAL HOTEL（香川会場）,香川県高松市中野町23-1,
2026/02/01,香川県,大学,就実大学,一般選抜A・B日程,高松会場（香川県社会福祉総合センター）,香川県高松市番町1丁目10番35号,
2026/02/01,香川県,大学,山陽学園大学,一般Ⅰ期・公募制Ⅰ期,高松商工会議所,香川県高松市番町2丁目2-2,
2026/02/01,香川県,大学,吉備国際大学,一般前期AⅠ/AⅡ/B/C・中期・後期,高松会場（TKP高松カンファレンスセンター）,香川県高松市浜ノ町1-20,
2026/02/01,香川県,大学,九州医療科学大学,総特待・推A/B・一般前/中,TKP高松カンファレンスセンター,香川県高松市浜ノ町1-20 TAKAMATSU ORNE 南館3階,
2026/02/01,香川県,大学,姫路大学,一般選抜A日程,高松会場,香川県高松市片原町11番地1,
2026/02/01,香川県,大学,阪南大学,一般前期,サンメッセ香川,香川県高松市林町2217-1,
2026/02/01,香川県,大学,名城大学,一般選抜 地区別会場,サンポートホール高松,高松市サンポート2-1,
2026/02/01,香川県,大学,中部大学,前期A/B・共通テ+,高松商工会議所,高松市番町2-2-2,
2026/02/01,香川県,大学,立命館アジア太平洋大学,スタンダード3/英語重視/共テ+英・国/後期,ホテルパールガーデン,高松市福岡町2-2-1,
2026/02/01,香川県,大学,立命館大学,一般選抜（試験地）,ホテルパールガーデン,高松市福岡町2-2-1,
2026/02/01,高知県,大学,関西学院大学,全学部日程のみ,土佐塾予備校 本館,高知県高知市はりまや町3-7-8,
2026/02/01,高知県,大学,山陽学園大学,一般Ⅰ期・公募制Ⅰ期,高知商工会館,高知県高知市本町1丁目 6-24,
2026/02/01,高知県,大学,広島工業大学,一般選抜A日程,高知会場（高知商工会館）,高知県高知市本町1丁目6-24,
2026/02/01,高知県,大学,福山平成大学,一般選抜 前期A日程,高知共済会館 COMMUNITY SQUARE,高知県高知市本町5-3-20,
2026/02/01,高知県,大学,四国大学,推薦・一般Ⅰ期,高知会館,高知県高知市本町5-6-42,
2026/02/01,高知県,大学,就実大学,一般選抜A・B日程,高知会場（高知会館）,高知県高知市本町5-6-42,
2026/02/01,高知県,大学,美作大学,推薦11月・ 一般前期,高知会場（高知会館）,高知県高知市本町5-6-42,
2026/02/01,高知県,大学,高知リハビリテーション専門職大学,学校推薦・総合・社会人・一般A・B,高知リハビリテーション専門職大学（本会場）,高知県土佐市高岡町乙1139-3,
2026/02/01,高知県,大学,福山大学,一般選抜 前期A日程（高知）,高知共済会館 COMMUNITY SQUARE,高知市本町5丁目3-20,
2026/02/01,佐賀県,大学,九州産業大学,一般前期（共テ併用含む）,九州国際情報ビジネス専門学校,佐賀県佐賀市神野東1-9-32,
2026/02/01,佐賀県,大学,西九州大学,一般選抜Ⅰ・Ⅱ期,本学会場（神埼キャンパス）,佐賀県神埼市神埼町尾崎4490-9,
2026/02/01,佐賀県,大学,久留米大学,前期一般選抜,佐賀会場,佐賀市神野東2-1-3,
2026/02/01,長崎県,大学,九州産業大学,一般前期（佐世保会場）,佐世保市交通会館,佐世保市栄町7-12,
2026/02/01,山口県,大学,九州産業大学,一般前期（共テ併用含む）,海峡メッセ下関,山口県下関市豊前田町3-3-1,
2026/02/01,山口県,大学,川崎医療福祉大学,推後A・一般前期A,山口会場（山口グランドホテル）,山口県山口市小郡黄金町1-1,
2026/02/01,山口県,大学,福山平成大学,一般選抜 前期A日程,山口グランドホテル,山口県山口市小郡黄金町1-1,
2026/02/01,山口県,大学,中京学院大学,一般選抜 前期（併願）,山口会場,山口県山口市小郡黄金町2-24,
2026/02/01,山口県,大学,中京学院大学,一般前期・推薦（地方）,山口会場,山口県山口市小郡黄金町2-24,
2026/02/01,山口県,大学,関西学院大学,全学部日程のみ,北九州予備校 山口校,山口県山口市小郡御幸町1-39,
2026/02/01,山口県,大学,広島修道大学,一般選抜前期A/B/C,KDDI維新ホール,山口県山口市小郡令和1-1-1,
2026/02/01,山口県,大学,広島文教大学,一般前期S日程,山口県社会福祉会館（ゆ〜あいプラザ）,山口県山口市大手町9-6,
2026/02/01,山口県,大学,山陽学園大学,一般Ⅰ期・公募制Ⅰ期,カリエンテ山口,山口県山口市湯田温泉5丁目1-1,
2026/02/01,山口県,大学,広島修道大学,一般選抜前期A/B/C,周南地域地場産業振興センター,山口県周南市鼓海2-118-24,
2026/02/01,山口県,大学,川崎医療福祉大学,一般前期Aのみ,周南会場（ホテルサンルート徳山）,山口県周南市築港町8-33,
2026/02/01,山口県,大学,比治山大学,一般選抜A・B日程,周南（ホテルサンルート徳山）,山口県周南市築港町8-33,
2026/02/01,山口県,大学,就実大学,一般選抜A・B日程,防府会場（ルルサス防府）,山口県防府市栄町一丁目5番1号,
2026/02/01,山口県,大学,久留米大学,前期一般選抜,山口会場,山口市小郡黄金町1-1,
2026/02/01,山口県,大学,福山大学,一般選抜 前期A日程,山口会場（山口グランドホテル）,山口市小郡黄金町1番1号,
2026/02/01,山口県,大学,立命館アジア太平洋大学,スタンダード3,KDDI維新ホール,山口市小郡令和1-1-1,
2026/02/01,山口県,大学,立命館大学,一般選抜（試験地）,KDDI維新ホール,山口市小郡令和1-1-1,
2026/02/01,山口県,大学,九州産業大学,一般前期（共テ併用含む）,山口県教育会館,山口市大手町2-18,
2026/02/01,滋賀県,大学,大阪産業大学,一般前期A/B・中期,草津商工会議所,滋賀県草津市大路2丁目1-35 キラリエ草津,
2026/02/01,滋賀県,大学,花園大学,一般選抜A・B日程,草津会場,滋賀県草津市大路2丁目1-35 キラリエ草津 1F,
2026/02/01,鹿児島県,大学,九州医療科学大学,一般選抜前期,鹿屋商工会議所,鹿児島県鹿屋市新川町600,
2026/02/01,鹿児島県,大学,吉備国際大学,一般前期AⅠ/AⅡ/B/C,鹿屋会場（鹿屋商工会議所）,鹿児島県鹿屋市新川町600番地,
2026/02/01,鹿児島県,大学,九州産業大学,一般前期（共テ併用含む）,鹿児島高等予備校,鹿児島県鹿児島市高麗町15-10,
2026/02/01,鹿児島県,大学,九州栄養福祉大学,一般選抜（前期）のみ,ホテルリブマックス鹿児島,鹿児島県鹿児島市小川町15-1,
2026/02/01,鹿児島県,大学,関西学院大学,全学部日程のみ,北九州予備校 鹿児島校,鹿児島県鹿児島市西田1-7-3,
2026/02/01,鹿児島県,大学,吉備国際大学,一般前期AⅠ/AⅡ/B/C・中期,鹿児島会場（TKPガーデンシティ鹿児島中央）,鹿児島県鹿児島市中央町26-1,
2026/02/01,鹿児島県,大学,九州医療科学大学,総特待・推A/B・一般前中後,TKPガーデンシティ鹿児島中央,鹿児島県鹿児島市中央町26-1 南国アネックス2・3階,
2026/02/01,鹿児島県,大学,長崎外国語大学,一般選抜A/スカラシップ,天文館ビジョンホール 4F,鹿児島県鹿児島市東千石町13-3,
2026/02/01,鹿児島県,大学,広島工業大学,一般選抜A日程,鹿児島会場（天文館ビジョンホール）,鹿児島県鹿児島市東千石町13-3,
2026/02/01,鹿児島県,大学,久留米大学,前期一般選抜,鹿児島会場,鹿児島県鹿児島市東千石町1-38 鹿児島商工会議所ビル,
2026/02/01,鹿児島県,大学,福山平成大学,一般選抜 前期A日程,サンプラザ天文館,鹿児島県鹿児島市東千石町2-30,
2026/02/01,鹿児島県,大学,中村学園大学,一般選抜A方式・短大一般,鹿児島会場,鹿児島県鹿児島市東千石町2-30,
2026/02/01,鹿児島県,大学,立命館アジア太平洋大学,スタンダード3,SHIROYAMA HOTEL kagoshima,鹿児島市新照院町41-1,
2026/02/01,鹿児島県,大学,立命館大学,一般選抜（試験地）,SHIROYAMA HOTEL kagoshima,鹿児島市新照院町41番1号,
2026/02/01,鹿児島県,大学,福山大学,一般選抜 前期A日程（鹿児島）,サンプラザ天文館,鹿児島市東千石町2-30,
2026/02/01,島根県,大学,立命館アジア太平洋大学,スタンダード3,松江市市民活動センター（STIC）,松江市白潟本町43 STIC,
2026/02/01,島根県,大学,立命館大学,一般選抜（試験地）,松江市市民活動センター（STIC）,松江市白潟本町43 STIC,
2026/02/01,愛媛県,大学,福山大学,一般選抜 前期A日程（松山）,TKP松山市駅前カンファレンスセンター,松山市千舟町4-3-7,
2026/02/01,愛媛県,大学,立命館アジア太平洋大学,スタンダード3,松山市総合コミュニティセンター,松山市湊町7-5,
2026/02/01,愛媛県,大学,立命館大学,一般選抜（試験地）,松山市総合コミュニティセンター,松山市湊町7-5,
2026/02/01,兵庫県,大学,立命館アジア太平洋大学,スタンダード3,神戸国際展示場,神戸市中央区港島中町6-11-1,
2026/02/01,兵庫県,大学,立命館大学,一般選抜（試験地）,神戸国際展示場,神戸市中央区港島中町6-11-1,
2026/02/01,滋賀県,大学,立命館アジア太平洋大学,スタンダード3/英語重視/共テ+英・国/後期,立命館大学（びわこ・くさつキャンパス）,草津市野路東1-1-1,
2026/02/01,滋賀県,大学,立命館大学,一般選抜（試験地）,立命館大学（びわこ・くさつキャンパス）,草津市野路東1-1-1,
2026/02/01,大阪府,大学,立命館アジア太平洋大学,スタンダード3/英語重視/共テ+英・国/後期,アートホテル大阪ベイタワー,大阪市港区弁天1-2-1,
2026/02/01,大阪府,大学,立命館大学,一般選抜（試験地）,アートホテル大阪ベイタワー,大阪市港区弁天1-2-1,
2026/02/01,大阪府,大学,大東文化大学,総合型基礎・奨学金・全学統一前期,大阪会場　天満研修センター,大阪市北区錦町2-21,
2026/02/01,大阪府,大学,名城大学,一般選抜 地区別会場,CIVI北梅田研修センター,大阪市北区芝田2-7-18,
2026/02/01,大阪府,大学,拓殖大学,全学部統一全国選抜,大阪会場　新大阪ワシントンホテルプラザ,大阪市淀川区西中島5-5-15,
2026/02/01,大阪府,大学,中部大学,前期A/B・共通テ+,大阪公立大学I-siteなんば,大阪市浪速区敷津東2-1-41 南海なんば第1ビル2F,
2026/02/01,大阪府,大学,四天王寺大学,推薦・一般前中後期・帰国生,本学キャンパス,大阪府羽曳野市学園前三丁目2番1号,
2026/02/01,大阪府,大学,和泉大学,一般選抜(前期A/B・後期)、総合型・推薦,本学会場（大阪河﨑リハビリテーション大学）,大阪府貝塚市水間158番地,
2026/02/01,大阪府,大学,大阪医科薬科大学,看護:推・一般・共テ2次,本部北キャンパス,大阪府高槻市大学町2-7,
2026/02/01,大阪府,大学,大阪医科薬科大学,薬学:推・一般A・一般B,阿武山キャンパス,大阪府高槻市奈佐原4-20-1,
2026/02/01,大阪府,大学,阪南大学,公募/一般/帰国/社会人/留学生,本学キャンパス,大阪府松原市天美東5-4-33,
2026/02/01,大阪府,大学,大阪電気通信大学,一般A/B/中期/後期・特別入試,本学（寝屋川キャンパス）,大阪府寝屋川市初町18-8,
2026/02/01,大阪府,大学,関西大学,一般選抜（全学1・独自・全学2）,関西大学 千里山キャンパス,大阪府吹田市山手町3-3-35,
2026/02/01,大阪府,大学,大阪観光大学,総合型・推薦・一般・編入・社会人,大阪観光大学キャンパス,大阪府泉南郡熊取町大久保南5-3-1,
2026/02/01,大阪府,大学,大阪医科薬科大学,薬学:一般入試A,大阪会場（あべのハルカス25F）,大阪府大阪市阿倍野区阿倍野筋1-1-43,
2026/02/01,大阪府,大学,大阪女学院大学,全入試を本学で実施（一般選抜ほか）,本学（大阪女学院大学・短期大学）,大阪府大阪市中央区玉造2-26-54,
2026/02/01,大阪府,大学,北里大学,獣医学部・海洋生命 一般前期,JEC日本研修センター 心斎橋,大阪府大阪市中央区南船場1-18-11 SRビル長堀2F・4F・5F,
2026/02/01,大阪府,大学,関西学院大学,大阪南の一部日程（個別/英数等）,TKP心斎橋駅前カンファレンスセンター,大阪府大阪市中央区南船場3-11-18 郵政福祉心斎橋ビル3F・11F,
2026/02/01,大阪府,大学,関西学院大学,全日程（大阪南・一般/個別等）,難波御堂筋ホール,大阪府大阪市中央区難波4-2-1,
2026/02/01,大阪府,大学,甲南大学,一般選抜（前期）,なんばスカイオ コンベンションホール,大阪府大阪市中央区難波5丁目1-60,
2026/02/01,大阪府,大学,日本大学,N全学統一方式第1期,大阪試験場（AP大阪淀屋橋）,大阪府大阪市中央区北浜3-2-25 京阪淀屋橋ビル3階・4階,
2026/02/01,大阪府,大学,関西学院大学,全日程（大阪北・一般/個別等）,TKPガーデンシティ大阪リバーサイドホテル,大阪府大阪市都島区中野町5-12-30,
2026/02/01,大阪府,国家試験,大阪経済大学 大隅キャンパス,歯科医師,,大阪府大阪市東淀川区大隅2-2-8,
2026/02/01,大阪府,大学,吉備国際大学,一般前期AⅠ/AⅡ/B/C・中期・後期,大阪会場（新大阪丸ビル新館会議室）,大阪府大阪市東淀川区東中島1-18--27,
2026/02/01,大阪府,大学,就実大学,一般選抜A・B日程,大阪会場（KITENA新大阪）,大阪府大阪市東淀川区東中島1-18-5,
2026/02/01,大阪府,大学,藤田医科大学,医:一般一次／医療科:前期A,大阪会場,大阪府大阪市東淀川区東中島1-19-4,
2026/02/01,大阪府,大学,九州医療科学大学,総特待・推A/B・一般前/中,新大阪丸ビル新館会議室,大阪府大阪市東淀川区東中島1-8-27,
2026/02/01,大阪府,大学,姫路大学,一般選抜A日程,大阪会場,大阪府大阪市東淀川区東中島1丁目18番22号,
2026/02/01,大阪府,大学,広島工業大学,一般選抜A日程,大阪会場（CIVI研修センター新大阪東）,大阪府大阪市東淀川区東中島1丁目19-4,
2026/02/01,大阪府,大学,北陸大学,一般選抜A日程,TKPガーデンシティ大阪梅田（TKPゲートタワービル）,大阪府大阪市福島区福島5-4-21 TKPゲートタワービル,
2026/02/01,大阪府,大学,千葉工業大学,A/SA・B/SB日程サテライト,大阪試験場（新梅田研修センター）,大阪府大阪市福島区福島6-22-20,
2026/02/01,大阪府,大学,専修大学,,新梅田研修センター,大阪府大阪市福島区福島6-22-20,
2026/02/01,大阪府,大学,金沢工業大学,一般A・B/総合選抜,新梅田研修センター,大阪府大阪市福島区福島6-22-20,
2026/02/01,大阪府,大学,大阪常磐会大学,一般選抜 前期・後期,本学（北キャンパス）,大阪府大阪市平野区平野南4-6-7,
2026/02/01,大阪府,大学,大阪経済法科大学,一般前期A/B,TKP大阪梅田カンファレンスセンター,大阪府大阪市北区角田町1-12 阪急ファイブアネックス,
2026/02/01,大阪府,大学,甲南大学,一般選抜（前期）,グランフロント大阪北館 ナレッジキャピタル コングレコンベンションセンター,大阪府大阪市北区大深町3-1 グランフロント大阪北館地下2階,
2026/02/01,大阪府,大学,阪南大学,公募・一般前期,梅田センタービル,大阪府大阪市北区中崎西2-4-12,
2026/02/01,大阪府,大学,日本体育大学,一般選抜A・B日程,大阪会場（AP大阪梅田東 日本生命梅田ビル）,大阪府大阪市北区堂山町3-3 日本生命梅田ビル AP大阪梅田東,
2026/02/01,大阪府,大学,東京都市大学,一般選抜 前期のみ,大阪会場（イオンコンパス大阪駅前会議室）,大阪府大阪市北区梅田1-2-2 大阪駅前第2ビル15階,
2026/02/01,大阪府,大学,京都先端科学大学,公募推薦A・B、一般A・B・C,イオンコンパス大阪駅前会議室,大阪府大阪市北区梅田1丁目2-2 大阪駅前第2ビル15階,
2026/02/01,大阪府,大学,関西学院大学,全学部日程のみ（大阪北）,ハービスホール,大阪府大阪市北区梅田2-5-25 ハービスOSAKA B2F,
2026/02/01,大阪府,大学,四国大学,推薦・一般Ⅰ期,ハートンホテル北梅田,大阪府大阪市北区豊崎3-12-10,
2026/02/01,大阪府,大学,帝京大学,奨学特待生・一般選抜Ⅰ期,大阪試験場（TKPガーデンシティ新大阪）,大阪府大阪市淀川区宮原4-1-4,
2026/02/01,大阪府,大学,川崎医療福祉大学,推後A・一般前期A,大阪会場（TKP新大阪ビジネスセンター）,大阪府大阪市淀川区西中島5-13-9 新大阪MTビル1号館,
2026/02/01,大阪府,大学,福山平成大学,一般選抜A・後期,TKP新大阪ビジネスセンター（新大阪MTビル1号館）,大阪府大阪市淀川区西中島5-13-9 新大阪MTビル1号館3〜4F,
2026/02/01,大阪府,大学,福山大学,一般選抜 前期A・後期,TKP新大阪ビジネスセンター,大阪府大阪市淀川区西中島5-13-9 新大阪MTビル1号館3F/4F,
2026/02/01,大阪府,大学,大阪産業大学,一般前期A/B/C・中期・後期,本学キャンパス,大阪府大東市中垣内3-1-1,
2026/02/01,大阪府,大学,大阪商業大学,公募前期/後期・一般前期/後期,大阪商業大学,大阪府東大阪市御厨栄町4-1-10,
2026/02/01,大阪府,大学,関西福祉科学大学,総合型IV/V・推薦後期・一般A/B/C,関西福祉科学大学,大阪府柏原市旭ケ丘3丁目11番1号,
2026/02/01,大阪府,大学,大阪経済法科大学,AO/特色・公募・一般前中後期等,本学 八尾駅前キャンパス,大阪府八尾市北本町2-10-45,
2026/02/01,大阪府,大学,大阪青山大学,一般A/B/C、総合D、社会人B,本学（箕面キャンパス）,大阪府箕面市新稲2-11-1,
2026/02/01,大分県,大学,関西学院大学,全学部日程のみ,北九州予備校 大分校,大分県大分市金池町2-7-17,
2026/02/01,大分県,大学,広島工業大学,一般選抜A日程,大分会場（大分県中小企業会館）,大分県大分市金池町3丁目1-64,
2026/02/01,大分県,大学,長崎外国語大学,一般選抜A/スカラシップ,ホルトホール大分 4F,大分県大分市金池南1-5-1,
2026/02/01,大分県,大学,福山平成大学,一般選抜 前期A日程,大分県労働福祉会館ソレイユ,大分県大分市中央町4-2-5,
2026/02/01,大分県,大学,久留米大学,前期一般選抜,大分会場,大分県大分市中央町4丁目2-5 ソレイユ,
2026/02/01,大分県,大学,吉備国際大学,一般前期AⅠ/AⅡ/B/C・中期,大分会場（アートホテル大分）,大分県大分市都町2-1-7,
2026/02/01,大分県,大学,九州医療科学大学,総特待・推A/B・一般前中後,アートホテル大分,大分県大分市都町2丁目1-7,
2026/02/01,大分県,大学,中村学園大学,一般選抜A方式・短大一般,大分会場,大分県大分市東春日町17-20,
2026/02/01,大分県,大学,九州栄養福祉大学,一般選抜（前期）のみ,大分センチュリーホテル,大分県大分市府内町1-4-28,
2026/02/01,大分県,大学,九州産業大学,一般前期（共テ併用含む）,J:COMホルトホール大分,大分市金池南1-5-1,
2026/02/01,大分県,大学,福山大学,一般選抜 前期A日程（大分）,大分県労働福祉会館 ソレイユ,大分市中央町4丁目2番5号,
2026/02/01,大分県,大学,立命館アジア太平洋大学,スタンダード3/英語重視/共テ+英・国/後期,コンパルホール,大分市府内町1-5-38,
2026/02/01,大分県,大学,立命館大学,一般選抜（試験地）,コンパルホール,大分市府内町1-5-38,
2026/02/01,長崎県,大学,長崎外国語大学,一般選抜A/スカラシップ・一般B,本学,長崎県長崎市横尾3-15-1,
2026/02/01,長崎県,大学,中村学園大学,一般選抜A方式・短大一般,長崎会場,長崎県長崎市出島町12-20,
2026/02/01,長崎県,大学,九州産業大学,一般前期（共テ併用含む）,出島メッセ長崎,長崎県長崎市尾上町4-1,
2026/02/01,長崎県,大学,九州看護福祉大学,一般選抜 前期A日程,出島メッセ長崎,長崎県長崎市尾上町4-1,
2026/02/01,長崎県,大学,日本大学,N全学統一方式第1期,長崎試験場（長崎日本大学高等学校）,長崎県諫早市貝津町1555,
2026/02/01,長崎県,大学,久留米大学,前期一般選抜,長崎会場,長崎市魚の町3-33,
2026/02/01,鳥取県,大学,就実大学,一般選抜A・B日程,鳥取会場（白兎会館）,鳥取県鳥取市末広温泉町556,
2026/02/01,鳥取県,大学,美作大学,推薦11月・ 一般前期,鳥取会場（白兎会館）,鳥取県鳥取市末広温泉町556,
2026/02/01,鳥取県,大学,川崎医療福祉大学,推後A・一般前期A,米子会場（スマイルホテル米子）,鳥取県米子市西福原1-1-55,
2026/02/01,鳥取県,大学,福山平成大学,一般選抜 前期A日程,米子市文化ホール,鳥取県米子市末広町293,
2026/02/01,鳥取県,大学,四国大学,推薦・一般Ⅰ期,米子ワシントンホテルプラザ,鳥取県米子市明治町125,
2026/02/01,島根県,大学,比治山大学,一般選抜A・B日程,松江（松江労働会館［ろうかん］）,島根県松江市御手船場町557-7,
2026/02/01,島根県,大学,関西学院大学,全学部日程のみ,島根県労働会館（ろうかん）,島根県松江市御手船場町557-7,
2026/02/01,島根県,大学,広島工業大学,一般選抜A日程,松江会場（松江テルサ）,島根県松江市朝日町478-18,
2026/02/01,島根県,大学,広島文教大学,一般前期S/A、総合型・推薦前期,松江テルサ,島根県松江市朝日町478-18,
2026/02/01,島根県,大学,就実大学,一般選抜A・B日程,松江会場（松江テルサ）,島根県松江市朝日町478-18,
2026/02/01,島根県,大学,広島修道大学,一般選抜前期A/B/C,島根県民会館,島根県松江市殿町158,
2026/02/01,島根県,大学,関西福祉科学大学,一般選抜A,島根県民会館,島根県松江市殿町158,
2026/02/01,島根県,大学,九州医療科学大学,一般選抜前/中,サンラポーむらくも,島根県松江市殿町369,
2026/02/01,島根県,大学,吉備国際大学,一般前期AⅠ/AⅡ/B/C・中期,松江会場（サンラボーむらくも）,島根県松江市殿町369,
2026/02/01,島根県,大学,山陽学園大学,一般Ⅰ期・公募制Ⅰ期,サンラポーむらくも,島根県松江市殿町369,
2026/02/01,島根県,大学,美作大学,推薦11月・ 一般前期,松江会場（サンラポーむらくも）,島根県松江市殿町369,
2026/02/01,島根県,大学,広島修道大学,一般選抜前期A/B/C,いわみーる,島根県浜田市野原町1826-1,
2026/02/01,徳島県,大学,四国大学,一般入試Ⅰ期,阿南市商工業振興センター,徳島県阿南市富岡町今福寺34-4,
2026/02/01,徳島県,大学,四国大学,推薦・一般Ⅰ期,三好教育センター（三好教育研究所）,徳島県三好市池田町マチ2215,
2026/02/01,徳島県,大学,四国大学,推薦・一般Ⅰ〜Ⅲ期,四国大学（本学キャンパス）,徳島県徳島市応神町古川字戎子野123-1,
2026/02/01,徳島県,高等学校,生光学園,,,徳島県徳島市応神町中原字宮ノ前38,
2026/02/01,徳島県,大学,大阪電気通信大学,一般前期B・推薦,徳島会場,徳島県徳島市八百屋町3-15 サンコーポ徳島ビル,
2026/02/01,徳島県,大学,高知リハビリテーション専門職大学,一般選抜A日程,徳島県教育会館（徳島会場）,徳島県徳島市北田宮1-8-68,
2026/02/01,徳島県,大学,大阪産業大学,一般前期A/B/C,あわぎんホール,徳島県徳島市藍場町2-14（3階）,
2026/02/01,奈良県,大学,大阪産業大学,一般前期A/B/C,大和高田商工会議所 経済会館,奈良県大和高田市大中106-2,
2026/02/01,奈良県,大学,関西学院大学,全学部日程のみ,奈良県コンベンションセンター,奈良県奈良市三条大路1丁目691-1,
2026/02/01,奈良県,大学,阪南大学,公募・一般前期,奈良商工会議所,奈良県奈良市西大寺南町8-33,
2026/02/01,沖縄県,大学,拓殖大学,全学部統一全国選抜,那覇会場　オリオンホテル那覇,那覇市安里1-2-21,
2026/02/01,沖縄県,大学,名城大学,一般選抜 地区別会場,沖縄ペットワールド専門学校,那覇市東町19-20,
2026/02/01,沖縄県,大学,大東文化大学,全学統一前期,那覇会場　那覇尚学院 別館,那覇市泊2-17-4,
2026/02/01,滋賀県,大学,中部大学,前期A/B・共通テ+,彦根勤労福祉会館,彦根市大東町4-28,
2026/02/01,兵庫県,大学,立命館アジア太平洋大学,スタンダード3,アクリエひめじ（姫路市文化コンベンションセンター）,姫路市神屋町143-2,
2026/02/01,兵庫県,大学,立命館大学,一般選抜（試験地）,アクリエひめじ（姫路市文化コンベンションセンター）,姫路市神屋町143-2,
2026/02/01,福岡県,大学,久留米大学,前期一般選抜（医学科・文系）,御井キャンパス,福岡県久留米市御井町1635,
2026/02/01,福岡県,大学,帝京大学,福岡キャンパス試験場,大牟田試験場（帝京大学 福岡キャンパス）,福岡県大牟田市岬町6-22,
2026/02/01,福岡県,大学,神奈川工科大学,一般A日程,福岡会場（リファレンス大博多ビル）,福岡県博多区博多駅前2丁目20-1,
2026/02/01,福岡県,大学,中村学園大学,A方式・B方式・後期・短大一般,本学（福岡）,福岡県福岡市城南区別府5-7-1,
2026/02/01,福岡県,大学,関西大学,,TKPエルガーラホール,福岡県福岡市中央区天神1丁目4-2,
2026/02/01,福岡県,大学,獨協大学,全学科統一前期・学科別/外検+実施,福岡会場（リファレンスヒューリックスクエア福岡天神）,福岡県福岡市中央区天神2-8-49 ヒューリック福岡ビル 4F・5F,
2026/02/01,福岡県,大学,芝浦工業大学,一般選抜（前期/全学統一）,福岡会場（天神チクモクビル）,福岡県福岡市中央区天神3-10-27,
2026/02/01,福岡県,大学,九州栄養福祉大学,一般選抜（前期）のみ,福岡ガーデンパレス,福岡県福岡市中央区天神4-8-15,
2026/02/01,福岡県,大学,九州産業大学,一般前期/後期・実技前期,九州産業大学,福岡県福岡市東区松香台2-3-1,
2026/02/01,福岡県,大学,九州看護福祉大学,一般選抜 前期A日程,福岡中小企業振興センター,福岡県福岡市博多区吉塚本町9-15,
2026/02/01,福岡県,大学,福山大学,一般選抜 前期A・後期,福岡県中小企業振興センター,福岡県福岡市博多区吉塚本町9-15,
2026/02/01,福岡県,大学,福山平成大学,一般選抜A・後期,福岡県中小企業振興センター,福岡県福岡市博多区吉塚本町9-15,
2026/02/01,福岡県,大学,愛知大学,一般選抜（前期・各方式）,パピヨン24,福岡県福岡市博多区千代1-17-1,
2026/02/01,福岡県,大学,北里大学,獣医学部・海洋生命 一般前期,アクア博多,福岡県福岡市博多区中洲5-3-8,
2026/02/01,福岡県,国家試験,博多国際展示場＆カンファレンスセンター,歯科医師,,福岡県福岡市博多区東光2-22-15,
2026/02/01,福岡県,大学,四国大学,一般入試Ⅰ期,福岡朝日ビル,福岡県福岡市博多区博多駅前2-1-1,
2026/02/01,福岡県,大学,,一般選抜Ⅰ期（福岡医療技術）,博多第3試験場（TKP博多口カンファレンスセンター）,福岡県福岡市博多区博多駅前2-1-1,
2026/02/01,福岡県,大学,日本大学,N全学統一方式第1期,福岡試験場（福岡商工会議所）,福岡県福岡市博多区博多駅前2-9-28,
2026/02/01,福岡県,大学,専修大学,,TKPカンファレンスシティ博多,福岡県福岡市博多区博多駅前3-19-5 博多石川ビル1階,
2026/02/01,福岡県,大学,吉備国際大学,一般前期AⅠ/AⅡ/B/C・中期・後期,福岡会場（エイムアテイン博多駅前会議室）,福岡県福岡市博多区博多駅前3-25-24,
2026/02/01,福岡県,大学,大阪経済法科大学,公募前期・一般前期A/B・中期,エイムアテイン博多駅前貸会議室,福岡県福岡市博多区博多駅前3-25-24 八百治ビル,
2026/02/01,福岡県,大学,九州医療科学大学,総I期・総特待・推A/B・一般前中後,エイムアテイン 博多駅前貸会議室,福岡県福岡市博多区博多駅前3-25-24 八百治ビル5・6階,
2026/02/01,福岡県,大学,大阪商業大学,一般入試 前期,エイムアテイン博多駅前貸会議室,福岡県福岡市博多区博多駅前3-25-24 八百治ビル5階,
2026/02/01,福岡県,大学,金沢工業大学,一般A・B/総合・自己推薦,公務員ビジネス専門学校,福岡県福岡市博多区博多駅前3-29-8,
2026/02/01,福岡県,大学,帝京大学,福岡会場（詳細は案内参照）,博多試験場（TKPガーデンシティ博多）,福岡県福岡市博多区博多駅前3-4-8,
2026/02/01,福岡県,大学,関西学院大学,全日程（一般/個別/英数/共通併用）,代々木ゼミナール 福岡校,福岡県福岡市博多区博多駅前4-2-25,
2026/02/01,福岡県,大学,大阪医科薬科大学,薬学:一般入試A,博多会場（博多バスターミナル 9階第12ホール）,福岡県福岡市博多区博多駅中央街2-1,
2026/02/01,福岡県,大学,広島修道大学,一般選抜前期A/B/C,博多バスターミナル 9階,福岡県福岡市博多区博多駅中央街2-1,
2026/02/01,福岡県,大学,西九州大学,一般選抜Ⅰ期 地方会場,福岡会場,福岡県福岡市博多区博多駅中央街4-8,
2026/02/01,福岡県,大学,大阪産業大学,一般前期A/B/C,TKP博多駅筑紫口ビジネスセンター,福岡県福岡市博多区博多駅中央街4-8 ユーコウビル8階,
2026/02/01,福岡県,大学,千葉工業大学,A/SA日程サテライト,福岡試験場（TKPガーデンシティ博多新幹線口）,福岡県福岡市博多区博多駅中央街5-14 福さ屋本社ビル,
2026/02/01,福岡県,大学,長崎外国語大学,一般選抜A/スカラシップ,リファレンス駅東ビル 2F,福岡県福岡市博多区博多駅東1-16-14,
2026/02/01,福岡県,大学,姫路大学,一般選抜A日程,福岡会場,福岡県福岡市博多区博多駅東1-16-14 リファレンス駅ビル7F,
2026/02/01,福岡県,大学,神奈川歯科大学,一般選抜1期 A日程,福岡会場,福岡県福岡市博多区博多駅東1-16-14 リファレンス駅東ビル,
2026/02/01,福岡県,大学,中京学院大学,一般選抜 前期（併願）,博多会場,福岡県福岡市博多区博多駅東1丁目12-17 オフィスニューガイア 7F,
2026/02/01,福岡県,大学,中京学院大学,一般前期・推薦（地方）,博多会場,福岡県福岡市博多区博多駅東1丁目12-17 オフィスニューガイア 7F,
2026/02/01,福岡県,大学,関西福祉科学大学,一般選抜A,リファレンスはかた近代ビル貸会議室,福岡県福岡市博多区博多駅東1丁目1-33 はかた近代ビル1F,
2026/02/01,福岡県,大学,明治学院大学,一般選抜：全学部日程（学外会場）,福岡会場（リファレンス駅東ビル）,福岡県福岡市博多区博多駅東1丁目16-14,
2026/02/01,福岡県,大学,東京都市大学,一般選抜 前期・中期,福岡会場（OHI 八重洲博多ビル 貸会議室）,福岡県福岡市博多区博多駅東2-18-30,
2026/02/01,福岡県,大学,京都先端科学大学,公募推薦A、一般A・B,八重洲博多ビル,福岡県福岡市博多区博多駅東2丁目18-30,
2026/02/01,福岡県,大学,広島工業大学,一般選抜A日程,福岡会場（八重洲博多ビル）,福岡県福岡市博多区博多駅東2丁目18-30,
2026/02/01,福岡県,大学,九州栄養福祉大学,全入試（共テ利用除く）,小倉北区キャンパス,福岡県北九州市小倉北区下到津5丁目1-1,
2026/02/01,福岡県,大学,広島修道大学,一般選抜前期A/B/C,毎日西部会館（（株）毎日ビルディング）,福岡県北九州市小倉北区紺屋町13-1,
2026/02/01,福岡県,大学,広島工業大学,一般選抜A日程,小倉会場（毎日西部会館 ）,福岡県北九州市小倉北区紺屋町13-1,
2026/02/01,福岡県,大学,中村学園大学,一般選抜A方式・短大一般,北九州会場,福岡県北九州市小倉北区堺町1丁目6-13,
2026/02/01,福岡県,大学,関西学院大学,全学部日程のみ（小倉）,北九州予備校 小倉駅校,福岡県北九州市小倉北区浅野1丁目3-27,
2026/02/01,福岡県,大学,吉備国際大学,一般前期AⅠ/AⅡ/B/C,北九州会場（TKP小倉駅前カンファレンスセンター）,福岡県北九州市小倉北区浅野2-14-2,
2026/02/01,福岡県,大学,九州医療科学大学,総特待・推B・一般前/中,TKP小倉駅前 カンファレンスセンター,福岡県北九州市小倉北区浅野2-14-2 小倉興産16号館8・9階,
2026/02/01,福岡県,大学,文教大学,全国入試,福岡会場 アクロス福岡,福岡市中央区天神1-1-1,
2026/02/01,福岡県,大学,名城大学,一般選抜 地区別会場,アーバン・オフィス天神,福岡市中央区天神1-3-38 天神121ビル13階,
2026/02/01,福岡県,大学,久留米大学,前期一般選抜,福岡会場,福岡市中央区天神1-4-1,
2026/02/01,福岡県,大学,拓殖大学,全学部統一全国選抜,福岡会場　福岡ガーデンパレス,福岡市中央区天神4-8-15,
2026/02/01,福岡県,大学,中部大学,前期A/B・共通テ+,福岡県中小企業振興センター,福岡市博多区吉塚本町9-15,
2026/02/01,福岡県,大学,立命館アジア太平洋大学,スタンダード3/英語重視/共テ+英・国/後期,博多国際展示場＆カンファレンスセンター,福岡市博多区東光2-22-15,
2026/02/01,福岡県,大学,立命館大学,一般選抜（試験地）,博多国際展示場＆カンファレンスセンター,福岡市博多区東光2-22-15,
2026/02/01,福岡県,大学,就実大学,一般選抜A・B日程,福岡会場（リファレンス大博多ビル貸会議室）,福岡市博多区博多駅前2丁目20-1,
2026/02/01,福岡県,大学,大東文化大学,奨学金・全学統一前期/後期,福岡会場　リファレンス大博多ビル貸会議室,福岡市博多区博多駅前2丁目20-1 大博多ビル11F,
2026/02/01,兵庫県,大学,関西国際大学,一般選抜 前期A/B（本学会場）,三木キャンパス,兵庫県三木市志染町青山1丁目18,
2026/02/01,兵庫県,大学,大阪経済法科大学,一般前期A/B,三宮コンベンションセンター,兵庫県神戸市中央区磯辺通2-2-10 ワンノットトレーズビル5F,
2026/02/01,兵庫県,大学,関西大学,,神戸国際会議場,兵庫県神戸市中央区港島中町6丁目9-1 神戸国際交流会館,
2026/02/01,兵庫県,大学,関西国際大学,一般選抜 前期A/B（本学会場）,神戸山手キャンパス,兵庫県神戸市中央区諏訪山町3-1,
2026/02/01,兵庫県,大学,大阪電気通信大学,一般前期A/B・推薦,神戸会場,兵庫県神戸市中央区中山手通4-10-8,
2026/02/01,兵庫県,大学,大阪産業大学,一般前期A/B/C,神戸駅前研修センター,兵庫県神戸市中央区中町通2丁目3-1 SK HOTEL神戸駅前内,
2026/02/01,兵庫県,大学,関西福祉科学大学,一般選抜A,三宮研修センター,兵庫県神戸市中央区八幡通4-2-12 カサベラFRⅡビル,
2026/02/01,兵庫県,大学,関西大学,,三宮研修センター,兵庫県神戸市中央区八幡通4丁目2-12 カサベラFRⅡビル,
2026/02/01,兵庫県,大学,関西大学,,神戸サンボーホール,兵庫県神戸市中央区浜辺通5丁目1-32,
2026/02/01,兵庫県,大学,甲南大学,一般選抜（前期・中期）,甲南大学岡本キャンパス,兵庫県神戸市東灘区岡本8-9-1,
2026/02/01,兵庫県,大学,関西学院大学,全日程（一般/個別/英数/共通併用）,関西学院大学 西宮上ケ原キャンパス（本学）,兵庫県西宮市上ケ原一番町1-155,
2026/02/01,兵庫県,大学,九州医療科学大学,総特待・推B・一般前期,吉備国際大学 南あわじ志知キャンパス,兵庫県南あわじ市志知佐礼尾370-1,
2026/02/01,兵庫県,大学,吉備国際大学,一般前期AⅠ/AⅡ/B/C,南あわじ会場（南あわじ志知キャンパス）,兵庫県南あわじ市志知佐礼尾370-1,
2026/02/01,兵庫県,大学,関西国際大学,一般選抜 前期A/B（本学会場）,尼崎手キャンパス,兵庫県尼崎市潮江1丁目3-23,
2026/02/01,兵庫県,大学,就実大学,一般選抜A・B日程,姫路会場（Office ADOCK）,兵庫県姫路市駅前町222,
2026/02/01,兵庫県,大学,大阪産業大学,一般前期A/B/C,姫路商工会議所,兵庫県姫路市下寺町43,
2026/02/01,兵庫県,大学,関西大学,,姫路商工会議所,兵庫県姫路市下寺町43,
2026/02/01,兵庫県,大学,吉備国際大学,一般前期AⅠ/AⅡ/B/C,姫路会場（姫路キャッスルグランヴィリオホテル）,兵庫県姫路市三左衛門堀西の町210,
2026/02/01,兵庫県,大学,九州医療科学大学,一般選抜前期,姫路キヤッスルグランヴィリオホテル,兵庫県姫路市三左衛門堀西の町210番地,
2026/02/01,兵庫県,大学,甲南大学,一般選抜（前期）文系のみ,兵庫県立武道館,兵庫県姫路市西延末504番地,
2026/02/01,兵庫県,大学,関西学院大学,全日程（一般/個別/英数/共通併用）,兵庫県立武道館,兵庫県姫路市西延末504番地,
2026/02/01,兵庫県,大学,姫路大学,一般選抜A日程,本学（姫路）,兵庫県姫路市大塩町2042-2,
2026/02/01,兵庫県,大学,大阪電気通信大学,一般前期A/B・推薦,姫路会場,兵庫県姫路市南駅前町123,
2026/02/01,兵庫県,大学,関西学院大学,全学部日程のみ（姫路）,姫路・西はりま地場産業センター,兵庫県姫路市南駅前町123番,
2026/02/01,兵庫県,大学,甲南大学,一般選抜（前期）理系のみ,兵庫県立姫路労働会館,兵庫県姫路市北条1丁目98番地,
2026/02/01,兵庫県,大学,川崎医療福祉大学,推後A・一般前期A,姫路会場（BIZ SPACE HIMEJI）,兵庫県姫路市本町127 大手前ダイネンBLD.Ⅱ,
2026/02/01,兵庫県,大学,大阪産業大学,公募推薦前期,BIZ SPACE 姫路,兵庫県姫路市本町127番地 大手前ダイネンBLD.Ⅱ,
2026/02/01,兵庫県,大学,金沢工業大学,一般試験A,BIZ SPACE 姫路,兵庫県姫路市本町127番地 大手前ダイネンBLD.II,
2026/02/01,兵庫県,大学,大阪産業大学,一般前期A/B/C,宝塚商工会議所,兵庫県宝塚市栄町2-1-2 ソリオ2（6階）,
2026/02/01,兵庫県,大学,姫路大学,一般選抜A日程,豊岡会場,兵庫県豊岡市 牧160番地,
2026/02/01,鳥取県,大学,福山大学,一般選抜 前期A日程（米子）,米子市文化ホール,米子市末広町293,
2026/02/01,福岡県,大学,久留米大学,前期一般選抜,北九州会場,北九州市小倉北区浅野2-14-1,
2026/02/01,福岡県,大学,立命館アジア太平洋大学,スタンダード3,北九州国際会議場,北九州市小倉北区浅野3-9-30,
2026/02/01,福岡県,大学,立命館大学,一般選抜（試験地）,北九州国際会議場,北九州市小倉北区浅野3-9-30,
2026/02/01,和歌山県,大学,大阪商業大学,一般入試 前期,学校法人 大原学園 和歌山校 2号館,和歌山県和歌山市黒田108-1,
2026/02/01,和歌山県,大学,関西学院大学,全学部日程のみ,和歌山ビッグウエーブ,和歌山県和歌山市手平2-1-1,
2026/02/01,和歌山県,大学,阪南大学,一般前期,和歌山県民文化会館,和歌山県和歌山市小松原通1-1,
2026/02/01,和歌山県,大学,関西福祉科学大学,一般選抜A,和歌山YMCA国際福祉専門学校,和歌山県和歌山市太田1丁目12-13,
2026/02/01,和歌山県,大学,大阪産業大学,一般前期A/B/C,和歌山英数学館 2号館,和歌山県和歌山市太田2-13-7,
2026/02/01,和歌山県,大学,関西大学,,和歌山英数学館,和歌山県和歌山市太田2丁目13-12,
2026/02/01,和歌山県,大学,大阪電気通信大学,一般前期A/B・推薦,和歌山会場,和歌山県和歌山市美園町5-1-1,
2026/02/01,和歌山県,大学,大阪経済法科大学,公募前期・一般前期A/B・中期,和歌山県勤労福祉会館プラザホープ,和歌山県和歌山市北出島1丁目5-47,
2026/02/01,和歌山県,大学,立命館アジア太平洋大学,スタンダード3,ホテルアバローム紀の国,和歌山市湊通丁北2-1-2,
2026/02/01,和歌山県,大学,立命館大学,一般選抜（試験地）,ホテルアバローム紀の国,和歌山市湊通丁北2-1-2,
2026/02/01,大阪府,大学,立命館アジア太平洋大学,スタンダード3/英語重視/共テ+英・国/後期,立命館大学（大阪いばらきキャンパス）,茨木市岩倉町2-150,
2026/02/01,大阪府,大学,立命館大学,一般選抜（試験地）,立命館大学（大阪いばらきキャンパス）,茨木市岩倉町2-150,
2026/02/01,岡山県,大学,森ノ宮医療大学,一般前期B,岡山会場（TKPガーデンシティ岡山）,岡山県岡山市北区中山下1-8-45NTTクレド岡山ビル,
2026/02/01,京都府,大学,佛教大学,一般選抜（Ａ日程）,京都（本学）会場（佛教大学 紫野キャンパス）,京都市北区紫野北花ノ坊町96,
2026/02/01,京都府,大学,佛教大学,一般選抜（Ａ日程）,福知山市厚生会館,京都府福知山市中ノ170-5,
2026/02/01,広島県,大学,名古屋外国語大学,一般選抜前期Ｍ3方式、一般選抜前期Ｍ2方式,ワークピア広島,広島県広島市南区金屋町1-17,
2026/02/01,広島県,大学,川崎医療福祉大学,一般選抜前期 [A日程],広島会場（TKP広島本通駅前カンファレンスセンター）,広島市中区紙屋町2-2-12 信和広島ビル,
2026/02/01,広島県,大学,佛教大学,一般選抜（Ａ日程）,TKP広島本通駅前カンファレンスセンター,広島市中区紙屋町2丁目2-12信和広島ビル3階,
2026/02/01,香川県,大学,佛教大学,一般選抜（Ａ日程）,高松センタービル,高松市寿町2-4-20,
2026/02/01,香川県,大学,川崎医療福祉大学,一般選抜前期 [A日程],高松会場（ホテルマリンパレスさぬき）,高松市福岡町2-3-4,
2026/02/01,高知県,大学,川崎医療福祉大学,一般選抜前期 [A日程],高知会場（高知共済会館 COMMUNITY SQUARE）,高知市本町5-3-20,
2026/02/01,山口県,大学,川崎医療福祉大学,一般選抜前期 [A日程],山口会場（セントコア山ロ）,山ロ市湯田温泉3-2-7,
2026/02/01,愛媛県,大学,川崎医療福祉大学,一般選抜前期 [A日程],松山会場（ホテルサンルート松山）,松山市宮田町391-8,
2026/02/01,兵庫県,大学,佛教大学,一般選抜（Ａ日程）,ラッセホール,神戸市中央区中山手通4丁目10-8,
2026/02/01,岡山県,大学,川崎医療福祉大学,一般選抜前期 [A日程],倉敷市,倉敷市松島288,
2026/02/01,岡山県,大学,川崎医療福祉大学,一般選抜前期 [B日程],倉敷市,倉敷市松島288,
2026/02/01,大阪府,大学,南九州大学,一般選抜 I 期,東北学院大学,大阪市北区角田町1-12（阪急ファイブアネックス9～11階）,
2026/02/01,大阪府,大学,佛教大学,一般選抜（Ａ日程）,梅田センタービル クリスタルホール,大阪市北区中崎西2-4-12,
2026/02/01,大阪府,大学,川崎医療福祉大学,一般選抜前期 [A日程],大阪会場（TKP新大阪ビジネスセンター）,大阪市淀川区西中島5-13-9,
2026/02/01,大阪府,大学,名古屋外国語大学,一般選抜前期Ｍ3方式、一般選抜前期Ｍ2方式,大阪御堂筋ビル地下4階　貸会議室,大阪府大阪市中央区久太郎町4-1-3,
2026/02/01,岡山県,大学,川崎医療福祉大学,一般選抜前期 [A日程],津山会場（津山中央病院 医療研修センター）,津山市川崎1756,
2026/02/01,兵庫県,大学,川崎医療福祉大学,一般選抜前期 [A日程],姫路会場（BIZ SPACE HIMEJI）,姫路市本町127 大手前ダイネンBLD.Ⅱ,
2026/02/01,福岡県,大学,名古屋外国語大学,一般選抜前期Ｍ3方式、一般選抜前期Ｍ2方式,天神ビル,福岡県福岡市中央区天神2-12-1,
2026/02/01,福岡県,大学,佛教大学,一般選抜（Ａ日程）,福岡ファッションビル FFBホール,福岡市博多区博多駅前2-10-19,
2026/02/01,福岡県,大学,川崎医療福祉大学,一般選抜前期 [A日程],福岡会場（TKP博多駅前シティセンター）,福岡市博多区博多駅前3-2-1,
2026/02/01,福岡県,大学,南九州大学,一般選抜 I 期,福岡（TKPガーデンシティ博多駅筑紫口前）,福岡市博多区博多駅東1-12-3 TKPサンライフホテル3階,
2026/02/01,滋賀県,大学,佛教大学,一般選抜（Ａ日程）,滋賀県立文化産業交流会館,米原市下多良2丁目137,
2026/02/01,鳥取県,大学,佛教大学,一般選抜（Ａ日程）,国際ファミリープラザ,米子市加茂町2-180,
2026/02/01,鳥取県,大学,川崎医療福祉大学,一般選抜前期 [A日程],米子会場（スマイルホテル米子）,米子市西福原1-1-55,
2026/02/01,和歌山県,大学,佛教大学,一般選抜（Ａ日程）,和歌山城ホール,和歌山市七番丁25番1,
2026/02/01,岡山県,大学,川崎医科大学,,本学,岡山県倉敷市松島577,
2026/02/01,京都府,大学,立命館大学（法科大学院）,後期日程,立命館大学（朱雀キャンパス）,京都府京都市中京区西ノ京朱雀町1,
2026/02/01,奈良県,大学,奈良県立医科大学,学校推薦型選抜(緊急医師確保)・学校推薦型選抜(地域枠),本学（畝傍山キャンパス）,奈良県橿原市四条町840,
