日付,都道府県,学校種,学校名,試験名,試験地,住所,時間
2026/02/04,大阪府,中学校,堺リベラル,２月,本校,大阪府堺市堺区浅香山町1-2-20,
2026/02/04,大阪府,中学校,金蘭会,D日程,本校,大阪府大阪市北区大淀南3-3-7,
2026/02/04,愛媛県,高等学校,今治精華,,,愛媛県今治市中日吉町2-1-34,
2026/02/04,愛媛県,高等学校,ＦＣ今治  明徳校,,,愛媛県今治市北日吉町1-4-47,
2026/02/04,愛媛県,高等学校,松山聖陵,,,愛媛県松山市久万ノ台1112,
2026/02/04,愛媛県,大学,関西大学,,えひめ共済会館,愛媛県松山市三番町5丁目13-1,
2026/02/04,愛媛県,高等学校,新田,,,愛媛県松山市山西町663,
2026/02/04,愛媛県,大学,ノートルダム清心女子大学,一般選抜3教科/2教科,松山会場（TKP松山市駅前カンファレンスセンター）,愛媛県松山市千舟町4丁目3-7 青野ビル 2階,
2026/02/04,愛媛県,高等学校,松山東雲,,,愛媛県松山市大街道3-2-24,
2026/02/04,愛媛県,高等学校,聖カタリナ学園,,,愛媛県松山市藤原町468番地,
2026/02/04,愛媛県,大学,広島都市学園大学,一般選抜前期C,愛媛県県民文化会館,愛媛県松山市道後町2-5-1,
2026/02/04,愛媛県,大学,阪南大学,一般前期,リジェール松山,愛媛県松山市南堀端町2-3 JA愛媛,
2026/02/04,愛媛県,高等学校,松山学院,,,愛媛県松山市北久米町815,
2026/02/04,愛媛県,高等学校,済美,,,愛媛県松山市湊町7-9-1,
2026/02/04,愛媛県,高等学校,帝京第五,,,愛媛県大洲市新谷甲233,
2026/02/04,岡山県,高等学校,井原市立高等学校,,特別,岡山県井原市井原町1151,
2026/02/04,岡山県,高等学校,岡山県立井原高等学校,,特別,岡山県井原市井原町1802,
2026/02/04,岡山県,高等学校,岡山県立岡山城東高等学校,,特別,岡山県岡山市中区下110,
2026/02/04,岡山県,高等学校,岡山県立岡山朝日高等学校,,特別,岡山県岡山市中区古京町2ー2ー21,
2026/02/04,岡山県,高等学校,岡山県立東岡山工業高等学校,,特別,岡山県岡山市中区土田290ー1,
2026/02/04,岡山県,高等学校,岡山県立岡山東商業高等学校,,特別,岡山県岡山市中区東山3ー1ー6,
2026/02/04,岡山県,高等学校,岡山県立岡山操山高等学校,,特別,岡山県岡山市中区浜412,
2026/02/04,岡山県,高等学校,岡山県立瀬戸南高等学校,,特別,岡山県岡山市東区瀬戸町沖88,
2026/02/04,岡山県,大学,環太平洋大学,全入試・全日程（CBT除く）,IPU・環太平洋大学 第1キャンパス,岡山県岡山市東区瀬戸町観音寺721,
2026/02/04,岡山県,高等学校,岡山県立西大寺高等学校,,特別,岡山県岡山市東区西大寺上2-1-17,
2026/02/04,岡山県,高等学校,岡山県立興陽高等学校,,特別,岡山県岡山市南区藤田1500,
2026/02/04,岡山県,高等学校,岡山県立岡山芳泉高等学校,,特別,岡山県岡山市南区芳泉3丁目1-1,
2026/02/04,岡山県,高等学校,岡山県立烏城高等学校,,特別,岡山県岡山市北区伊島町3ー1ー1,
2026/02/04,岡山県,大学,ノートルダム清心女子大学,一般選抜3教科/2教科,本学キャンパス,岡山県岡山市北区伊福町2-16-9,
2026/02/04,岡山県,高等学校,岡山県立岡山工業高等学校,,特別,岡山県岡山市北区伊福町4ー3ー92,
2026/02/04,岡山県,大学,関西大学,,岡山進研学院,岡山県岡山市北区伊福町二丁目10番27号,
2026/02/04,岡山県,大学,関西学院大学,全日程（一般/個別/英数/共通併用）,岡山コンベンションセンター,岡山県岡山市北区駅元町14-1,
2026/02/04,岡山県,大学,芝浦工業大学,一般選抜（前期/全学統一）,岡山会場（サン・ビーチOKAYAMA）,岡山県岡山市北区駅前町2-3-31,
2026/02/04,岡山県,高等学校,岡山県立岡山南高等学校,,特別,岡山県岡山市北区奥田2ー4ー7,
2026/02/04,岡山県,大学,京都外国語大学,一般選抜A日程,ピュアリティまきび,岡山県岡山市北区下石井2-6-41,
2026/02/04,岡山県,高等学校,岡山県立岡山御津高等学校,,特別,岡山県岡山市北区御津金川940,
2026/02/04,岡山県,高等学校,岡山県立高松農業高等学校,,特別,岡山県岡山市北区高松原古才336ー2,
2026/02/04,岡山県,大学,甲南大学,一般選抜（前期・中期）,TKPガーデンシティ岡山（NTTクレド岡山ビル4階）,岡山県岡山市北区中山下1-8-45 NTTクレド岡山ビル4階,
2026/02/04,岡山県,高等学校,岡山県立岡山一宮高等学校,,特別,岡山県岡山市北区楢津221,
2026/02/04,岡山県,高等学校,岡山市立岡山後楽館高等学校,,特別,岡山県岡山市北区南方1-3-15,
2026/02/04,岡山県,大学,大阪経済大学,公募推薦・一般B/D,岡山試験場（オルガホール）,岡山県岡山市北区奉還町1-7-7,
2026/02/04,岡山県,大学,阪南大学,公募・一般前期/後期,第一セントラルビル2号館,岡山県岡山市北区本町6-30,
2026/02/04,岡山県,高等学校,岡山県立笠岡高等学校,,特別,岡山県笠岡市笠岡3073-2,
2026/02/04,岡山県,高等学校,岡山県立笠岡商業高等学校,,特別,岡山県笠岡市笠岡3203,
2026/02/04,岡山県,高等学校,玉野市立玉野商工高等学校,,特別,岡山県玉野市玉6-1-1,
2026/02/04,岡山県,高等学校,岡山県立玉野高等学校,,特別,岡山県玉野市築港3-11-1,
2026/02/04,岡山県,高等学校,岡山県立玉野光南高等学校,,特別,岡山県玉野市東七区244,
2026/02/04,岡山県,高等学校,玉野市立玉野備南高等学校,,特別,岡山県玉野市和田4丁目7番1号,
2026/02/04,岡山県,高等学校,高梁市立宇治高等学校,,特別,岡山県高梁市宇治町宇治1681-2,
2026/02/04,岡山県,高等学校,高梁市立松山高等学校,,特別,岡山県高梁市原田北町1216-1,
2026/02/04,岡山県,高等学校,岡山県立高梁高等学校,,特別,岡山県高梁市内山下38,
2026/02/04,岡山県,高等学校,岡山県立勝間田高等学校,,特別,岡山県勝田郡勝央町勝間田47,
2026/02/04,岡山県,高等学校,岡山県立矢掛高等学校,,特別,岡山県小田郡矢掛町矢掛1776-2,
2026/02/04,岡山県,高等学校,岡山県立新見高等学校,,特別,岡山県新見市新見1394,
2026/02/04,岡山県,高等学校,岡山県立勝山高等学校,,特別,岡山県真庭市勝山481,
2026/02/04,岡山県,高等学校,岡山県立真庭高等学校,,特別,岡山県真庭市落合垂水448-1,
2026/02/04,岡山県,高等学校,岡山県立邑久高等学校,,特別,岡山県瀬戸内市邑久町尾張404,
2026/02/04,岡山県,高等学校,岡山県立鴨方高等学校,,特別,岡山県浅口市鴨方町鴨方819,
2026/02/04,岡山県,高等学校,岡山県立倉敷青陵高等学校,,特別,岡山県倉敷市羽島1046-2,
2026/02/04,岡山県,高等学校,岡山県立倉敷南高等学校,,特別,岡山県倉敷市吉岡330,
2026/02/04,岡山県,高等学校,岡山県立玉島商業高等学校,,特別,岡山県倉敷市玉島中央町2-9-30,
2026/02/04,岡山県,大学,くらしき作陽大学,全学部: 推薦ⅠA/B・Ⅱ・ 一般ⅠA/B・Ⅱ,本学（くらしき作陽大学・作陽短期大学）,岡山県倉敷市玉島長尾3515,
2026/02/04,岡山県,高等学校,倉敷市立倉敷翔南高等学校,,特別,岡山県倉敷市児島稗田町160,
2026/02/04,岡山県,高等学校,岡山県立倉敷鷲羽高等学校,,特別,岡山県倉敷市児島味野山田町2301,
2026/02/04,岡山県,高等学校,倉敷市立真備陵南高等学校,,特別,岡山県倉敷市真備町箭田1769-1,
2026/02/04,岡山県,高等学校,岡山県立水島工業高等学校,,特別,岡山県倉敷市西阿知町1230,
2026/02/04,岡山県,高等学校,倉敷市立工業高等学校,,特別,岡山県倉敷市田ノ上716-1,
2026/02/04,岡山県,高等学校,岡山県立倉敷天城高等学校,,特別,岡山県倉敷市藤戸町天城269,
2026/02/04,岡山県,高等学校,岡山県立倉敷商業高等学校,,特別,岡山県倉敷市白楽町545,
2026/02/04,岡山県,高等学校,倉敷市立精思高等学校,,特別,岡山県倉敷市八王寺町199-3,
2026/02/04,岡山県,高等学校,岡山県立倉敷古城池高等学校,,特別,岡山県倉敷市福田町古新田116-1,
2026/02/04,岡山県,高等学校,岡山県立倉敷工業高等学校,,特別,岡山県倉敷市老松町4-9-1,
2026/02/04,岡山県,高等学校,岡山県立総社南高等学校,,特別,岡山県総社市三輪626-1,
2026/02/04,岡山県,高等学校,岡山県立総社高等学校,,特別,岡山県総社市総社3-9-1,
2026/02/04,岡山県,高等学校,岡山県立津山工業高等学校,,特別,岡山県津山市山北411-1,
2026/02/04,岡山県,高等学校,岡山県立津山商業高等学校,,特別,岡山県津山市山北531,
2026/02/04,岡山県,高等学校,岡山県立津山東高等学校,,特別,岡山県津山市林田1200,
2026/02/04,岡山県,高等学校,岡山県立備前緑陽高等学校,,特別,岡山県備前市西片上91-1,
2026/02/04,岡山県,高等学校,備前市立片上高等学校,,特別,岡山県備前市西片上91-1,
2026/02/04,岡山県,高等学校,岡山県立林野高等学校,,特別,岡山県美作市三倉田58-1,
2026/02/04,岡山県,高等学校,岡山県立和気閑谷高等学校,,特別,岡山県和気郡和気町尺所15,
2026/02/04,岡山県,大学,立命館アジア太平洋大学,スタンダード3/英語重視/共テ+英・国,岡山国際ホテル,岡山市中区門田本町4-1-16,
2026/02/04,岡山県,大学,立命館大学,一般選抜（試験地）,岡山国際ホテル,岡山市中区門田本町4-1-16,
2026/02/04,岡山県,大学,神戸学院大学,公募推薦・一般(前/中/後期),岡山会場（岡山進研学院）,岡山市北区伊福町2-10-27,
2026/02/04,岡山県,大学,同志社大学,一般選抜入学試験,岡山コンベンションセンター,岡山市北区駅元町14-1,
2026/02/04,沖縄県,大学,熊本保健科学大学,一般選抜（一般）,沖縄県市町村自治会館,沖縄県那覇市旭町116-37,
2026/02/04,沖縄県,大学,福井工業大学,一般Ⅰ期,沖縄産業支援センター,沖縄県那覇市字小禄1831-1,
2026/02/04,沖縄県,大学,東京農業大学,一般選抜A日程,沖縄産業支援センター（那覇会場）,沖縄県那覇市小禄1831-1,
2026/02/04,沖縄県,大学,神奈川大学,一般前期（全学統一）,那覇尚学院 別館,沖縄県那覇市泊2-16-3,
2026/02/04,沖縄県,大学,関東学院大学,給費生/一般前期A,那覇尚学院 別館,沖縄県那覇市泊2-16-3,
2026/02/04,沖縄県,大学,芝浦工業大学,一般選抜（前期/全学統一）,沖縄会場（国際電子ビジネス専門学校）,沖縄県那覇市壺川3丁目5-3,
2026/02/04,宮崎県,高等学校,宮崎県立飯野高等学校,,推薦,宮崎県えびの市大字原田3068,
2026/02/04,宮崎県,高等学校,宮崎県立延岡高等学校,,推薦,宮崎県延岡市古城町3丁目233番地,
2026/02/04,宮崎県,高等学校,宮崎県立延岡商業高等学校,,推薦,宮崎県延岡市桜ヶ丘3-7122,
2026/02/04,宮崎県,高等学校,宮崎県立延岡青朋高等学校,,推薦,宮崎県延岡市平原町2丁目2618-2,
2026/02/04,宮崎県,高等学校,宮崎県立延岡星雲高等学校,,推薦,宮崎県延岡市牧町4722番地,
2026/02/04,宮崎県,高等学校,宮崎県立延岡工業高等学校,,推薦,宮崎県延岡市緑ヶ丘1丁目8-1,
2026/02/04,宮崎県,大学,福岡大学,一般選抜（系統別・前期）,宮崎会場（宮崎県婦人会館）,宮崎県宮崎市旭1-3-10 宮崎県婦人会館,
2026/02/04,宮崎県,大学,西南学院大学,一般選抜A・F日程、上履き持参,宮崎試験場（北九州予備校宮崎校）,宮崎県宮崎市宮崎駅東1丁目6-9,
2026/02/04,宮崎県,高等学校,宮崎県立宮崎南高等学校,,推薦,宮崎県宮崎市月見ヶ丘5-2-1,
2026/02/04,宮崎県,大学,熊本保健科学大学,一般選抜（一般）,アートホテル宮崎 スカイタワー,宮崎県宮崎市高千穂通2-1-26,
2026/02/04,宮崎県,高等学校,宮崎県立佐土原高等学校,,推薦,宮崎県宮崎市佐土原町下田島21567,
2026/02/04,宮崎県,高等学校,宮崎県立宮崎東高等学校,,推薦,宮崎県宮崎市神宮東1-2-42,
2026/02/04,宮崎県,高等学校,宮崎県立宮崎大宮高等学校,,推薦,宮崎県宮崎市神宮東1-3-10,
2026/02/04,宮崎県,高等学校,宮崎県立宮崎農業高等学校,,推薦,宮崎県宮崎市大字恒久春日田1061,
2026/02/04,宮崎県,高等学校,宮崎県立宮崎北高等学校,,推薦,宮崎県宮崎市大字新名爪4567番地,
2026/02/04,宮崎県,高等学校,宮崎県立宮崎西高等学校,,推薦,宮崎県宮崎市大塚町柳ケ迫3975-2,
2026/02/04,宮崎県,高等学校,宮崎県立宮崎工業高等学校,,推薦,宮崎県宮崎市天満町9番1号,
2026/02/04,宮崎県,高等学校,宮崎県立宮崎海洋高等学校,,推薦,宮崎県宮崎市日の出町1番地,
2026/02/04,宮崎県,高等学校,宮崎県立宮崎商業高等学校,,推薦,宮崎県宮崎市和知川原3-24,
2026/02/04,宮崎県,高等学校,宮崎県立福島高等学校,,推薦,宮崎県串間市大字西方4015,
2026/02/04,宮崎県,高等学校,宮崎県立高鍋農業高等学校,,推薦,宮崎県児湯郡高鍋町上江1339-2,
2026/02/04,宮崎県,高等学校,宮崎県立高鍋高等学校,,推薦,宮崎県児湯郡高鍋町大字北高鍋4262,
2026/02/04,宮崎県,高等学校,宮崎県立小林高等学校,,推薦,宮崎県小林市大字真方124,
2026/02/04,宮崎県,高等学校,宮崎県立小林秀峰高等学校,,推薦,宮崎県小林市大字水流迫664-2,
2026/02/04,宮崎県,高等学校,宮崎県立高千穂高等学校,,推薦,宮崎県西臼杵郡高千穂町大字三田井1234番地,
2026/02/04,宮崎県,高等学校,宮崎県立妻高等学校,,推薦,宮崎県西都市大字右松2330,
2026/02/04,宮崎県,高等学校,宮崎県立都城工業高等学校,,推薦,宮崎県都城市五十町2400,
2026/02/04,宮崎県,高等学校,宮崎県立高城高等学校,,推薦,宮崎県都城市高城町穂満坊156,
2026/02/04,宮崎県,高等学校,宮崎県立都城泉ヶ丘高等学校,,推薦,宮崎県都城市妻ヶ丘町27街区15号,
2026/02/04,宮崎県,高等学校,宮崎県立都城農業高等学校,,推薦,宮崎県都城市祝吉一丁目5番地1,
2026/02/04,宮崎県,高等学校,宮崎県立都城商業高等学校,,推薦,宮崎県都城市上東町31-25,
2026/02/04,宮崎県,高等学校,宮崎県立都城西高等学校,,推薦,宮崎県都城市都原町3405,
2026/02/04,宮崎県,高等学校,宮崎県立門川高等学校,,推薦,宮崎県東臼杵郡門川町大字門川尾末2680,
2026/02/04,宮崎県,高等学校,宮崎県立本庄高等学校,,推薦,宮崎県東諸県郡国富町大字本庄5071番地,
2026/02/04,宮崎県,高等学校,宮崎県立日向高等学校,,推薦,宮崎県日向市大字財光寺6265,
2026/02/04,宮崎県,高等学校,宮崎県立日向工業高等学校,,推薦,宮崎県日向市大字平岩8750,
2026/02/04,宮崎県,高等学校,宮崎県立富島高等学校,,推薦,宮崎県日向市鶴町3丁目1番43号,
2026/02/04,宮崎県,高等学校,宮崎県立日南高等学校,,推薦,宮崎県日南市大字星倉5800番地,
2026/02/04,宮崎県,高等学校,宮崎県立日南振徳高等学校,,推薦,宮崎県日南市大字板敷410番地,
2026/02/04,宮崎県,大学,九州共立大学,一般選抜I期,ニューウェルティー宮崎,宮崎市宮崎駅東1-2-8,
2026/02/04,宮崎県,大学,九州女子大学,一般選抜Ⅰ期,ニューウェルティー宮崎,宮崎市宮崎駅東1-2-8,
2026/02/04,宮崎県,大学,長崎国際大学,一般選抜A日程,宮崎会場（宮崎KITEN）,宮崎市錦町1番1号 8階コンベンションホール,
2026/02/04,京都府,大学,同志社大学,一般選抜＋共通テスト（個別）,同志社大学 京田辺キャンパス,京田辺市多々羅都谷1-3,
2026/02/04,京都府,大学,神戸学院大学,公募推薦・一般(前/中期),京都会場（京都リサーチパーク 東地区）,京都市下京区中堂寺南町134,
2026/02/04,京都府,大学,同志社大学,一般選抜＋共通テスト（個別）,同志社大学 今出川キャンパス,京都市上京区今出川通烏丸東入,
2026/02/04,京都府,大学,立命館アジア太平洋大学,スタンダード3/英語重視/共テ+英・国/後期,立命館大学（衣笠キャンパス）,京都市北区等持院北町56-1,
2026/02/04,京都府,大学,立命館大学,一般選抜（試験地）,立命館大学（衣笠キャンパス）,京都市北区等持院北町56-1,
2026/02/04,京都府,大学,京都外国語大学,一般選抜A・B日程,本学キャンパス（京都外国語大学）,京都府京都市右京区西院笠目町6,
2026/02/04,京都府,大学,びわこ成蹊スポーツ大学,一般A・推薦(公募)A,TKPガーデンシティ京都タワーホテル,京都府京都市下京区烏丸通七条下ル東塩小路町721-1,
2026/02/04,京都府,大学,関西学院大学,全日程（一般/個別/英数/共通併用）,TKPガーデンシティ京都タワーホテル,京都府京都市下京区烏丸通七条下ル東塩小路町721-1 6F・9F,
2026/02/04,京都府,大学,大阪経済大学,公募推薦・一般A/B,京都試験場（京都リサーチパーク 東地区1号館）,京都府京都市下京区中堂寺南町134,
2026/02/04,京都府,大学,関西大学,,京都府民総合交流プラザ,京都府京都市南区東九条下殿田町70,
2026/02/04,京都府,大学,大谷大学,一般入試第1期・第2期,本学試験場（大谷大学 本部キャンパス）,京都府京都市北区小山上総町,
2026/02/04,京都府,大学,福井医療大学,一般選抜第1次,舞鶴会場（舞鶴市商工観光センター）,京都府舞鶴市浜66,
2026/02/04,熊本県,高等学校,菊池女子,,,熊本県菊池市隈府1081,
2026/02/04,熊本県,大学,福岡大学,一般選抜（系統別・前期）,熊本会場（北九州予備校熊本校）,熊本県熊本市西区春日2-3-26 北九州予備校熊本校,
2026/02/04,熊本県,大学,西南学院大学,一般選抜A日程・F日程,熊本試験場（熊本城ホール）,熊本県熊本市中央区桜町3番40号,
2026/02/04,熊本県,大学,九州国際大学,一般選抜 前期,熊本会場（くまもと県民交流館パレア）,熊本県熊本市中央区手取本町8-9,
2026/02/04,熊本県,大学,熊本保健科学大学,一般選抜（一般）・共テ利用後期,本学（熊本保健科学大学）,熊本県熊本市北区和泉町325,
2026/02/04,熊本県,高等学校,城北,,,熊本県山鹿市志々岐798,
2026/02/04,熊本県,大学,立命館アジア太平洋大学,スタンダード3,熊本城ホール,熊本市中央区桜町3-40,
2026/02/04,熊本県,大学,立命館大学,一般選抜（試験地）,熊本城ホール,熊本市中央区桜町3-40,
2026/02/04,熊本県,大学,九州共立大学,一般選抜I期,TKPガーデンシティネストホテル熊本,熊本市中央区辛島町4-39 ネストホテル熊本,
2026/02/04,熊本県,大学,九州女子大学,一般選抜Ⅰ期,TKPガーデンシティネストホテル熊本,熊本市中央区辛島町4-39 ネストホテル熊本,
2026/02/04,熊本県,大学,長崎国際大学,一般選抜A日程,熊本会場（ホテル熊本テルサ）,熊本市中央区水前寺公園28-51,
2026/02/04,広島県,大学,関西大学,,TKPガーデンシティPREMIUM広島駅,広島県 広島市南区大須賀町13-9 ベルビュオフィス広島,
2026/02/04,広島県,大学,東京理科大学,一般選抜B・S方式,広島試験場（広島工業大学専門学校）,広島県広島市西区福島町2-1-1,
2026/02/04,広島県,大学,福岡大学,一般選抜（系統別・前期）,広島会場（広島工業大学専門学校）,広島県広島市西区福島町2-1-1 広島工業大学専門学校,
2026/02/04,広島県,大学,関西学院大学,全日程（一般/個別/英数/共通併用）,広島県立総合体育館 武道場,広島県広島市中区基町4-1,
2026/02/04,広島県,大学,関東学院大学,給費生/一般前期A,広島RCC文化センター,広島県広島市中区橋本町5-11,
2026/02/04,広島県,大学,駒澤大学,全学統一／医療健康T方式,広島会場,広島県広島市中区大手町4丁目7-3,
2026/02/04,広島県,大学,西南学院大学,一般選抜A日程・F日程,広島試験場（TKPガーデンシティ広島）,広島県広島市中区中町8-18 広島クリスタルプラザ,
2026/02/04,広島県,大学,甲南大学,一般選抜（前期）,広島YMCA国際文化センター,広島県広島市中区八丁堀7-11,
2026/02/04,広島県,大学,神奈川大学,給費生・一般前期（全学統一）,広島YMCA国際文化センター（3号館）,広島県広島市中区八丁堀7-11,
2026/02/04,広島県,大学,比治山大学,一般選抜A・B・C日程,本学（比治山大学）,広島県広島市東区牛田新町4丁目1-1,
2026/02/04,広島県,大学,京都外国語大学,一般選抜A日程,広島ガーデンパレス,広島県広島市東区光町1-15-21,
2026/02/04,広島県,大学,広島都市学園大学,一般前期A/B/C・D、後期、総合・推薦,宇品キャンパス,広島県広島市南区宇品西5丁目13-18,
2026/02/04,広島県,大学,梅光学院大学,一般選抜A・B,広島会場（RCC文化センター エールエールA館6階ROOM6）,広島県広島市南区松原町9-1,
2026/02/04,広島県,高等学校,広島大学附属,,,広島県広島市南区翠1-1-1,
2026/02/04,広島県,大学,大阪歯科大学,一般選抜 前期のみ,広島会場（河合塾 広島校）,広島県広島市南区大須賀町14-20,
2026/02/04,広島県,大学,比治山大学,一般選抜A・B日程,三次（三次グランドホテル）,広島県三次市十日市南1-10-1,
2026/02/04,広島県,大学,ノートルダム清心女子大学,一般選抜3教科/2教科,広島会場（TKPガーデンシティpremium広島駅北口）,広島県東区二葉の里3丁目5-7 GRANODE広島 3階,
2026/02/04,広島県,大学,ノートルダム清心女子大学,一般選抜3教科/2教科,福山会場（TKP福山ちゅうぎんビル会議室）,広島県福山市紅葉町1-1 福山ちゅうぎんビル 7階,
2026/02/04,広島県,大学,比治山大学,一般選抜B日程,福山（福山ニューキャッスルホテル）,広島県福山市三之丸町8-16,
2026/02/04,広島県,大学,広島都市学園大学,一般前期C、総合型前期,福山プラザホテル,広島県福山市住吉町1-40,
2026/02/04,広島県,大学,同志社大学,一般選抜入学試験,広島県立総合体育館,広島市中区基町4-1,
2026/02/04,広島県,大学,神戸学院大学,公募推薦・一般(前/中/後期),広島会場（RCC 文化センター）,広島市中区橋本町5-11,
2026/02/04,広島県,大学,九州共立大学,一般選抜I期,TKP広島本通駅前カンファレンスセンター,広島市中区紙屋町2-2-12 信和広島ビル,
2026/02/04,広島県,大学,九州女子大学,一般選抜Ⅰ期,TKP広島本通駅前カンファレンスセンター,広島市中区紙屋町2-2-12 信和広島ビル,
2026/02/04,広島県,大学,立命館アジア太平洋大学,スタンダード3/英語重視/共テ+英・国/後期,TKPガーデンシティ 広島駅前大橋,広島市南区京橋町1-7 アスティ広島京橋ビルディング,
2026/02/04,広島県,大学,立命館大学,一般選抜（試験地）,TKP ガーデンシティ 広島駅前大橋,広島市南区京橋町1-7 アスティ広島京橋ビルディング,
2026/02/04,香川県,大学,甲南大学,一般選抜（前期）,四国電力株式会社 総合研修所,香川県高松市屋島西町1850-1,
2026/02/04,香川県,大学,関西学院大学,全日程（一般/個別/英数/共通併用）,村上学園高等学校 高松校,香川県高松市観光町545-3,
2026/02/04,香川県,大学,関西大学,,高松高等予備校,香川県高松市観光町547-1,
2026/02/04,香川県,大学,ノートルダム清心女子大学,一般選抜3教科/2教科,高松会場（高松センタービル）,香川県高松市寿町2-4-20,
2026/02/04,香川県,大学,京都外国語大学,一般選抜A日程,高松センタービル,香川県高松市寿町2-4-20,
2026/02/04,香川県,大学,大阪経済大学,一般B,高松試験場（高松商工会議所）,香川県高松市番町2-2-2,
2026/02/04,香川県,大学,神奈川大学,給費生・一般前期（全学統一）,高松市生涯学習センター,香川県高松市片原町11-1,
2026/02/04,香川県,大学,同志社大学,一般選抜入学試験,レクザムホール（香川県県民ホール）,高松市玉藻町9-10,
2026/02/04,香川県,大学,神戸学院大学,公募推薦・一般(前/中/後期),高松会場（高松センタービル）,高松市寿町2-4-20,
2026/02/04,香川県,大学,立命館アジア太平洋大学,スタンダード3/英語重視/共テ+英・国/後期,ホテルパールガーデン,高松市福岡町2-2-1,
2026/02/04,香川県,大学,立命館大学,一般選抜（試験地）,ホテルパールガーデン,高松市福岡町2-2-1,
2026/02/04,高知県,大学,神戸学院大学,公募推薦・一般(前/中期),高知会場（土佐塾予備校）,高知市はりまや町3-7-8,
2026/02/04,佐賀県,大学,九州国際大学,一般選抜 前期,佐賀会場（ホテルマリターレ創世）,佐賀県佐賀市神野東2-5-15,
2026/02/04,佐賀県,大学,長崎国際大学,一般選抜A日程,佐賀会場（サンシティビル）,佐賀市神野東2丁目1-3,
2026/02/04,山口県,高等学校,山口県立宇部高等学校,,特色,山口県宇部市寺の前町3番1号,
2026/02/04,山口県,高等学校,山口県立宇部西高等学校,,特色,山口県宇部市大字沖ノ旦,
2026/02/04,山口県,高等学校,山口県立宇部商業高等学校,,特色,山口県宇部市大字際波字岡の原20220,
2026/02/04,山口県,高等学校,山口県立宇部中央高等学校,,特色,山口県宇部市東梶返4丁目10-30,
2026/02/04,山口県,高等学校,山口県立宇部工業高等学校,,特色,山口県宇部市北琴芝1丁目1-1,
2026/02/04,山口県,高等学校,山口県立田部高等学校,,特色,山口県下関市菊川町大字田部1074,
2026/02/04,山口県,高等学校,山口県立下関南高等学校,,特色,山口県下関市後田町1丁目8-1,
2026/02/04,山口県,高等学校,山口県立下関双葉高等学校,,特色,山口県下関市後田町4-25-1,
2026/02/04,山口県,高等学校,山口県立下関西高等学校,,特色,山口県下関市後田町4丁目10-1,
2026/02/04,山口県,高等学校,下関市立下関商業高等学校,,特色,山口県下関市後田町4丁目11-1,
2026/02/04,山口県,大学,梅光学院大学,総合型1-8期/探究Ⅰ-Ⅳ/推薦前後/一般A-C,本学会場（梅光学院大学）,山口県下関市向洋町1-1-1,
2026/02/04,山口県,高等学校,山口県立長府高等学校,,特色,山口県下関市長府亀の甲2丁目3-1,
2026/02/04,山口県,高等学校,山口県立豊浦高等学校,,特色,山口県下関市長府宮崎町1-1,
2026/02/04,山口県,高等学校,山口県立下関工科高等学校,,特色,山口県下関市富任町4丁目1-1,
2026/02/04,山口県,高等学校,山口県立下関北高等学校,,特色,山口県下関市豊北町大字滝部1003,
2026/02/04,山口県,高等学校,山口県立下松高等学校,,特色,山口県下松市若宮町12番1号,
2026/02/04,山口県,高等学校,山口県立下松工業高等学校,,特色,山口県下松市美里町4丁目13-1,
2026/02/04,山口県,高等学校,山口県立華陵高等学校,,特色,山口県下松市末武上217-2,
2026/02/04,山口県,高等学校,山口県立岩国工業高等学校,,特色,山口県岩国市錦見2丁目4-85,
2026/02/04,山口県,高等学校,山口県立高森高等学校,,特色,山口県岩国市玖珂町1253,
2026/02/04,山口県,高等学校,山口県立岩国高等学校,,特色,山口県岩国市川西4丁目6-1,
2026/02/04,山口県,高等学校,山口県立岩国総合高等学校,,特色,山口県岩国市藤生町4丁目41-1,
2026/02/04,山口県,高等学校,山口県立岩国商業高等学校,,特色,山口県岩国市平田5丁目52-10,
2026/02/04,山口県,高等学校,山口県立田布施農工高等学校,,特色,山口県熊毛郡田布施町大字波野10195番地,
2026/02/04,山口県,高等学校,山口県立熊毛南高等学校,,特色,山口県熊毛郡平生町竪ヶ浜666,
2026/02/04,山口県,高等学校,山口県立光高等学校,,特色,山口県光市光井6丁目10-1,
2026/02/04,山口県,高等学校,山口県立山口中央高等学校,,特色,山口県山口市宮島町6-1,
2026/02/04,山口県,高等学校,山口県立西京高等学校,,特色,山口県山口市黒川2580-1,
2026/02/04,山口県,高等学校,山口県立山口高等学校,,特色,山口県山口市糸米1丁目9-1,
2026/02/04,山口県,大学,梅光学院大学,一般選抜A・B,新山口会場（山口グランドホテル2階）,山口県山口市小郡黄金町1-1,
2026/02/04,山口県,大学,九州国際大学,一般選抜 前期,山口会場（YIC Studio）,山口県山口市小郡黄金町2-24,
2026/02/04,山口県,大学,西南学院大学,一般選抜A・F日程、上履き持参,山口試験場（北九州予備校山口校）,山口県山口市小郡御幸町1-39,
2026/02/04,山口県,大学,福岡大学,一般選抜（系統別・前期）,山口会場（北九州予備校山口校）,山口県山口市小郡御幸町1-39 北九州予備校山口校,
2026/02/04,山口県,高等学校,山口県立山口農業高等学校,,特色,山口県山口市小郡上郷10980-1,
2026/02/04,山口県,高等学校,山口県立山口松風館高等学校,,特色,山口県山口市小郡令和3丁目6番18号,
2026/02/04,山口県,高等学校,山口県立小野田高等学校,,特色,山口県山陽小野田市くし山1丁目26-1,
2026/02/04,山口県,高等学校,山口県立厚狭高等学校,,特色,山口県山陽小野田市厚狭束の原1660,
2026/02/04,山口県,高等学校,山口県立厚狭明進高等学校,,特色,山口県山陽小野田市厚狭束の原1660,
2026/02/04,山口県,高等学校,山口県立小野田工業高等学校,,特色,山口県山陽小野田市中央2丁目6-1,
2026/02/04,山口県,高等学校,山口県立南陽工業高等学校,,特色,山口県周南市温田1丁目1-1,
2026/02/04,山口県,高等学校,山口県立徳山商工高等学校,,特色,山口県周南市周陽3丁目1-1,
2026/02/04,山口県,高等学校,山口県立徳山高等学校,,特色,山口県周南市鐘楼町2-50,
2026/02/04,山口県,高等学校,山口県立熊毛北高等学校,,特色,山口県周南市大字安田字追迫1-2,
2026/02/04,山口県,大学,比治山大学,一般選抜A・B日程,周南（ホテルサンルート徳山）,山口県周南市築港町8-33,
2026/02/04,山口県,高等学校,山口県立新南陽高等学校,,特色,山口県周南市土井1丁目8-1,
2026/02/04,山口県,高等学校,山口県立周防大島高等学校,,特色,山口県大島郡周防大島町西安下庄489,
2026/02/04,山口県,高等学校,山口県立大津緑洋高等学校,,特色,山口県長門市東深川427-2,
2026/02/04,山口県,高等学校,山口県立萩商工高等学校,,特色,山口県萩市大字平安古町544,
2026/02/04,山口県,高等学校,山口県立萩高等学校,,特色,山口県萩市大字堀内132番地,
2026/02/04,山口県,高等学校,山口県立美祢青嶺高等学校,,特色,山口県美祢市大嶺町東分299-1,
2026/02/04,山口県,高等学校,山口県立防府高等学校,,特色,山口県防府市岡村町2-1,
2026/02/04,山口県,高等学校,山口県立防府西高等学校,,特色,山口県防府市大字台道36-1,
2026/02/04,山口県,高等学校,山口県立防府商工高等学校,,特色,山口県防府市中央町3-1,
2026/02/04,山口県,高等学校,山口県立柳井商工高等学校,,特色,山口県柳井市伊保庄2658,
2026/02/04,山口県,高等学校,山口県立柳井高等学校,,特色,山口県柳井市古開作611-1,
2026/02/04,山口県,大学,九州共立大学,一般選抜I期,山口グランドホテル,山口市小郡黄金町1-1,
2026/02/04,山口県,大学,九州女子大学,一般選抜Ⅰ期,山口グランドホテル,山口市小郡黄金町1-1,
2026/02/04,山口県,大学,立命館アジア太平洋大学,スタンダード3,KDDI維新ホール,山口市小郡令和1-1-1,
2026/02/04,山口県,大学,立命館大学,一般選抜（試験地）,KDDI維新ホール,山口市小郡令和1-1-1,
2026/02/04,滋賀県,大学,福井工業大学,一般Ⅰ期・Ⅱ期/推薦Ⅰ・Ⅱ期,彦根勤労福祉会館,滋賀県彦根市大東町4-28,
2026/02/04,鹿児島県,大学,熊本保健科学大学,一般選抜（一般）,ホテルリブマックス鹿児島,鹿児島県鹿児島市小川町15-1,
2026/02/04,鹿児島県,大学,福井工業大学,一般Ⅰ期,ホテルタイセイアネックス2号館,鹿児島県鹿児島市西田1-4-30,
2026/02/04,鹿児島県,大学,福岡大学,一般選抜（系統別・前期）,鹿児島会場（北九州予備校鹿児島校）,鹿児島県鹿児島市西田1-7-3 北九州予備校鹿児島校,
2026/02/04,鹿児島県,大学,西南学院大学,一般選抜A日程・F日程,鹿児島試験場（TKPガーデンシティ鹿児島中央）,鹿児島県鹿児島市中央町26-1 南国アネックス,
2026/02/04,鹿児島県,大学,立命館アジア太平洋大学,スタンダード3,SHIROYAMA HOTEL kagoshima,鹿児島市新照院町41-1,
2026/02/04,鹿児島県,大学,立命館大学,一般選抜（試験地）,SHIROYAMA HOTEL kagoshima,鹿児島市新照院町41番1号,
2026/02/04,鹿児島県,大学,同志社大学,一般選抜入学試験,北九州予備校 鹿児島校,鹿児島市西田1-7-3,
2026/02/04,鹿児島県,大学,九州女子大学,一般選抜Ⅰ期,TKPガーデンシティ鹿児島中央,鹿児島市中央町26-1 南国アネックス,
2026/02/04,鹿児島県,大学,九州共立大学,一般選抜I期,TKPガーデンシティ鹿児島中央,鹿児島市中央町26-1南国アネックス,
2026/02/04,鹿児島県,大学,長崎国際大学,一般選抜A日程,鹿児島会場（サンプラザ天文館）,鹿児島市東千石町2-30,
2026/02/04,島根県,大学,立命館アジア太平洋大学,スタンダード3,松江市市民活動センター（STIC）,松江市白潟本町43 STIC,
2026/02/04,島根県,大学,立命館大学,一般選抜（試験地）,松江市市民活動センター（STIC）,松江市白潟本町43 STIC,
2026/02/04,愛媛県,大学,神戸学院大学,公募推薦・一般(前/中期),松山会場（TKP 松山市駅前カンファレンスセンター）,松山市千舟町4-3-7,
2026/02/04,愛媛県,大学,立命館アジア太平洋大学,スタンダード3,ホテルマイステイズ松山（TKP松山カンファレンスセンター）,松山市大手町1-10-10,
2026/02/04,愛媛県,大学,立命館大学,一般選抜（試験地）,ホテルマイステイズ松山（TKP 松山カンファレンスセンター）,松山市大手町1-10-10,
2026/02/04,愛媛県,大学,同志社大学,一般選抜入学試験,松山市総合コミュニティセンター,松山市湊町7丁目5番地,
2026/02/04,兵庫県,大学,同志社大学,一般選抜入学試験,神戸国際展示場,神戸市中央区港島中町6-11-1,
2026/02/04,兵庫県,大学,立命館アジア太平洋大学,スタンダード3,神戸国際展示場,神戸市中央区港島中町6-11-1,
2026/02/04,兵庫県,大学,立命館大学,一般選抜（試験地）,神戸国際展示場,神戸市中央区港島中町6-11-1,
2026/02/04,滋賀県,大学,立命館アジア太平洋大学,スタンダード3/英語重視/共テ+英・国/後期,立命館大学（びわこ・くさつキャンパス）,草津市野路東1-1-1,
2026/02/04,滋賀県,大学,立命館大学,一般選抜（試験地）,立命館大学（びわこ・くさつキャンパス）,草津市野路東1-1-1,
2026/02/04,大阪府,大学,大阪工業大学,公募推薦・一般A/B/D日程,大阪工業大学大宮キャンパス,大阪市旭区大宮5-16-1,
2026/02/04,大阪府,大学,立命館アジア太平洋大学,スタンダード3/英語重視/共テ+英・国/後期,アートホテル大阪ベイタワー,大阪市港区弁天1-2-1,
2026/02/04,大阪府,大学,立命館大学,一般選抜（試験地）,アートホテル大阪ベイタワー,大阪市港区弁天1-2-1,
2026/02/04,大阪府,大学,大谷大学,一般入試第1期・第2期,大阪試験場　TKPガーデンシティ大阪梅田,大阪市福島区福島5-4-21,
2026/02/04,大阪府,大学,神戸学院大学,公募推薦・一般(前/中/後期),大阪会場（新梅田研修センター）,大阪市福島区福島6-22-20,
2026/02/04,大阪府,大学,藤田医科大学,医:一般一次／医療科:前期A,大阪会場,大阪市北区大深町5-54,
2026/02/04,大阪府,大学,阪南大学,公募/一般/帰国/社会人/留学生,本学キャンパス,大阪府松原市天美東5-4-33,
2026/02/04,大阪府,大学,関西大学,一般選抜（全学1・独自・全学2）,関西大学 千里山キャンパス,大阪府吹田市山手町3-3-35,
2026/02/04,大阪府,大学,金沢医科大学,一般選抜前期 一次,大阪会場（大阪アカデミア）,大阪府大阪市住之江区南港北1-3-5,
2026/02/04,大阪府,大学,國學院大学,一般選抜A日程（地方会場）,大阪会場（ハートンホール日本生命御堂筋ビル12F）,大阪府大阪市中央区南船場4-2-4 日本生命御堂筋ビル12F,
2026/02/04,大阪府,大学,関西学院大学,全日程（大阪南・一般/個別等）,難波御堂筋ホール,大阪府大阪市中央区難波4-2-1,
2026/02/04,大阪府,大学,東京農業大学,一般選抜A日程,河合塾 天王寺校（大阪会場A）,大阪府大阪市天王寺区南河堀町3-23,
2026/02/04,大阪府,大学,大阪経済大学,一般B,大阪南試験場（夕陽丘予備校）,大阪府大阪市天王寺区堀越町7-4,
2026/02/04,大阪府,大学,関西学院大学,全日程（大阪北・一般/個別等）,TKPガーデンシティ大阪リバーサイドホテル,大阪府大阪市都島区中野町5-12-30,
2026/02/04,大阪府,大学,大阪経済大学,公募推薦・一般A/B/D,本学（大隅キャンパス）,大阪府大阪市東淀川区大隅2-2-8,
2026/02/04,大阪府,大学,中京大学,一般前期A/M・後期F／総合型・推薦,新大阪丸ビル別館,大阪府大阪市東淀川区東中島1-18-22,
2026/02/04,大阪府,大学,朝日大学,地方試験場,CIVI研修センター 新大阪東,大阪府大阪市東淀川区東中島1-19-4,
2026/02/04,大阪府,大学,駒澤大学,全学統一／医療健康T方式,大阪会場,大阪府大阪市福島区福島6丁目22-20,
2026/02/04,大阪府,大学,酪農学園大学,一般選抜A/B・第2期 地方会場,大阪会場（天満研修センター）,大阪府大阪市北区錦町2-21,
2026/02/04,大阪府,大学,神奈川大学,給費生・一般前期（全学統一）,CIVI北梅田研修センター（LUCID SQUARE UMEDA 5F）,大阪府大阪市北区芝田2-7-18 LUCID SQUARE UMEDA 5F,
2026/02/04,大阪府,大学,京都外国語大学,一般選抜A日程,アクセス梅田フォーラム,大阪府大阪市北区小松原町2-4 大阪富国生命ビル12階,
2026/02/04,大阪府,大学,びわこ成蹊スポーツ大学,一般選抜A日程,TKPガーデンシティPREMIUM大阪駅前,大阪府大阪市北区曽根崎新地2-3-21 AXビル,
2026/02/04,大阪府,大学,甲南大学,一般選抜（前期）,グランフロント大阪北館 ナレッジキャピタル コングレコンベンションセンター,大阪府大阪市北区大深町3-1 グランフロント大阪北館地下2階,
2026/02/04,大阪府,大学,阪南大学,公募・一般前期,梅田センタービル,大阪府大阪市北区中崎西2-4-12,
2026/02/04,大阪府,大学,福井工業大学,一般Ⅰ期・Ⅱ期/推薦Ⅰ・Ⅱ期/留学生Ⅰ期,AP大阪梅田東（日本生命梅田ビル5F）,大阪府大阪市北区堂山町3-3 日本生命梅田ビル5F,
2026/02/04,大阪府,大学,関東学院大学,給費生/一般前期A,リファレンス 大阪駅前第4ビル 貸会議室,大阪府大阪市北区梅田1-11-4 大阪駅前第4ビル 23F,
2026/02/04,大阪府,大学,東京理科大学,一般選抜B・S方式,大阪試験場（河合塾大阪北キャンパス 大阪校）,大阪府大阪市北区豊崎3-13-1,
2026/02/04,大阪府,大学,滋慶医療科学大学,AO・推薦・一般の試験会場,新大阪キャンパス,大阪府大阪市淀川区宮原1-2-8,
2026/02/04,大阪府,大学,大阪歯科大学,一般選抜 前期/全学部日程/後期,大阪（楠葉）会場（大阪歯科大学 楠葉学舎）,大阪府枚方市楠葉花園町8-1,
2026/02/04,大分県,高等学校,大分県立安心院高等学校,,推薦,大分県宇佐市安心院町折敷田64番地,
2026/02/04,大分県,高等学校,大分県立宇佐産業科学高等学校,,推薦,大分県宇佐市四日市292,
2026/02/04,大分県,高等学校,大分県立宇佐高等学校,,推薦,大分県宇佐市南宇佐1543,
2026/02/04,大分県,高等学校,大分県立臼杵高等学校,,推薦,大分県臼杵市海添2521-1,
2026/02/04,大分県,高等学校,大分県立海洋科学高等学校,,推薦,大分県臼杵市大字諏訪254-1-2,
2026/02/04,大分県,高等学校,大分県立杵築高等学校,,推薦,大分県杵築市本庄2379番地,
2026/02/04,大分県,高等学校,大分県立玖珠美山高等学校,,推薦,大分県玖珠郡玖珠町大字帆足160,
2026/02/04,大分県,高等学校,大分県立国東高等学校,,推薦,大分県国東市国東町鶴川1974,
2026/02/04,大分県,高等学校,大分県立佐伯鶴城高等学校,,推薦,大分県佐伯市城下東町7番1号,
2026/02/04,大分県,高等学校,大分県立佐伯豊南高等学校,,推薦,大分県佐伯市大字鶴望2851-1,
2026/02/04,大分県,高等学校,大分県立日出総合高等学校,,推薦,大分県速見郡日出町大字大神1396番地43,
2026/02/04,大分県,高等学校,大分県立大分豊府高等学校,,推薦,大分県大分市花園3丁目3番1号,
2026/02/04,大分県,大学,福岡大学,一般選抜（系統別・前期）,大分会場（北九州予備校大分校）,大分県大分市金池町2-7-17 北九州予備校大分校,
2026/02/04,大分県,大学,九州国際大学,一般選抜 前期,大分会場（J：COMホルトホール大分）,大分県大分市金池南1-5-1,
2026/02/04,大分県,高等学校,大分県立大分上野丘高等学校,,推薦,大分県大分市上野丘2-10-1,
2026/02/04,大分県,高等学校,大分県立芸術緑丘高等学校,,推薦,大分県大分市上野丘東1-11,
2026/02/04,大分県,高等学校,大分県立大分西高等学校,,推薦,大分県大分市新春日町2-1-1,
2026/02/04,大分県,高等学校,大分県立大分商業高等学校,,推薦,大分県大分市西浜4-2,
2026/02/04,大分県,高等学校,大分県立情報科学高等学校,,推薦,大分県大分市大字横尾1605,
2026/02/04,大分県,高等学校,大分県立大分東高等学校,,推薦,大分県大分市大字屋山2009番地,
2026/02/04,大分県,高等学校,大分県立鶴崎工業高等学校,,推薦,大分県大分市大字葛木509番地,
2026/02/04,大分県,高等学校,大分県立大分雄城台高等学校,,推薦,大分県大分市大字玉沢1250番地,
2026/02/04,大分県,大学,西南学院大学,一般選抜A日程・F日程,大分試験場（大分県労働福祉会館 全労済ソレイユ）,大分県大分市中央町4-2-5,
2026/02/04,大分県,大学,熊本保健科学大学,一般選抜（一般）,アートホテル大分,大分県大分市都町2-1-7,
2026/02/04,大分県,高等学校,大分県立大分鶴崎高等学校,,推薦,大分県大分市南鶴崎3-5-1,
2026/02/04,大分県,高等学校,大分県立大分南高等学校,,推薦,大分県大分市判田台南1丁目1番1号,
2026/02/04,大分県,高等学校,大分県立大分工業高等学校,,推薦,大分県大分市芳河原台12-1,
2026/02/04,大分県,高等学校,大分県立久住高原農業高等学校,,推薦,大分県竹田市久住町大字栢木5801番地32,
2026/02/04,大分県,高等学校,大分県立竹田高等学校,,推薦,大分県竹田市竹田2642,
2026/02/04,大分県,高等学校,大分県立中津南高等学校,,推薦,大分県中津市高畑2093,
2026/02/04,大分県,高等学校,大分県立中津東高等学校,,推薦,大分県中津市上如水145-3,
2026/02/04,大分県,高等学校,大分県立中津北高等学校,,推薦,大分県中津市中央町1-6-83,
2026/02/04,大分県,高等学校,大分県立津久見高等学校,,推薦,大分県津久見市大字津久見3485番地1,
2026/02/04,大分県,高等学校,大分県立日田林工高等学校,,推薦,大分県日田市吹上町30,
2026/02/04,大分県,高等学校,大分県立日田三隈高等学校,,推薦,大分県日田市大字友田1546-1,
2026/02/04,大分県,高等学校,大分県立日田高等学校,,推薦,大分県日田市田島2-9-30,
2026/02/04,大分県,高等学校,大分県立別府鶴見丘高等学校,,推薦,大分県別府市東荘園4丁目2番44号,
2026/02/04,大分県,大学,別府大学,一般A1・A2・B〜D、総合型・推薦実施,別府大学 石垣キャンパス,大分県別府市北石垣82,
2026/02/04,大分県,高等学校,大分県立高田高等学校,,推薦,大分県豊後高田市玉津1834-1,
2026/02/04,大分県,高等学校,大分県立三重総合高等学校,,推薦,大分県豊後大野市三重町秋葉1010,
2026/02/04,大分県,高等学校,大分県立由布高等学校,,推薦,大分県由布市庄内町大龍2674-1,
2026/02/04,大分県,大学,長崎国際大学,一般選抜A日程,大分会場（大分県労働福祉会館〈ソレイユ〉）,大分市中央町4丁目2-5,
2026/02/04,大分県,大学,九州共立大学,一般選抜I期,大分センチュリーホテル,大分市府内町1-4-28,
2026/02/04,大分県,大学,九州女子大学,一般選抜Ⅰ期,大分センチュリーホテル,大分市府内町1-4-28,
2026/02/04,大分県,大学,立命館アジア太平洋大学,スタンダード3/英語重視/共テ+英・国/後期,コンパルホール,大分市府内町1-5-38,
2026/02/04,大分県,大学,立命館大学,一般選抜（試験地）,コンパルホール,大分市府内町1-5-38,
2026/02/04,長崎県,大学,長崎国際大学,一般選抜A・B日程,本学入試会場（長崎国際大学）,長崎県佐世保市ハウステンボス町2825-7,
2026/02/04,長崎県,大学,長崎純心大学,一般選抜A,佐世保会場（JAさせぼホール）,長崎県佐世保市松浦町2-28 JAさせぼホール4F,
2026/02/04,長崎県,大学,熊本保健科学大学,一般選抜（一般）,長崎県勤労福祉会館,長崎県長崎市桜町9-6,
2026/02/04,長崎県,大学,長崎純心大学,一般A/B・推薦・総合型・特別選抜,長崎会場（本学）,長崎県長崎市三ツ山町235番地,
2026/02/04,長崎県,大学,福岡大学,一般選抜（系統別・前期）,長崎会場（北九州予備校長崎校）,長崎県長崎市川口町4-5 北九州予備校長崎校,
2026/02/04,長崎県,大学,西南学院大学,一般選抜A日程・F日程,長崎試験場（長崎新聞文化ホール アストピア）,長崎県長崎市茂里町3-1,
2026/02/04,長崎県,大学,長崎純心大学,一般選抜A,島原会場（純心聖母会島原修道院）,長崎県島原市上の町895,
2026/02/04,長崎県,大学,九州共立大学,一般選抜I期,出島メッセ長崎,長崎市尾上町4-1,
2026/02/04,長崎県,大学,九州女子大学,一般選抜Ⅰ期,出島メッセ長崎,長崎市尾上町4-1,
2026/02/04,長崎県,大学,長崎国際大学,一般選抜A日程,長崎会場（出島メッセ長崎）,長崎市尾上町4番1号,
2026/02/04,鳥取県,大学,びわこ成蹊スポーツ大学,一般選抜A日程,米子商工会議所,鳥取県米子市加茂町2-204,
2026/02/04,鳥取県,大学,ノートルダム清心女子大学,一般選抜3教科/2教科,米子会場（米子市公会堂）,鳥取県米子市角盤町2丁目61番地,
2026/02/04,鳥取県,高等学校,米子北,,鳥取,鳥取県米子市米原6-14-1,
2026/02/04,島根県,高等学校,明誠,,,島根県益田市三宅町7-37,
2026/02/04,島根県,高等学校,出雲西,,,島根県出雲市下古志町1163,
2026/02/04,島根県,高等学校,出雲北陵,,,島根県出雲市西林木町3,
2026/02/04,島根県,大学,比治山大学,一般選抜A・B日程,松江（松江労働会館［ろうかん］）,島根県松江市御手船場町557-7,
2026/02/04,島根県,高等学校,松徳学院,,,島根県松江市上乃木1-14-51,
2026/02/04,島根県,高等学校,開星,,,島根県松江市西津田9-11-1,
2026/02/04,島根県,大学,広島都市学園大学,一般選抜前期C,松江テルサ,島根県松江市朝日町478-18,
2026/02/04,島根県,大学,比治山大学,一般選抜B日程,浜田（いわみーる）,島根県浜田市野原町1826-1,
2026/02/04,徳島県,大学,神戸学院大学,公募推薦・一般(前/中期),徳島会場（ヒューマンわーくぴあ徳島）,徳島市昭和町3-35-1,
2026/02/04,奈良県,大学,阪南大学,公募・一般前期,奈良商工会議所,奈良県奈良市西大寺南町8-33,
2026/02/04,沖縄県,大学,長崎国際大学,一般選抜A日程,那覇会場（沖縄県市町村自治会館）,那覇市旭町116-37,
2026/02/04,沖縄県,大学,九州共立大学,一般選抜I期,那覇尚学院（別館）,那覇市泊2-17-4,
2026/02/04,沖縄県,大学,九州女子大学,一般選抜Ⅰ期,那覇尚学院（別館）,那覇市泊2-17-4,
2026/02/04,滋賀県,大学,大谷大学,一般入試第1期・第2期,彦根試験場　彦根勤労福祉会館たちばな,彦根市大東町4-28,
2026/02/04,兵庫県,大学,立命館アジア太平洋大学,スタンダード3,アクリエひめじ（姫路市文化コンベンションセンター）,姫路市神屋町143-2,
2026/02/04,兵庫県,大学,立命館大学,一般選抜（試験地）,アクリエひめじ（姫路市文化コンベンションセンター）,姫路市神屋町143-2,
2026/02/04,福岡県,高等学校,福岡県立浮羽究真館高等学校,,推薦,福岡県うきは市吉井町大字生葉658,
2026/02/04,福岡県,高等学校,福岡県立山門高等学校,,推薦,福岡県みやま市瀬高町上庄1730-1,
2026/02/04,福岡県,高等学校,福岡県立遠賀高等学校,,推薦,福岡県遠賀郡遠賀町大字上別府2110,
2026/02/04,福岡県,高等学校,福岡県立嘉穂総合高等学校,,推薦,福岡県嘉穂郡桂川町大字土師1117-1,
2026/02/04,福岡県,高等学校,福岡県立稲築志耕館高等学校,,推薦,福岡県嘉麻市岩崎1318-1,
2026/02/04,福岡県,高等学校,久留米市立南筑高等学校,,推薦,福岡県久留米市御井町1360-5,
2026/02/04,福岡県,高等学校,福岡県立久留米筑水高等学校,,推薦,福岡県久留米市山川町1493番地,
2026/02/04,福岡県,高等学校,福岡県立三潴高等学校,,推薦,福岡県久留米市城島町城島59-1,
2026/02/04,福岡県,高等学校,福岡県立明善高等学校,,推薦,福岡県久留米市城南町9-1,
2026/02/04,福岡県,高等学校,福岡県立久留米高等学校,,推薦,福岡県久留米市西町鞍打482,
2026/02/04,福岡県,高等学校,福岡県立浮羽工業高等学校,,推薦,福岡県久留米市田主丸町田主丸395番地2,
2026/02/04,福岡県,高等学校,久留米市立久留米商業高等学校,,推薦,福岡県久留米市南1-1-1,
2026/02/04,福岡県,高等学校,福岡県公立三井中央高等学校,,推薦,福岡県久留米市北野町中3050-1,
2026/02/04,福岡県,高等学校,福岡県立鞍手竜徳高等学校,,推薦,福岡県宮若市龍徳161,
2026/02/04,福岡県,高等学校,福岡県立育徳館高等学校,,推薦,福岡県京都郡みやこ町豊津973,
2026/02/04,福岡県,高等学校,福岡県立苅田工業高等学校,,推薦,福岡県京都郡苅田町集2569,
2026/02/04,福岡県,高等学校,福岡県公立古賀竟成館高等学校,,推薦,福岡県古賀市中央2丁目12番1号,
2026/02/04,福岡県,高等学校,福岡県立玄界高等学校,,推薦,福岡県古賀市舞の里3-6-1,
2026/02/04,福岡県,高等学校,福岡県立行橋高等学校,,推薦,福岡県行橋市泉中央1-17-1,
2026/02/04,福岡県,高等学校,福岡県立京都高等学校,,推薦,福岡県行橋市南大橋4-5-1,
2026/02/04,福岡県,高等学校,福岡県立糸島農業高等学校,,推薦,福岡県糸島市前原西3丁目2番1号,
2026/02/04,福岡県,高等学校,福岡県立糸島高等学校,,推薦,福岡県糸島市前原南2-21-1,
2026/02/04,福岡県,高等学校,福岡県立宗像高等学校,,推薦,福岡県宗像市東郷6丁目7番1号,
2026/02/04,福岡県,高等学校,福岡県立春日高等学校,,推薦,福岡県春日市春日公園5-17,
2026/02/04,福岡県,高等学校,福岡県立小郡高等学校,,推薦,福岡県小郡市三沢5128-1,
2026/02/04,福岡県,高等学校,福岡県立三井高等学校,,推薦,福岡県小郡市松崎650番地,
2026/02/04,福岡県,高等学校,福岡県立宇美商業高等学校,,推薦,福岡県糟屋郡宇美町大字井野52-1,
2026/02/04,福岡県,高等学校,福岡県立新宮高等学校,,推薦,福岡県糟屋郡新宮町緑ケ浜1-12-1,
2026/02/04,福岡県,高等学校,福岡県立須恵高等学校,,推薦,福岡県糟屋郡須恵町大字旅石72-3,
2026/02/04,福岡県,高等学校,福岡県立福岡魁誠高等学校,,推薦,福岡県糟屋郡粕屋町長者原東5-5-1,
2026/02/04,福岡県,高等学校,福岡県立太宰府高等学校,,推薦,福岡県太宰府市高雄3-4114,
2026/02/04,福岡県,高等学校,福岡県立福岡農業高等学校,,推薦,福岡県太宰府市大佐野250,
2026/02/04,福岡県,高等学校,福岡県立大川樟風高等学校,,推薦,福岡県大川市大字向島1382番地,
2026/02/04,福岡県,高等学校,福岡県立大牟田北高等学校,,推薦,福岡県大牟田市吉野555,
2026/02/04,福岡県,高等学校,福岡県立三池工業高等学校,,推薦,福岡県大牟田市上官町4-77,
2026/02/04,福岡県,高等学校,福岡県立ありあけ新世高等学校,,推薦,福岡県大牟田市大字吉野1389-1,
2026/02/04,福岡県,高等学校,福岡県立三池高等学校,,推薦,福岡県大牟田市大字草木245,
2026/02/04,福岡県,高等学校,福岡県立筑紫中央高等学校,,推薦,福岡県大野城市中央2-12-1,
2026/02/04,福岡県,高等学校,福岡県立築上西高等学校,,推薦,福岡県築上郡築上町大字椎田764番地,
2026/02/04,福岡県,高等学校,福岡県立八女工業高等学校,,推薦,福岡県筑後市羽犬塚301-4,
2026/02/04,福岡県,高等学校,福岡県立八女高等学校,,推薦,福岡県筑後市和泉251,
2026/02/04,福岡県,高等学校,福岡県立筑紫高等学校,,推薦,福岡県筑紫野市針摺東2-4-1,
2026/02/04,福岡県,高等学校,福岡県立武蔵台高等学校,,推薦,福岡県筑紫野市天拝坂5-2-1,
2026/02/04,福岡県,高等学校,福岡県立中間高等学校,,推薦,福岡県中間市朝霧5-1-1,
2026/02/04,福岡県,高等学校,福岡県立朝倉東高等学校,,推薦,福岡県朝倉市甘木116-2,
2026/02/04,福岡県,高等学校,福岡県立朝倉高等学校,,推薦,福岡県朝倉市甘木876番地,
2026/02/04,福岡県,高等学校,福岡県立朝倉光陽高等学校,,推薦,福岡県朝倉市杷木古賀1765,
2026/02/04,福岡県,高等学校,福岡県立鞍手高等学校,,推薦,福岡県直方市大字山部810-7,
2026/02/04,福岡県,高等学校,福岡県立直方高等学校,,推薦,福岡県直方市大字頓野3459の2,
2026/02/04,福岡県,高等学校,福岡県立筑豊高等学校,,推薦,福岡県直方市大字頓野4019-2,
2026/02/04,福岡県,高等学校,福岡県立田川高等学校,,推薦,福岡県田川郡香春町中津原2055-1,
2026/02/04,福岡県,高等学校,福岡県立東鷹高等学校,,推薦,福岡県田川市伊田2362-3,
2026/02/04,福岡県,高等学校,福岡県立西田川高等学校,,推薦,福岡県田川市上本町7-11,
2026/02/04,福岡県,高等学校,福岡県立田川科学技術高等学校,,推薦,福岡県田川市糒1900番地,
2026/02/04,福岡県,高等学校,福岡県立福島高等学校,,推薦,福岡県八女市吉田1581-2,
2026/02/04,福岡県,高等学校,福岡県立八女農業高等学校,,推薦,福岡県八女市大字本町2-160,
2026/02/04,福岡県,高等学校,福岡県立嘉穂高等学校,,推薦,福岡県飯塚市潤野8-12,
2026/02/04,福岡県,高等学校,福岡県立嘉穂東高等学校,,推薦,福岡県飯塚市立岩1730-5,
2026/02/04,福岡県,大学,福岡大学,一般選抜（系統別・前期）医2次含む,本学（七隈キャンパス）,福岡県福岡市城南区七隈8-19-1,
2026/02/04,福岡県,高等学校,福岡県立城南高等学校,,推薦,福岡県福岡市城南区茶山6-21-1,
2026/02/04,福岡県,高等学校,福岡市立博多工業高等学校,,推薦,福岡県福岡市城南区東油山4-20-1,
2026/02/04,福岡県,高等学校,福岡市立福岡女子高等学校,,推薦,福岡県福岡市西区愛宕浜3-2-2,
2026/02/04,福岡県,高等学校,福岡県立筑前高等学校,,推薦,福岡県福岡市西区千里111-1,
2026/02/04,福岡県,高等学校,福岡市立福岡西陵高等学校,,推薦,福岡県福岡市西区大字拾六町字広石,
2026/02/04,福岡県,高等学校,福岡県立玄洋高等学校,,推薦,福岡県福岡市西区田尻東2丁目2490番地,
2026/02/04,福岡県,高等学校,福岡県立福岡工業高等学校,,推薦,福岡県福岡市早良区荒江2-19-1,
2026/02/04,福岡県,高等学校,福岡県立修猷館高等学校,,推薦,福岡県福岡市早良区西新6-1-10,
2026/02/04,福岡県,大学,西南学院大学,一般選抜A日程・F日程,本学試験場（西南学院大学）,福岡県福岡市早良区西新6-2-92,
2026/02/04,福岡県,高等学校,福岡県立早良高等学校,,推薦,福岡県福岡市早良区大字小笠木403,
2026/02/04,福岡県,高等学校,福岡県立福岡講倫館高等学校,,推薦,福岡県福岡市早良区有田3-9-1,
2026/02/04,福岡県,大学,関西大学,,TKPエルガーラホール,福岡県福岡市中央区天神1丁目4-2,
2026/02/04,福岡県,大学,東京電機大学,一般選抜 前期/英語外部/情報系外部,リファレンス ヒューリックスクエア福岡天神 貸会議室,福岡県福岡市中央区天神2-8-49 ヒューリックスクエア福岡天神4F,
2026/02/04,福岡県,大学,芝浦工業大学,一般選抜（前期/全学統一）,福岡会場（天神チクモクビル）,福岡県福岡市中央区天神3-10-27,
2026/02/04,福岡県,大学,金沢医科大学,一般選抜前期 一次,福岡会場（福岡ガーデンパレス）,福岡県福岡市中央区天神4-8-15,
2026/02/04,福岡県,高等学校,福岡県立福岡中央高等学校,,推薦,福岡県福岡市中央区平尾3丁目20-57,
2026/02/04,福岡県,高等学校,福岡県立香住丘高等学校,,推薦,福岡県福岡市東区香住ケ丘1-26-1,
2026/02/04,福岡県,高等学校,福岡県立香椎高等学校,,推薦,福岡県福岡市東区香椎2-9-1,
2026/02/04,福岡県,高等学校,福岡県立香椎工業高等学校,,推薦,福岡県福岡市東区香椎駅東2-23-1,
2026/02/04,福岡県,高等学校,福岡県立柏陵高等学校,,推薦,福岡県福岡市南区柏原4-47-1,
2026/02/04,福岡県,高等学校,福岡県立筑紫丘高等学校,,推薦,福岡県福岡市南区野間2-13-1,
2026/02/04,福岡県,高等学校,福岡市立福翔高等学校,,推薦,福岡県福岡市南区野多目5-31-1,
2026/02/04,福岡県,大学,熊本保健科学大学,一般選抜（一般）,福岡県中小企業振興センター,福岡県福岡市博多区吉塚本町9-15,
2026/02/04,福岡県,大学,長崎純心大学,一般選抜A,福岡会場（福岡県中小企業振興センター）,福岡県福岡市博多区吉塚本町9-15,
2026/02/04,福岡県,高等学校,福岡県立福岡高等学校,,推薦,福岡県福岡市博多区堅粕1-29-1,
2026/02/04,福岡県,高等学校,福岡県立博多青松高等学校,,推薦,福岡県福岡市博多区千代1-2-21,
2026/02/04,福岡県,大学,東京理科大学,一般選抜B・S方式,福岡試験場（北九州予備校博多駅校）,福岡県福岡市博多区博多駅前1-21-4,
2026/02/04,福岡県,大学,中京大学,一般前期A/M・後期F／総合型・推薦,リファレンス大博多ビル,福岡県福岡市博多区博多駅前2-20-1 大博多ビル11階,
2026/02/04,福岡県,大学,別府大学,一般A日程1・2、指定校等推薦,リファレンス大博多ビル貸会議室,福岡県福岡市博多区博多駅前2丁目20-1 大博多ビル11階,
2026/02/04,福岡県,大学,駒澤大学,全学統一／医療健康T方式,福岡会場,福岡県福岡市博多区博多駅前2丁目9-28,
2026/02/04,福岡県,大学,酪農学園大学,一般選抜A/B日程 地方会場,福岡会場（TKPガーデンシティ博多）,福岡県福岡市博多区博多駅前3-4-8 サットンホテル博多シティ内,
2026/02/04,福岡県,大学,神奈川大学,給費生・一般前期（全学統一）,代々木ゼミナール 福岡校,福岡県福岡市博多区博多駅前4-2-25,
2026/02/04,福岡県,大学,関西学院大学,全日程（一般/個別/英数/共通併用）,代々木ゼミナール 福岡校,福岡県福岡市博多区博多駅前4-2-25,
2026/02/04,福岡県,大学,大阪歯科大学,一般選抜 前期・後期,福岡会場（TKP博多駅筑紫口ビジネスセンター）,福岡県福岡市博多区博多駅中央街 4-8,
2026/02/04,福岡県,大学,國學院大学,一般選抜A日程（地方会場）,福岡会場（博多バスターミナル）,福岡県福岡市博多区博多駅中央街2,
2026/02/04,福岡県,大学,環太平洋大学,一般A-2(紙)実施あり,博多バスターミナル 9F,福岡県福岡市博多区博多駅中央街2-1 9F,
2026/02/04,福岡県,大学,梅光学院大学,一般選抜A・B,福岡会場（オフィスニューガイア博多駅前5階）,福岡県福岡市博多区博多駅東1-12-17,
2026/02/04,福岡県,大学,九州国際大学,一般選抜 前期,福岡会場（リファレンス駅東ビル）,福岡県福岡市博多区博多駅東1-16-14,
2026/02/04,福岡県,大学,阪南大学,一般前期,リファレンス駅東ビル貸会議室,福岡県福岡市博多区博多駅東1-16-14,
2026/02/04,福岡県,大学,京都外国語大学,一般選抜A日程,リファレンス駅東ビル,福岡県福岡市博多区博多駅東1-16-14 リファレンス駅東ビル7階,
2026/02/04,福岡県,大学,関東学院大学,給費生/一般前期A/後期,リファレンス駅東ビル,福岡県福岡市博多区博多駅東1丁目16-14,
2026/02/04,福岡県,大学,朝日大学,地方試験場,八重洲博多ビル,福岡県福岡市博多区博多駅東2丁目18-30,
2026/02/04,福岡県,大学,東京農業大学,一般選抜A日程,九州ビル会議室（福岡会場A）,福岡県福岡市博多区博多駅南1-8-31,
2026/02/04,福岡県,高等学校,福岡県立光陵高等学校,,推薦,福岡県福津市光陽台5丁目,
2026/02/04,福岡県,高等学校,福岡県立水産高等学校,,推薦,福岡県福津市津屋崎4-46-14,
2026/02/04,福岡県,高等学校,福岡県立青豊高等学校,,推薦,福岡県豊前市青豊3-1,
2026/02/04,福岡県,高等学校,福岡県立戸畑工業高等学校,,推薦,福岡県北九州市戸畑区丸町3-10-1,
2026/02/04,福岡県,高等学校,北九州市立高等学校,,推薦,福岡県北九州市戸畑区浅生1-10-1,
2026/02/04,福岡県,高等学校,福岡県立ひびき高等学校,,推薦,福岡県北九州市戸畑区天籟寺1-2-1,
2026/02/04,福岡県,高等学校,福岡県立戸畑高等学校,,推薦,福岡県北九州市戸畑区夜宮3-1-1,
2026/02/04,福岡県,高等学校,福岡県立若松高等学校,,推薦,福岡県北九州市若松区上原町15-13,
2026/02/04,福岡県,高等学校,福岡県立若松商業高等学校,,推薦,福岡県北九州市若松区片山3-2-1,
2026/02/04,福岡県,高等学校,福岡県立北九州高等学校,,推薦,福岡県北九州市小倉南区若園5丁目1番1号,
2026/02/04,福岡県,高等学校,福岡県立小倉東高等学校,,推薦,福岡県北九州市小倉南区田原5-2-1,
2026/02/04,福岡県,高等学校,福岡県立小倉南高等学校,,推薦,福岡県北九州市小倉南区富士見1-9-1,
2026/02/04,福岡県,高等学校,福岡県立小倉商業高等学校,,推薦,福岡県北九州市小倉南区富士見3-5-1,
2026/02/04,福岡県,高等学校,福岡県立小倉高等学校,,推薦,福岡県北九州市小倉北区愛宕2-8-1,
2026/02/04,福岡県,高等学校,福岡県立小倉西高等学校,,推薦,福岡県北九州市小倉北区下到津5-7-1,
2026/02/04,福岡県,大学,ノートルダム清心女子大学,一般選抜3教科/2教科,小倉会場（西日本総合展示場AIM）,福岡県北九州市小倉北区浅野3丁目7-1,
2026/02/04,福岡県,大学,西南学院大学,一般選抜A日程・F日程,北九州試験場（AIMビルG展示場）,福岡県北九州市小倉北区浅野3丁目8-1,
2026/02/04,福岡県,高等学校,福岡県立小倉工業高等学校,,推薦,福岡県北九州市小倉北区白萩町6番1号,
2026/02/04,福岡県,高等学校,福岡県立八幡中央高等学校,,推薦,福岡県北九州市八幡西区元城町1-1,
2026/02/04,福岡県,大学,九州女子大学,一般選抜Ⅰ・Ⅱ・Ⅲ期,本学キャンパス,福岡県北九州市八幡西区自由ケ丘1-1,
2026/02/04,福岡県,大学,九州共立大学,一般選抜I・II・III期,本学キャンパス,福岡県北九州市八幡西区自由ケ丘1-8,
2026/02/04,福岡県,高等学校,福岡県立折尾高等学校,,推薦,福岡県北九州市八幡西区大膳2-23-1,
2026/02/04,福岡県,高等学校,福岡県立八幡南高等学校,,推薦,福岡県北九州市八幡西区的場町6-1,
2026/02/04,福岡県,高等学校,福岡県立東筑高等学校,,推薦,福岡県北九州市八幡西区東筑1-1-1,
2026/02/04,福岡県,高等学校,福岡県立八幡工業高等学校,,推薦,福岡県北九州市八幡西区別所町1-1,
2026/02/04,福岡県,高等学校,福岡県立北筑高等学校,,推薦,福岡県北九州市八幡西区北筑一丁目1番1号,
2026/02/04,福岡県,高等学校,福岡県立八幡高等学校,,推薦,福岡県北九州市八幡東区清田3-1-1,
2026/02/04,福岡県,大学,九州国際大学,一般選抜 前期・後期,九州国際大学（本学会場）,福岡県北九州市八幡東区平野1-6-1,
2026/02/04,福岡県,高等学校,福岡県立門司学園高等学校,,推薦,福岡県北九州市門司区猿喰1462-2,
2026/02/04,福岡県,高等学校,福岡県立門司大翔館高等学校,,推薦,福岡県北九州市門司区藤松2-7-1,
2026/02/04,福岡県,高等学校,福岡県立伝習館高等学校,,推薦,福岡県柳川市本町142,
2026/02/04,福岡県,大学,九州共立大学,一般選抜I期,TKPガーデンシティPREMIUM天神 スカイホール,福岡市中央区天神1-4-1 西日本新聞会館16階,
2026/02/04,福岡県,大学,九州女子大学,一般選抜Ⅰ期,TKPガーデンシティPREMUM天神スカイホール,福岡市中央区天神1-4-1 西日本新聞会館16階,
2026/02/04,福岡県,大学,同志社大学,一般選抜入学試験,アクロス福岡,福岡市中央区天神1丁目1-1,
2026/02/04,福岡県,大学,神戸学院大学,公募推薦・一般(前/中/後期),福岡会場（天神ビル）,福岡市中央区天神2-12-1,
2026/02/04,福岡県,大学,立命館アジア太平洋大学,スタンダード3/英語重視/共テ+英・国/後期,博多国際展示場＆カンファレンスセンター,福岡市博多区東光2-22-15,
2026/02/04,福岡県,大学,立命館大学,一般選抜（試験地）,博多国際展示場＆カンファレンスセンター,福岡市博多区東光2-22-15,
2026/02/04,福岡県,大学,長崎国際大学,一般選抜A・B日程,福岡会場（博多バスターミナル）,福岡市博多区博多駅中央街2-1 博多バスターミナル9F,
2026/02/04,京都府,大学,神戸学院大学,公募推薦・一般(前/中期),福知山会場（福知山商工会議所）,福知山市字中ノ27,
2026/02/04,兵庫県,大学,神戸学院大学,公募推薦・一般(前/中/後期),神戸（有瀬キャンパス）,兵庫県神戸市西区伊川谷町有瀬518,
2026/02/04,兵庫県,大学,流通科学大学,公募推薦・一般(中期/後期)等,神戸会場（本学）,兵庫県神戸市西区学園西町3丁目1番,
2026/02/04,兵庫県,大学,神戸学院大学,公募推薦・一般(前/中/後期),神戸（ポートアイランド第1キャンパス）,兵庫県神戸市中央区港島1-1-3,
2026/02/04,兵庫県,大学,大阪経済大学,一般A/B/D,神戸試験場（ラッセホール）,兵庫県神戸市中央区中山手通4-10-8,
2026/02/04,兵庫県,大学,関西大学,,神戸サンボーホール,兵庫県神戸市中央区浜辺通5丁目1-32,
2026/02/04,兵庫県,大学,甲南大学,一般選抜（前期・中期）,甲南大学岡本キャンパス,兵庫県神戸市東灘区岡本8-9-1,
2026/02/04,兵庫県,大学,神戸国際大学,一般入試（前期）,本学キャンパス（神戸国際大学）,兵庫県神戸市東灘区向洋町中9-1-6,
2026/02/04,兵庫県,大学,関西学院大学,全日程（一般/個別/英数/共通併用）,関西学院大学 西宮上ケ原キャンパス（本学）,兵庫県西宮市上ケ原一番町1-155,
2026/02/04,兵庫県,大学,関西大学,,姫路商工会議所,兵庫県姫路市下寺町43,
2026/02/04,兵庫県,大学,甲南大学,一般選抜（前期）文系のみ,兵庫県立武道館,兵庫県姫路市西延末504番地,
2026/02/04,兵庫県,大学,関西学院大学,全日程（一般/個別/英数/共通併用）,兵庫県立武道館,兵庫県姫路市西延末504番地,
2026/02/04,鳥取県,大学,神戸学院大学,公募推薦・一般(前/中期),米子会場（米子コンベンションセンター）,米子市末広町294,
2026/02/04,鳥取県,大学,同志社大学,一般選抜入学試験,米子ワシントンホテルプラザ,米子市明治町125,
2026/02/04,福岡県,大学,長崎国際大学,一般選抜A日程,北九州会場（毎日西部会館）,北九州市小倉北区紺屋町13番1号,
2026/02/04,福岡県,大学,立命館アジア太平洋大学,スタンダード3,北九州国際会議場,北九州市小倉北区浅野3-9-30,
2026/02/04,福岡県,大学,立命館大学,一般選抜（試験地）,北九州国際会議場,北九州市小倉北区浅野3-9-30,
2026/02/04,和歌山県,大学,阪南大学,一般前期,和歌山県民文化会館,和歌山県和歌山市小松原通1-1,
2026/02/04,和歌山県,大学,関西大学,,和歌山英数学館,和歌山県和歌山市太田2丁目13-12,
2026/02/04,和歌山県,大学,同志社大学,一般選抜入学試験,県民交流プラザ 和歌山ビッグ愛,和歌山市手平2-1-2,
2026/02/04,和歌山県,大学,神戸学院大学,公募推薦・一般(前/中期),和歌山会場（和歌山県民文化会館）,和歌山市小松原通り1-1,
2026/02/04,和歌山県,大学,立命館アジア太平洋大学,スタンダード3,ホテルアバローム紀の国,和歌山市湊通丁北2-1-2,
2026/02/04,和歌山県,高等学校,大阪体育大学浪商,,和歌山,和歌山市湊通丁北2丁目1-2,
2026/02/04,和歌山県,大学,立命館大学,一般選抜（試験地）,ホテルアバローム紀の国,和歌山市湊通丁北2-1-2,
2026/02/04,大阪府,大学,立命館アジア太平洋大学,スタンダード3/英語重視/共テ+英・国/後期,立命館大学（大阪いばらきキャンパス）,茨木市岩倉町2-150,
2026/02/04,大阪府,大学,立命館大学,一般選抜（試験地）,立命館大学（大阪いばらきキャンパス）,茨木市岩倉町2-150,
2026/02/04,佐賀県,,盲学校,,,佐賀市天祐一丁目 5 番 29 号,
2026/02/04,佐賀県,,ろう学校,,,佐賀市鍋島町大字森田 321 番地,
2026/02/04,佐賀県,,金立特別支援学校,,,佐賀市金立町大字金立 2339 番地 2,
2026/02/04,佐賀県,,大和特別支援学校,,,佐賀市大和町大字久留間 3353 番地,
2026/02/04,佐賀県,,唐津特別支援学校,,,唐津市山本 788 番地 12,
2026/02/04,佐賀県,,鳥栖特別支援学校,,,鳥栖市原古賀町 1307 番地1,
2026/02/04,佐賀県,,伊万里特別支援学校,,,伊万里市大坪町丙 1427 番地,
2026/02/04,佐賀県,,うれしの特別支援学校,,,嬉野市塩田町大字五町田甲 2877 番地 1,
2026/02/04,佐賀県,,中原特別支援学校,,,三養基郡みやき町大字原古賀 7262 番地 1,
2026/02/04,岡山県,大学,安田女子大学,一般選抜前期C,岡山会場（オルガビル4階貸会議室）,岡山県岡山市北区奉還町一丁目7-7,
2026/02/04,広島県,大学,安田女子大学,一般選抜前期C,福山会場（福山商工会議所）,広島県福山市西町2-10-1,
2026/02/04,香川県,大学,安田女子大学,一般選抜前期C,高松会場（JRホテルクレメント高松）,香川県高松市浜ノ町1-1,
2026/02/04,佐賀県,大学,安田女子大学,一般選抜前期C,佐賀会場（サンシティオフィスビル）,佐賀県佐賀市神野東2-1-3,
2026/02/04,山口県,大学,安田女子大学,一般選抜前期C,山口会場（YIC Studio）,山口県山口市小郡黄金町2-24,
2026/02/04,鹿児島県,大学,安田女子大学,一般選抜前期C,鹿児島会場（JR九州ホテル鹿児島）,鹿児島県鹿児島市武1-1-2,
2026/02/04,大阪府,大学,麻布大学,一般入学試験（第Ⅰ期）C日程,AP大阪淀屋橋,大阪府大阪市中央区北浜3-2-25 京阪淀屋橋ビル4F,
2026/02/04,大阪府,大学,安田女子大学,一般選抜前期C,大阪会場（リファレンス大阪駅前第4ビル貸会議室（大阪駅前第4ビル内））,大阪府大阪市北区梅田1-11-4 大阪駅前第4ビル23F,
2026/02/04,大分県,大学,安田女子大学,一般選抜前期C,大分会場（大分県労働福祉会館（全労済ソレイユ））,大分県大分市中央町4-2-5,
2026/02/04,島根県,大学,安田女子大学,一般選抜前期C,松江会場（松江テルサ）,島根県松江市朝日町478-18,
2026/02/04,福岡県,大学,安田女子大学,一般選抜前期C,福岡会場（リファレンス駅東ビル）,福岡県福岡市博多区博多駅東1-16-14,
2026/02/04,福岡県,大学,安田女子大学,一般選抜前期C,小倉会場（毎日西部会館）,福岡県北九州市小倉北区紺屋町13-1,
2026/02/04,愛媛県,大学,安田女子大学,一般選抜前期C,松山会場（TKP松山市駅前カンファレンスセンター）,愛媛県松山市千舟町4-3-7,
