日付,都道府県,学校種,学校名,試験名,試験地,住所,時間
2026/02/03,愛媛県,大学,福山平成大学,一般選抜 前期A日程（今治）,今治試験場,愛媛県今治市旭町2-3-4,
2026/02/03,愛媛県,大学,広島修道大学,一般選抜前期A/B/C,今治地域地場産業振興センター（じばさんセンター）,愛媛県今治市旭町2-3-5,
2026/02/03,愛媛県,大学,広島文化学園大学,一般選抜（前期）,松山会場,愛媛県松山市一番町3-3-1,
2026/02/03,愛媛県,大学,くらしき作陽大学,食・子・健スポ: 推薦ⅠA/一般ⅠA,松山会場（ホテルアイスル松山）,愛媛県松山市宮田町391-8,
2026/02/03,愛媛県,大学,関西大学,,えひめ共済会館,愛媛県松山市三番町5丁目13-1,
2026/02/03,愛媛県,大学,ノートルダム清心女子大学,一般選抜3教科/2教科,松山会場（TKP松山市駅前カンファレンスセンター）,愛媛県松山市千舟町4丁目3-7 青野ビル 2階,
2026/02/03,愛媛県,大学,九州産業大学,一般前期（共テ併用含む）,リジェール松山（JA愛媛8F）,愛媛県松山市南堀端町2-3 JA愛媛8F,
2026/02/03,愛媛県,大学,徳島文理大学,一般入試会場（詳細要項参照）,松山市会場　愛媛県農業共済組合,愛媛県松山市二番町4丁目4-2,
2026/02/03,愛媛県,大学,九州医療科学大学,一般選抜前期,えぴたホール愛媛（愛媛県PTA会館）,愛媛県松山市歩行町1丁目7-4,
2026/02/03,愛媛県,大学,吉備国際大学,一般前期AⅠ/AⅡ/B/C,松山会場（えぴたホール愛媛（愛媛県PTA会館）内）,愛媛県松山市歩行町1丁目7-4,
2026/02/03,愛媛県,大学,広島修道大学,一般選抜前期A/B/C,松山市総合コミュニティセンター 企画展示ホール,愛媛県松山市湊町7-5,
2026/02/03,岡山県,大学,兵庫医科大学,薬・看・リハ 前期A/B会場,岡山会場（おかやま西川原プラザ）,岡山県岡山市中区西川原255,
2026/02/03,岡山県,大学,ノートルダム清心女子大学,一般選抜3教科/2教科,本学キャンパス,岡山県岡山市北区伊福町2-16-9,
2026/02/03,岡山県,大学,関西大学,,岡山進研学院,岡山県岡山市北区伊福町二丁目10番27号,
2026/02/03,岡山県,大学,広島修道大学,一般選抜前期A/B/C,岡山コンベンションセンター,岡山県岡山市北区駅元町14-1,
2026/02/03,岡山県,大学,関西学院大学,全日程（一般/個別/英数/共通併用）,岡山コンベンションセンター,岡山県岡山市北区駅元町14-1,
2026/02/03,岡山県,大学,芝浦工業大学,一般選抜（前期/全学統一）,岡山会場（サン・ビーチOKAYAMA）,岡山県岡山市北区駅前町2-3-31,
2026/02/03,岡山県,大学,九州医療科学大学,総特待・推A/B・一般前/中,順正学園 岡山駅前キャンパス,岡山県岡山市北区岩田町2-5,
2026/02/03,岡山県,大学,吉備国際大学,一般前期AⅠ/AⅡ/B/C・中期・後期,岡山会場（順正学園駅前キャンパス）,岡山県岡山市北区岩田町2-5,
2026/02/03,岡山県,大学,京都先端科学大学,一般A,岡山シティホテル桑田町,岡山県岡山市北区桑田町3-30,
2026/02/03,岡山県,大学,徳島文理大学,一般入試会場（詳細要項参照）,岡山市会場　岡山シティホテル桑田町別館,岡山県岡山市北区桑田町3-30,
2026/02/03,岡山県,大学,流通科学大学,公募推薦・一般(中期/後期),岡山会場,岡山県岡山市北区桑田町3-30,
2026/02/03,岡山県,大学,京都光華大学,基礎学力チャレンジ/一般前期A・B,岡山国際交流センター,岡山県岡山市北区奉還町2丁目2番1号,
2026/02/03,岡山県,大学,九州産業大学,一般前期（共テ併用含む）,第一セントラルビル2号館,岡山県岡山市北区本町6-30,
2026/02/03,岡山県,大学,福山大学,一般選抜 前期A/B・後期,第一セントラルビル2号館（岡山）,岡山県岡山市北区本町6-30,
2026/02/03,岡山県,大学,福山平成大学,一般選抜A・B・後期,第一セントラルビル2号館,岡山県岡山市北区本町6-30,
2026/02/03,岡山県,大学,くらしき作陽大学,全学部: 推薦ⅠA/B・Ⅱ・ 一般ⅠA/B・Ⅱ,本学（くらしき作陽大学・作陽短期大学）,岡山県倉敷市玉島長尾3515,
2026/02/03,岡山県,大学,立命館アジア太平洋大学,スタンダード3/英語重視/共テ+英・国,岡山国際ホテル,岡山市中区門田本町4-1-16,
2026/02/03,岡山県,大学,立命館大学,一般選抜（試験地）,岡山国際ホテル,岡山市中区門田本町4-1-16,
2026/02/03,岡山県,大学,神戸学院大学,公募推薦・一般(前/中/後期),岡山会場（岡山進研学院）,岡山市北区伊福町2-10-27,
2026/02/03,沖縄県,大学,日本福祉大学,一般入学試験 前期,那覇会場（沖縄福祉保育専門学校）,沖縄県那覇市久米1-5-17,
2026/02/03,沖縄県,大学,志學館大学,推薦I、一般前期（英語民間含む）,那覇試験場（沖縄県青年会館）,沖縄県那覇市久米2-15-23,
2026/02/03,沖縄県,大学,中村学園大学,一般選抜A方式・短大一般,沖縄会場,沖縄県那覇市久米2丁目15-23,
2026/02/03,沖縄県,大学,福井工業大学,一般Ⅰ期,沖縄産業支援センター,沖縄県那覇市字小禄1831-1,
2026/02/03,沖縄県,大学,別府大学,一般A日程1、指定校等推薦、実技本学のみ,沖縄産業支援センター,沖縄県那覇市字小禄1831番地1,
2026/02/03,沖縄県,大学,東京農業大学,一般選抜A日程,沖縄産業支援センター（那覇会場）,沖縄県那覇市小禄1831-1,
2026/02/03,沖縄県,大学,九州産業大学,一般前期（共テ併用含む）,資格の大原 沖縄校,沖縄県那覇市泉崎1-13-3,
2026/02/03,沖縄県,大学,吉備国際大学,一般前期AⅠ/AⅡ/B/C,那覇会場（みんなの貸会議室那覇泉崎店）,沖縄県那覇市泉崎1-13-3 資格の大原沖縄ビル内,
2026/02/03,沖縄県,大学,九州医療科学大学,総I期・総特待・推B・一般前期,みんなの貸会議室 那覇泉崎店,沖縄県那覇市泉崎1-13-3 資格の大原沖縄校ビル内,
2026/02/03,沖縄県,大学,徳島文理大学,一般入試会場（詳細要項参照）,那覇市会場,沖縄県那覇市泊2丁目16-3,
2026/02/03,沖縄県,大学,芝浦工業大学,一般選抜（前期/全学統一）,沖縄会場（国際電子ビジネス専門学校）,沖縄県那覇市壺川3丁目5-3,
2026/02/03,宮崎県,大学,九州医療科学大学,総I〜III期・スポ特・推A/B・一般前中後,九州医療科学大学（本学）,宮崎県延岡市吉野町1714-1,
2026/02/03,宮崎県,大学,福岡大学,一般選抜（系統別・前期）,宮崎会場（宮崎県婦人会館）,宮崎県宮崎市旭1-3-10 宮崎県婦人会館,
2026/02/03,宮崎県,大学,久留米工業大学,前期一般選抜,エアラインホテル,宮崎県宮崎市橘通西3丁目10-19,
2026/02/03,宮崎県,大学,九州産業大学,一般前期（共テ併用含む）,MRT micc,宮崎県宮崎市橘通西4-6-3,
2026/02/03,宮崎県,大学,中村学園大学,一般選抜A方式・短大一般,宮崎会場,宮崎県宮崎市錦町1-10,
2026/02/03,宮崎県,大学,九州医療科学大学,指定校・総特待・推A/B・一般前中後,九州医療科学大学専門学校,宮崎県宮崎市瀬頭2-1-10,
2026/02/03,宮崎県,大学,吉備国際大学,一般前期AⅠ/AⅡ/B/C・中期,宮崎会場（九州医療科学大学専門学校）,宮崎県宮崎市瀬頭2-1-10,
2026/02/03,宮崎県,大学,志學館大学,一般前期（英語民間含む）,宮崎試験場（ホテルひまわり荘）,宮崎県宮崎市瀬頭2-4-5,
2026/02/03,宮崎県,大学,別府大学,一般A日程1、指定校等推薦、実技本学のみ,宮崎グリーンホテル,宮崎県宮崎市大橋2丁目36-1,
2026/02/03,宮崎県,大学,九州医療科学大学,一般選抜前期,都城ロイヤルホテル,宮崎県都城市北原町1106-48,
2026/02/03,宮崎県,大学,吉備国際大学,一般前期AⅠ/AⅡ/B/C,都城会場（都城ロイヤルホテル）,宮崎県都城市北原町1106-48,
2026/02/03,京都府,大学,神戸学院大学,公募推薦・一般(前/中期),京都会場（京都リサーチパーク 東地区）,京都市下京区中堂寺南町134,
2026/02/03,京都府,大学,立命館アジア太平洋大学,スタンダード3/英語重視/共テ+英・国/後期,立命館大学（衣笠キャンパス）,京都市北区等持院北町56-1,
2026/02/03,京都府,大学,立命館大学,一般選抜（試験地）,立命館大学（衣笠キャンパス）,京都市北区等持院北町56-1,
2026/02/03,京都府,大学,京都先端科学大学,一般A 2/3 健康スポーツのみ,京都亀岡キャンパス,京都府亀岡市曽我部町南条大谷1-1,
2026/02/03,京都府,大学,京都先端科学大学,公募推薦A・B、一般A・B・C,京都太秦キャンパス,京都府京都市右京区山ノ内五反田町18,
2026/02/03,京都府,大学,関西学院大学,全日程（一般/個別/英数/共通併用）,TKPガーデンシティ京都タワーホテル,京都府京都市下京区烏丸通七条下ル東塩小路町721-1 6F・9F,
2026/02/03,京都府,大学,京都薬科大学,指定校・公募推薦・一般前期・一般後期,京都薬科大学キャンパス,京都府京都市山科区御陵中内町5,
2026/02/03,京都府,大学,関西大学,,京都府民総合交流プラザ,京都府京都市南区東九条下殿田町70,
2026/02/03,熊本県,大学,九州看護福祉大学,一般選抜 前期本学・後期,九州看護福祉大学（本学会場）,熊本県玉名市富尾888番地,
2026/02/03,熊本県,大学,福岡大学,一般選抜（系統別・前期）,熊本会場（北九州予備校熊本校）,熊本県熊本市西区春日2-3-26 北九州予備校熊本校,
2026/02/03,熊本県,大学,吉備国際大学,一般前期AⅠ/AⅡ/B/C,熊本会場（TKPカンファレンスセンター）,熊本県熊本市中央区花畑町4-7,
2026/02/03,熊本県,大学,九州医療科学大学,総特待・推A/B・一般前/後,TKP熊本カンファレンスセンター,熊本県熊本市中央区花畑町4-7 朝日第一生命ビル9階,
2026/02/03,熊本県,大学,九州産業大学,一般前期（共テ併用含む）,くまもと県民交流館パレア,熊本県熊本市中央区手取本町8-9,
2026/02/03,熊本県,大学,久留米工業大学,前期一般選抜,熊本県民交流館パレア（テトリア熊本ビル9階）,熊本県熊本市中央区手取本町8-9 テトリア熊本ビル9階,
2026/02/03,熊本県,大学,中村学園大学,一般選抜A方式・短大一般,熊本会場,熊本県熊本市中央区辛島町4-39 ネストホテル熊本 2階,
2026/02/03,熊本県,大学,志學館大学,一般前期（英語民間含む）,熊本試験場（熊本県青年会館）,熊本県熊本市中央区水前寺3-17-15,
2026/02/03,熊本県,大学,別府大学,一般A日程1、指定校等推薦、実技本学のみ,熊本県青年会館,熊本県熊本市中央区水前寺3丁目17-15,
2026/02/03,熊本県,大学,立命館アジア太平洋大学,スタンダード3,熊本城ホール,熊本市中央区桜町3-40,
2026/02/03,熊本県,大学,立命館大学,一般選抜（試験地）,熊本城ホール,熊本市中央区桜町3-40,
2026/02/03,広島県,大学,関西大学,,TKPガーデンシティPREMIUM広島駅,広島県 広島市南区大須賀町13-9 ベルビュオフィス広島,
2026/02/03,広島県,大学,広島文化学園大学,一般選抜（前期）,広島 坂キャンパス,広島県安芸郡坂町平成ヶ浜三丁目3番20号,
2026/02/03,広島県,大学,広島文化学園大学,一般選抜（前期）,呉 阿賀キャンパス,広島県呉市阿賀南二丁目10番3号,
2026/02/03,広島県,大学,広島修道大学,一般選抜前期A/B/C・後期,広島修道大学（本学）,広島県広島市安佐南区大塚東1-1-1,
2026/02/03,広島県,大学,広島文化学園大学,一般前期・共テ利用（音楽）,広島 長束キャンパス,広島県広島市安佐南区長束西三丁目5番1号,
2026/02/03,広島県,大学,広島文教大学,一般S/A/B・後期、総合型・推薦等,広島会場（本学）,広島県広島市安佐北区可部東1-2-1,
2026/02/03,広島県,大学,広島工業大学,一般選抜A・B・C日程,五日市キャンパス（本学会場）,広島県広島市佐伯区三宅2-1-1,
2026/02/03,広島県,大学,東京理科大学,一般選抜B・S方式,広島試験場（広島工業大学専門学校）,広島県広島市西区福島町2-1-1,
2026/02/03,広島県,大学,福岡大学,一般選抜（系統別・前期）,広島会場（広島工業大学専門学校）,広島県広島市西区福島町2-1-1 広島工業大学専門学校,
2026/02/03,広島県,大学,関西学院大学,全日程（一般/個別/英数/共通併用）,広島県立総合体育館 武道場,広島県広島市中区基町4-1,
2026/02/03,広島県,大学,神戸国際大学,一般入試（前期）,広島会場（RCC文化センター）,広島県広島市中区橋本町5-11,
2026/02/03,広島県,大学,徳島文理大学,一般入試会場（詳細要項参照）,広島市会場　RCC文化センター,広島県広島市中区橋本町5-11,
2026/02/03,広島県,大学,吉備国際大学,一般前期AⅠ/AⅡ/B/C・中期,広島会場（TKP広島本通駅前カンファレンスセンター）,広島県広島市中区紙屋町2丁目2-12,
2026/02/03,広島県,大学,九州医療科学大学,総特待・推A/B・一般前/中,TKP広島本通駅前 カンファレンスセンター,広島県広島市中区紙屋町2丁目2-12 信和広島ビル,
2026/02/03,広島県,大学,九州産業大学,一般前期（共テ併用含む）,広島国際会議場,広島県広島市中区中島町1-5,
2026/02/03,広島県,大学,くらしき作陽大学,食・子・健スポ: 一般ⅠA,広島会場（広島YMCA国際文化センター）,広島県広島市中区八丁堀7-11,
2026/02/03,広島県,大学,京都先端科学大学,公募推薦A、一般A,広島YMCA国際文化センター,広島県広島市中区八丁堀7-11,
2026/02/03,広島県,大学,別府大学,一般A日程1、実技本学のみ,広島YMCA国際文化センター 2号館,広島県広島市中区八丁堀7-11,
2026/02/03,広島県,大学,福山平成大学,一般選抜A・B・後期,広島YMCA国際文化センター,広島県広島市中区八丁堀7-11,
2026/02/03,広島県,大学,広島都市学園大学,一般前期A/B/C・D、後期、総合・推薦,宇品キャンパス,広島県広島市南区宇品西5丁目13-18,
2026/02/03,広島県,高等学校,広島大学附属,,,広島県広島市南区翠1-1-1,
2026/02/03,広島県,大学,広島修道大学,一般選抜前期A/B/C（人数制限有）,三原シティホテル,広島県三原市城町2-2-2,
2026/02/03,広島県,大学,広島修道大学,一般選抜前期A/B/C,三次市民ホール きりり,広島県三次市三次町111-1,
2026/02/03,広島県,大学,ノートルダム清心女子大学,一般選抜3教科/2教科,広島会場（TKPガーデンシティpremium広島駅北口）,広島県東区二葉の里3丁目5-7 GRANODE広島 3階,
2026/02/03,広島県,大学,福山大学,一般選抜 前期A/B・後期,本学キャンパス,広島県福山市学園町1番地三蔵,
2026/02/03,広島県,大学,福山平成大学,一般選抜A・B・後期,福山（社会連携推進センター）,広島県福山市丸之内1丁目2-40,
2026/02/03,広島県,大学,福山大学,一般選抜 前期A/B・後期,社会連携推進センター（福山）,広島県福山市丸之内1丁目2番40号,
2026/02/03,広島県,大学,福山平成大学,一般選抜A・B・後期,福山平成大学（本学キャンパス）,広島県福山市御幸町上岩成正戸117-1,
2026/02/03,広島県,大学,広島修道大学,一般選抜前期A/B/C,広島県立ふくやま産業交流館（ビッグ・ローズ）,広島県福山市御幸町上岩成正戸476-5,
2026/02/03,広島県,大学,ノートルダム清心女子大学,一般選抜3教科/2教科,福山会場（TKP福山ちゅうぎんビル会議室）,広島県福山市紅葉町1-1 福山ちゅうぎんビル 7階,
2026/02/03,広島県,高等学校,広島大学附属福山,,,広島県福山市春日町5-14-1,
2026/02/03,広島県,大学,神戸学院大学,公募推薦・一般(前/中/後期),広島会場（RCC 文化センター）,広島市中区橋本町5-11,
2026/02/03,広島県,大学,福山大学,一般選抜 前期A/B・後期,広島会場（広島YMCA国際文化センター）,広島市中区八丁堀7-11,
2026/02/03,広島県,大学,立命館アジア太平洋大学,スタンダード3/英語重視/共テ+英・国/後期,TKPガーデンシティ 広島駅前大橋,広島市南区京橋町1-7 アスティ広島京橋ビルディング,
2026/02/03,広島県,大学,立命館大学,一般選抜（試験地）,TKP ガーデンシティ 広島駅前大橋,広島市南区京橋町1-7 アスティ広島京橋ビルディング,
2026/02/03,福岡県,大学,九州産業大学,一般前期（共テ併用含む）,行橋商工会議所,行橋市中央1-9-50,
2026/02/03,香川県,高等学校,香川県立石田高等学校,,自己推薦,香川県さぬき市寒川町石田東甲1065,
2026/02/03,香川県,高等学校,香川県立志度高等学校,,自己推薦,香川県さぬき市志度366-5,
2026/02/03,香川県,高等学校,香川県立津田高等学校,,自己推薦,香川県さぬき市津田町津田1632-1,
2026/02/03,香川県,高等学校,香川県立農業経営高等学校,,自己推薦,香川県綾歌郡綾川町北1023-1,
2026/02/03,香川県,高等学校,香川県立観音寺総合高等学校,,自己推薦,香川県観音寺市天神町1丁目1-15,
2026/02/03,香川県,高等学校,香川県立観音寺第一高等学校,,自己推薦,香川県観音寺市茂木町四丁目2番38号,
2026/02/03,香川県,高等学校,香川県立丸亀城西高等学校,,自己推薦,香川県丸亀市津森町位267,
2026/02/03,香川県,高等学校,香川県立飯山高等学校,,自己推薦,香川県丸亀市飯山町下法軍寺664-1,
2026/02/03,香川県,高等学校,香川県立丸亀高等学校,,自己推薦,香川県丸亀市六番丁1,
2026/02/03,香川県,大学,兵庫医科大学,薬・看・リハ 前期A/B会場,高松会場（サンポートホール高松）,香川県高松市サンポート2-1,
2026/02/03,香川県,大学,広島修道大学,一般選抜前期A/B/C,サンポートホール高松,香川県高松市サンポート2-1,
2026/02/03,香川県,高等学校,香川県立高松南高等学校,,自己推薦,香川県高松市一宮町531,
2026/02/03,香川県,大学,関西学院大学,全日程（一般/個別/英数/共通併用）,村上学園高等学校 高松校,香川県高松市観光町545-3,
2026/02/03,香川県,大学,流通科学大学,公募推薦・一般(中期/後期),高松会場,香川県高松市観光町547-1,
2026/02/03,香川県,大学,関西大学,,高松高等予備校,香川県高松市観光町547-1,
2026/02/03,香川県,高等学校,香川県立高松西高等学校,,自己推薦,香川県高松市鬼無町山口257-1,
2026/02/03,香川県,高等学校,香川県立香川中央高等学校,,自己推薦,香川県高松市香川町大野2001番地,
2026/02/03,香川県,高等学校,高松市立高松第一高等学校,,自己推薦,香川県高松市桜町2-5-10,
2026/02/03,香川県,大学,ノートルダム清心女子大学,一般選抜3教科/2教科,高松会場（高松センタービル）,香川県高松市寿町2-4-20,
2026/02/03,香川県,高等学校,香川県立高松商業高等学校,,自己推薦,香川県高松市松島町1-18-54,
2026/02/03,香川県,大学,京都先端科学大学,一般A(2/3),香川県教育会館ミューズホール,香川県高松市西宝町2丁目6-40,
2026/02/03,香川県,高等学校,香川県立高松東高等学校,,自己推薦,香川県高松市前田東町690番地1,
2026/02/03,香川県,高等学校,香川県立高松桜井高等学校,,自己推薦,香川県高松市多肥上町1250,
2026/02/03,香川県,大学,日本福祉大学,一般入学試験 前期,高松会場（香川県社会福祉総合センター）,香川県高松市番町1丁目10番35号,
2026/02/03,香川県,大学,福山平成大学,一般選抜 前期A日程,高松商工会議所,香川県高松市番町2-2-2,
2026/02/03,香川県,高等学校,香川県立高松工芸高等学校,,自己推薦,香川県高松市番町2-9-30,
2026/02/03,香川県,高等学校,香川県立高松高等学校,,自己推薦,香川県高松市番町3-1-1,
2026/02/03,香川県,大学,吉備国際大学,一般前期AⅠ/AⅡ/B/C・中期・後期,高松会場（TKP高松カンファレンスセンター）,香川県高松市浜ノ町1-20,
2026/02/03,香川県,大学,九州医療科学大学,総特待・推A/B・一般前/中,TKP高松カンファレンスセンター,香川県高松市浜ノ町1-20 TAKAMATSU ORNE 南館3階,
2026/02/03,香川県,大学,徳島文理大学,一般入試I期A/B・II・III,高松駅キャンパス,香川県高松市浜ノ町8-53,
2026/02/03,香川県,大学,くらしき作陽大学,食・子・健スポ: 推薦ⅠA/一般ⅠA,高松会場（マリンパレスさぬき）,香川県高松市福岡町二丁目3番4号,
2026/02/03,香川県,高等学校,香川県立高松北高等学校,,自己推薦,香川県高松市牟礼町牟礼1583-1,
2026/02/03,香川県,高等学校,香川県立坂出工業高等学校,,自己推薦,香川県坂出市御供所町1-1-2,
2026/02/03,香川県,高等学校,香川県立坂出商業高等学校,,自己推薦,香川県坂出市青葉町1-13,
2026/02/03,香川県,高等学校,香川県立坂出高等学校,,自己推薦,香川県坂出市文京町2丁目1-5,
2026/02/03,香川県,高等学校,香川県立高瀬高等学校,,自己推薦,香川県三豊市高瀬町下勝間2093,
2026/02/03,香川県,高等学校,香川県立笠田高等学校,,自己推薦,香川県三豊市豊中町笠田竹田251番地,
2026/02/03,香川県,高等学校,香川県立小豆島中央高等学校,,自己推薦,香川県小豆郡小豆島町蒲生甲1001番地,
2026/02/03,香川県,高等学校,香川県立善通寺第一高等学校,,自己推薦,香川県善通寺市文京町1-1-5,
2026/02/03,香川県,高等学校,香川県立琴平高等学校,,自己推薦,香川県仲多度郡琴平町142-2,
2026/02/03,香川県,高等学校,香川県立多度津高等学校,,自己推薦,香川県仲多度郡多度津町栄町1-1-82,
2026/02/03,香川県,高等学校,香川県立三本松高等学校,,自己推薦,香川県東かがわ市三本松1500-1,
2026/02/03,香川県,高等学校,香川県立三木高等学校,,自己推薦,香川県木田郡三木町平木750番地,
2026/02/03,香川県,大学,神戸学院大学,公募推薦・一般(前/中/後期),高松会場（高松センタービル）,高松市寿町2-4-20,
2026/02/03,香川県,大学,福山大学,一般選抜 前期A日程（高松）,高松商工会議所,高松市番町2-2-2,
2026/02/03,香川県,大学,立命館アジア太平洋大学,スタンダード3/英語重視/共テ+英・国/後期,ホテルパールガーデン,高松市福岡町2-2-1,
2026/02/03,香川県,大学,立命館大学,一般選抜（試験地）,ホテルパールガーデン,高松市福岡町2-2-1,
2026/02/03,高知県,大学,徳島文理大学,一般入試会場（詳細要項参照）,高知市会場,高知市はりまや町3-7-8,
2026/02/03,高知県,大学,神戸学院大学,公募推薦・一般(前/中期),高知会場（土佐塾予備校）,高知市はりまや町3-7-8,
2026/02/03,愛媛県,大学,福山大学,一般選抜 前期A日程（今治）,今治国際ホテル,今治市旭町2-3-4,
2026/02/03,佐賀県,高等学校,佐賀県立伊万里高等学校,,特色,佐賀県伊万里市二里町大里甲2600,
2026/02/03,佐賀県,高等学校,佐賀県立伊万里実業高等学校,,特色,佐賀県伊万里市脇田町1376,
2026/02/03,佐賀県,高等学校,佐賀県立嬉野高等学校,,特色,佐賀県嬉野市塩田町大字馬場下甲1418,
2026/02/03,佐賀県,高等学校,佐賀県立白石高等学校,,特色,佐賀県杵島郡白石町大字今泉138-1,
2026/02/03,佐賀県,高等学校,佐賀県立佐賀農業高等学校,,特色,佐賀県杵島郡白石町大字福田1660,
2026/02/03,佐賀県,高等学校,佐賀県立佐賀西高等学校,,特色,佐賀県佐賀市城内1-4-25,
2026/02/03,佐賀県,大学,九州産業大学,一般前期（共テ併用含む）,九州国際情報ビジネス専門学校,佐賀県佐賀市神野東1-9-32,
2026/02/03,佐賀県,大学,福山平成大学,一般選抜 前期A日程,サンシティオフィスビル（会議室）,佐賀県佐賀市神野東2-1-3,
2026/02/03,佐賀県,高等学校,佐賀県立佐賀商業高等学校,,特色,佐賀県佐賀市神野東4-12-40,
2026/02/03,佐賀県,高等学校,佐賀県立高志館高等学校,,特色,佐賀県佐賀市大和町尼寺1698,
2026/02/03,佐賀県,高等学校,佐賀県立佐賀北高等学校,,特色,佐賀県佐賀市天祐2-6-1,
2026/02/03,佐賀県,高等学校,佐賀県立佐賀東高等学校,,特色,佐賀県佐賀市南佐賀3-11-15,
2026/02/03,佐賀県,高等学校,佐賀県立致遠館高等学校,,特色,佐賀県佐賀市兵庫北4-1-1,
2026/02/03,佐賀県,高等学校,佐賀県立佐賀工業高等学校,,特色,佐賀県佐賀市緑小路1-1,
2026/02/03,佐賀県,高等学校,佐賀県立三養基高等学校,,特色,佐賀県三養基郡みやき町大字原古賀300-1,
2026/02/03,佐賀県,高等学校,佐賀県立鹿島高等学校,,特色,佐賀県鹿島市大字高津原462,
2026/02/03,佐賀県,高等学校,佐賀県立牛津高等学校,,特色,佐賀県小城市牛津町牛津274,
2026/02/03,佐賀県,高等学校,佐賀県立小城高等学校,,特色,佐賀県小城市小城町176,
2026/02/03,佐賀県,高等学校,佐賀県立神埼清明高等学校,,特色,佐賀県神埼市横武2,
2026/02/03,佐賀県,高等学校,佐賀県立神埼高等学校,,特色,佐賀県神埼市神埼町本告牟田3076番2,
2026/02/03,佐賀県,高等学校,佐賀県立有田工業高等学校,,特色,佐賀県西松浦郡有田町桑古場乙2902,
2026/02/03,佐賀県,高等学校,佐賀県立多久高等学校,,特色,佐賀県多久市北多久町小侍23,
2026/02/03,佐賀県,高等学校,佐賀県立鳥栖工業高等学校,,特色,佐賀県鳥栖市元町1918番地,
2026/02/03,佐賀県,高等学校,佐賀県立鳥栖高等学校,,特色,佐賀県鳥栖市古野町600-1,
2026/02/03,佐賀県,高等学校,佐賀県立鳥栖商業高等学校,,特色,佐賀県鳥栖市平田町1110-8,
2026/02/03,佐賀県,高等学校,佐賀県立唐津東高等学校,,特色,佐賀県唐津市鏡新開1番地,
2026/02/03,佐賀県,高等学校,佐賀県立唐津商業高等学校,,特色,佐賀県唐津市元石町235-2,
2026/02/03,佐賀県,高等学校,佐賀県立厳木高等学校,,特色,佐賀県唐津市厳木町厳木727,
2026/02/03,佐賀県,高等学校,佐賀県立唐津南高等学校,,特色,佐賀県唐津市神田字堤2629-1,
2026/02/03,佐賀県,高等学校,佐賀県立唐津工業高等学校,,特色,佐賀県唐津市石志字中ノ尾3072-1,
2026/02/03,佐賀県,高等学校,佐賀県立唐津西高等学校,,特色,佐賀県唐津市町田1992,
2026/02/03,佐賀県,高等学校,佐賀県立唐津青翔高等学校,,特色,佐賀県東松浦郡玄海町新田1809-11,
2026/02/03,佐賀県,高等学校,佐賀県立太良高等学校,,特色,佐賀県藤津郡太良町多良4212-6,
2026/02/03,佐賀県,大学,久留米工業大学,前期一般選抜,進学塾ブレスト 山内本部校,佐賀県武雄市山内町三間坂13314,
2026/02/03,佐賀県,高等学校,佐賀県立武雄高等学校,,特色,佐賀県武雄市武雄町大字武雄5540-2,
2026/02/03,佐賀県,大学,福山大学,一般選抜 前期A日程（佐賀）,サンシティオフィスビル,佐賀市神野東2丁目1番3号,
2026/02/03,長崎県,大学,九州産業大学,一般前期（佐世保会場）,佐世保市交通会館,佐世保市栄町7-12,
2026/02/03,山口県,大学,宇部フロンティア大学,一般選抜A日程・B日程・C日程,本学キャンパス,山口県宇部市文京台2-1-1,
2026/02/03,山口県,大学,九州産業大学,一般前期（共テ併用含む）,海峡メッセ下関,山口県下関市豊前田町3-3-1,
2026/02/03,山口県,大学,福山平成大学,一般選抜 前期A日程,山口グランドホテル,山口県山口市小郡黄金町1-1,
2026/02/03,山口県,大学,福岡大学,一般選抜（系統別・前期）,山口会場（北九州予備校山口校）,山口県山口市小郡御幸町1-39 北九州予備校山口校,
2026/02/03,山口県,大学,広島修道大学,一般選抜前期A/B/C,KDDI維新ホール,山口県山口市小郡令和1-1-1,
2026/02/03,山口県,大学,広島修道大学,一般選抜前期A/B/C,周南地域地場産業振興センター,山口県周南市鼓海2-118-24,
2026/02/03,山口県,大学,広島文化学園大学,一般選抜（前期）,徳山会場,山口県周南市築港町8-33,
2026/02/03,山口県,大学,福山大学,一般選抜 前期A日程,山口会場（山口グランドホテル）,山口市小郡黄金町1番1号,
2026/02/03,山口県,大学,立命館アジア太平洋大学,スタンダード3,KDDI維新ホール,山口市小郡令和1-1-1,
2026/02/03,山口県,大学,立命館大学,一般選抜（試験地）,KDDI維新ホール,山口市小郡令和1-1-1,
2026/02/03,山口県,大学,九州産業大学,一般前期（共テ併用含む）,山口県教育会館,山口市大手町2-18,
2026/02/03,滋賀県,高等学校,近江兄弟社,,本校,滋賀県近江八幡市市井町177,
2026/02/03,滋賀県,高等学校,綾羽,,本校,滋賀県草津市西渋川一丁目18番1号,
2026/02/03,滋賀県,高等学校,比叡山,,本校,滋賀県大津市坂本4丁目3-1,
2026/02/03,滋賀県,高等学校,滋賀短大附属,,本校,滋賀県大津市朝日が丘1-18-1,
2026/02/03,滋賀県,高等学校,滋賀学園,,本校,滋賀県東近江市建部北町520-1,
2026/02/03,滋賀県,高等学校,彦根総合,,本校,滋賀県彦根市芹川町328番地,
2026/02/03,滋賀県,高等学校,近江,,本校,滋賀県彦根市松原町大黒前3511-1,
2026/02/03,滋賀県,大学,福井工業大学,一般Ⅰ期・Ⅱ期/推薦Ⅰ・Ⅱ期,彦根勤労福祉会館,滋賀県彦根市大東町4-28,
2026/02/03,鹿児島県,高等学校,鹿児島県立串木野高等学校,,推薦,鹿児島県いちき串木野市美住町65,
2026/02/03,鹿児島県,高等学校,鹿児島県立市来農芸高等学校,,推薦,鹿児島県いちき串木野市湊町160,
2026/02/03,鹿児島県,高等学校,鹿児島県立鶴翔高等学校,,推薦,鹿児島県阿久根市赤瀬川1800,
2026/02/03,鹿児島県,高等学校,鹿児島県立加治木高等学校,,推薦,鹿児島県姶良市加治木町仮屋町211番地,
2026/02/03,鹿児島県,高等学校,鹿児島県立加治木工業高等学校,,推薦,鹿児島県姶良市加治木町新富町131,
2026/02/03,鹿児島県,高等学校,鹿児島県立蒲生高等学校,,推薦,鹿児島県姶良市蒲生町下久徳848-2,
2026/02/03,鹿児島県,高等学校,鹿児島県立伊佐農林高等学校,,推薦,鹿児島県伊佐市大口原田574,
2026/02/03,鹿児島県,高等学校,鹿児島県立大口高等学校,,推薦,鹿児島県伊佐市大口里2670,
2026/02/03,鹿児島県,高等学校,鹿児島県立大島北高等学校,,推薦,鹿児島県奄美市笠利町大字中金久356,
2026/02/03,鹿児島県,高等学校,鹿児島県立大島高等学校,,推薦,鹿児島県奄美市名瀬安勝町7番1号,
2026/02/03,鹿児島県,高等学校,鹿児島県立奄美高等学校,,推薦,鹿児島県奄美市名瀬古田町1-1,
2026/02/03,鹿児島県,大学,志學館大学,推薦I、一般前期（英語民間含む）,奄美試験場（アマホームPLAZA）,鹿児島県奄美市名瀬柳町2-1,
2026/02/03,鹿児島県,高等学校,鹿児島県立楠隼高等学校,,推薦,鹿児島県肝属郡肝付町前田5025,
2026/02/03,鹿児島県,高等学校,鹿児島県立南大隅高等学校,,推薦,鹿児島県肝属郡南大隅町根占川北413,
2026/02/03,鹿児島県,高等学校,鹿児島県立屋久島高等学校,,推薦,鹿児島県熊毛郡屋久島町宮之浦2479-1,
2026/02/03,鹿児島県,高等学校,鹿児島県立種子島中央高等学校,,推薦,鹿児島県熊毛郡中種子町野間4258-1,
2026/02/03,鹿児島県,高等学校,鹿児島県立薩摩中央高等学校,,推薦,鹿児島県薩摩郡さつま町虎居1900,
2026/02/03,鹿児島県,高等学校,鹿児島県立川内高等学校,,推薦,鹿児島県薩摩川内市御陵下町6-3,
2026/02/03,鹿児島県,高等学校,鹿児島県立川薩清修館高等学校,,推薦,鹿児島県薩摩川内市入来町副田5961,
2026/02/03,鹿児島県,高等学校,鹿児島県立川内商工高等学校,,推薦,鹿児島県薩摩川内市平佐町1835,
2026/02/03,鹿児島県,高等学校,鹿児島県立志布志高等学校,,推薦,鹿児島県志布志市志布志町安楽178,
2026/02/03,鹿児島県,高等学校,指宿市立指宿商業高等学校,,推薦,鹿児島県指宿市岩本2747,
2026/02/03,鹿児島県,高等学校,鹿児島県立山川高等学校,,推薦,鹿児島県指宿市山川成川3423,
2026/02/03,鹿児島県,高等学校,鹿児島県立指宿高等学校,,推薦,鹿児島県指宿市十町236,
2026/02/03,鹿児島県,高等学校,鹿児島県立串良商業高等学校,,推薦,鹿児島県鹿屋市串良町岡崎2496-1,
2026/02/03,鹿児島県,高等学校,鹿児島県立鹿屋農業高等学校,,推薦,鹿児島県鹿屋市寿2-17-5,
2026/02/03,鹿児島県,大学,九州医療科学大学,一般選抜前期,鹿屋商工会議所,鹿児島県鹿屋市新川町600,
2026/02/03,鹿児島県,大学,吉備国際大学,一般前期AⅠ/AⅡ/B/C,鹿屋会場（鹿屋商工会議所）,鹿児島県鹿屋市新川町600番地,
2026/02/03,鹿児島県,高等学校,鹿屋市立鹿屋女子高等学校,,推薦,鹿児島県鹿屋市西原1-24-35,
2026/02/03,鹿児島県,高等学校,鹿児島県立鹿屋工業高等学校,,推薦,鹿児島県鹿屋市川西町4490番地,
2026/02/03,鹿児島県,高等学校,鹿児島県立鹿屋高等学校,,推薦,鹿児島県鹿屋市白崎町13-1,
2026/02/03,鹿児島県,高等学校,鹿児島県立鹿児島中央高等学校,,推薦,鹿児島県鹿児島市加治屋町10番1号,
2026/02/03,鹿児島県,高等学校,鹿児島市立鹿児島女子高等学校,,推薦,鹿児島県鹿児島市玉里町27-1,
2026/02/03,鹿児島県,高等学校,鹿児島県立明桜館高等学校,,推薦,鹿児島県鹿児島市郡山町100番地,
2026/02/03,鹿児島県,大学,九州産業大学,一般前期（共テ併用含む）,鹿児島高等予備校,鹿児島県鹿児島市高麗町15-10,
2026/02/03,鹿児島県,大学,志學館大学,全日程（総合I/II・推薦I・一般前期等）,本学試験場（志學館大学）,鹿児島県鹿児島市紫原1丁目59-1,
2026/02/03,鹿児島県,高等学校,鹿児島県立武岡台高等学校,,推薦,鹿児島県鹿児島市小野町3175,
2026/02/03,鹿児島県,高等学校,鹿児島県立甲南高等学校,,推薦,鹿児島県鹿児島市上之園町23-1,
2026/02/03,鹿児島県,高等学校,鹿児島市立鹿児島商業高等学校,,推薦,鹿児島県鹿児島市西坂元町58-1,
2026/02/03,鹿児島県,高等学校,鹿児島県立開陽高等学校,,推薦,鹿児島県鹿児島市西谷山1丁目2番1号,
2026/02/03,鹿児島県,大学,福井工業大学,一般Ⅰ期,ホテルタイセイアネックス2号館,鹿児島県鹿児島市西田1-4-30,
2026/02/03,鹿児島県,大学,福岡大学,一般選抜（系統別・前期）,鹿児島会場（北九州予備校鹿児島校）,鹿児島県鹿児島市西田1-7-3 北九州予備校鹿児島校,
2026/02/03,鹿児島県,高等学校,鹿児島県立鹿児島工業高等学校,,推薦,鹿児島県鹿児島市草牟田2-57-1,
2026/02/03,鹿児島県,高等学校,鹿児島県立鹿児島南高等学校,,推薦,鹿児島県鹿児島市谷山中央8丁目4番1号,
2026/02/03,鹿児島県,高等学校,鹿児島市立鹿児島玉龍高等学校,,推薦,鹿児島県鹿児島市池之上町20-57,
2026/02/03,鹿児島県,大学,吉備国際大学,一般前期AⅠ/AⅡ/B/C・中期,鹿児島会場（TKPガーデンシティ鹿児島中央）,鹿児島県鹿児島市中央町26-1,
2026/02/03,鹿児島県,大学,九州医療科学大学,総特待・推A/B・一般前中後,TKPガーデンシティ鹿児島中央,鹿児島県鹿児島市中央町26-1 南国アネックス2・3階,
2026/02/03,鹿児島県,高等学校,鹿児島県立鹿児島東高等学校,,推薦,鹿児島県鹿児島市東坂元3-28-1,
2026/02/03,鹿児島県,大学,別府大学,一般A日程1、指定校等推薦、実技本学のみ,サンプラザ天文館,鹿児島県鹿児島市東千石町2-30,
2026/02/03,鹿児島県,大学,中村学園大学,一般選抜A方式・短大一般,鹿児島会場,鹿児島県鹿児島市東千石町2-30,
2026/02/03,鹿児島県,大学,久留米工業大学,前期一般選抜,サンプラザ天文館,鹿児島県鹿児島市東千石町2-30 3階,
2026/02/03,鹿児島県,高等学校,鹿児島県立松陽高等学校,,推薦,鹿児島県鹿児島市福山町573,
2026/02/03,鹿児島県,高等学校,鹿児島県立錦江湾高等学校,,推薦,鹿児島県鹿児島市平川町4047,
2026/02/03,鹿児島県,高等学校,鹿児島県立鶴丸高等学校,,推薦,鹿児島県鹿児島市薬師2-1-1,
2026/02/03,鹿児島県,高等学校,鹿児島県立出水工業高等学校,,推薦,鹿児島県出水市五万石町358,
2026/02/03,鹿児島県,高等学校,鹿児島県立出水高等学校,,推薦,鹿児島県出水市西出水町1700,
2026/02/03,鹿児島県,高等学校,出水市立出水商業高等学校,,推薦,鹿児島県出水市明神町200,
2026/02/03,鹿児島県,高等学校,鹿児島県立野田女子高等学校,,推薦,鹿児島県出水市野田町下名5454,
2026/02/03,鹿児島県,高等学校,鹿児島県立垂水高等学校,,推薦,鹿児島県垂水市中央町14番地,
2026/02/03,鹿児島県,高等学校,鹿児島県立種子島高等学校,,推薦,鹿児島県西之表市西之表9607-1,
2026/02/03,鹿児島県,高等学校,鹿児島県立曽於高等学校,,推薦,鹿児島県曽於市末吉町二之方6080,
2026/02/03,鹿児島県,高等学校,鹿児島県立喜界高等学校,,推薦,鹿児島県大島郡喜界町大字赤連2536番地,
2026/02/03,鹿児島県,高等学校,鹿児島県立古仁屋高等学校,,推薦,鹿児島県大島郡瀬戸内町古仁屋399-1,
2026/02/03,鹿児島県,高等学校,鹿児島県立沖永良部高等学校,,推薦,鹿児島県大島郡知名町余多241番地,
2026/02/03,鹿児島県,高等学校,鹿児島県立徳之島高等学校,,推薦,鹿児島県大島郡徳之島町亀津784,
2026/02/03,鹿児島県,高等学校,鹿児島県立与論高等学校,,推薦,鹿児島県大島郡与論町茶花1234-1,
2026/02/03,鹿児島県,高等学校,鹿児島県立加世田高等学校,,推薦,鹿児島県南さつま市加世田川畑3200,
2026/02/03,鹿児島県,高等学校,鹿児島県立加世田常潤高等学校,,推薦,鹿児島県南さつま市加世田武田14863,
2026/02/03,鹿児島県,高等学校,鹿児島県立頴娃高等学校,,推薦,鹿児島県南九州市頴娃町牧之内2000番地,
2026/02/03,鹿児島県,高等学校,鹿児島県立川辺高等学校,,推薦,鹿児島県南九州市川辺町田部田4150,
2026/02/03,鹿児島県,高等学校,鹿児島県立薩南工業高等学校,,推薦,鹿児島県南九州市知覧町郡5232,
2026/02/03,鹿児島県,高等学校,鹿児島県立伊集院高等学校,,推薦,鹿児島県日置市伊集院町郡1984番地,
2026/02/03,鹿児島県,高等学校,鹿児島県立吹上高等学校,,推薦,鹿児島県日置市吹上町今田1003番地,
2026/02/03,鹿児島県,高等学校,鹿児島県立枕崎高等学校,,推薦,鹿児島県枕崎市岩崎町3番地,
2026/02/03,鹿児島県,高等学校,鹿児島県立鹿児島水産高等学校,,推薦,鹿児島県枕崎市板敷南町650番地,
2026/02/03,鹿児島県,高等学校,霧島市立国分中央高等学校,,推薦,鹿児島県霧島市国分中央1-10-1,
2026/02/03,鹿児島県,高等学校,鹿児島県立国分高等学校,,推薦,鹿児島県霧島市国分中央2-8-1,
2026/02/03,鹿児島県,高等学校,鹿児島県立隼人工業高等学校,,推薦,鹿児島県霧島市隼人町内山田1丁目6番20号,
2026/02/03,鹿児島県,高等学校,鹿児島県立福山高等学校,,推薦,鹿児島県霧島市福山町福山5399-1,
2026/02/03,鹿児島県,高等学校,鹿児島県立霧島高等学校,,推薦,鹿児島県霧島市牧園町宿窪田330-5,
2026/02/03,鹿児島県,大学,立命館アジア太平洋大学,スタンダード3,SHIROYAMA HOTEL kagoshima,鹿児島市新照院町41-1,
2026/02/03,鹿児島県,大学,立命館大学,一般選抜（試験地）,SHIROYAMA HOTEL kagoshima,鹿児島市新照院町41番1号,
2026/02/03,島根県,大学,福山大学,一般選抜 前期A日程（松江）,松江労働会館,松江市御手船場町557-7,
2026/02/03,島根県,大学,立命館アジア太平洋大学,スタンダード3,松江市市民活動センター（STIC）,松江市白潟本町43 STIC,
2026/02/03,島根県,大学,立命館大学,一般選抜（試験地）,松江市市民活動センター（STIC）,松江市白潟本町43 STIC,
2026/02/03,愛媛県,大学,神戸学院大学,公募推薦・一般(前/中期),松山会場（TKP 松山市駅前カンファレンスセンター）,松山市千舟町4-3-7,
2026/02/03,愛媛県,大学,立命館アジア太平洋大学,スタンダード3,松山市総合コミュニティセンター,松山市湊町7-5,
2026/02/03,愛媛県,大学,立命館大学,一般選抜（試験地）,松山市総合コミュニティセンター,松山市湊町7-5,
2026/02/03,兵庫県,大学,立命館アジア太平洋大学,スタンダード3,神戸国際展示場,神戸市中央区港島中町6-11-1,
2026/02/03,兵庫県,大学,立命館大学,一般選抜（試験地）,神戸国際展示場,神戸市中央区港島中町6-11-1,
2026/02/03,兵庫県,大学,福山大学,一般選抜 前期A日程（神戸）,神戸駅前研修センター,神戸市中央区中町通2-3-1,
2026/02/03,滋賀県,大学,立命館アジア太平洋大学,スタンダード3/英語重視/共テ+英・国/後期,立命館大学（びわこ・くさつキャンパス）,草津市野路東1-1-1,
2026/02/03,滋賀県,大学,立命館大学,一般選抜（試験地）,立命館大学（びわこ・くさつキャンパス）,草津市野路東1-1-1,
2026/02/03,大阪府,大学,立命館アジア太平洋大学,スタンダード3/英語重視/共テ+英・国/後期,アートホテル大阪ベイタワー,大阪市港区弁天1-2-1,
2026/02/03,大阪府,大学,立命館大学,一般選抜（試験地）,アートホテル大阪ベイタワー,大阪市港区弁天1-2-1,
2026/02/03,大阪府,大学,立命館アジア太平洋大学,スタンダード3/英語重視,TKPガーデンシティPREMIUM 心斎橋,大阪市中央区南船場4-3-2 ゼント心斎橋ビル,
2026/02/03,大阪府,大学,立命館大学,一般選抜（試験地）,TKPガーデンシティPREMIUM心斎橋,大阪市中央区南船場4-3-2 ゼント心斎橋ビル 3 ～ 4階（事務所：4階）,
2026/02/03,大阪府,大学,神戸学院大学,公募推薦・一般(前/中/後期),大阪会場（新梅田研修センター）,大阪市福島区福島6-22-20,
2026/02/03,大阪府,大学,創価大学,全学統一・一般前期・後期CBT,大阪会場,大阪市北区錦町2-21,
2026/02/03,大阪府,大学,名城大学,一般選抜 地区別会場,CIVI北梅田研修センター,大阪市北区芝田2-7-20,
2026/02/03,大阪府,大学,徳島文理大学,一般入試会場（詳細要項参照）,大阪市会場　リファレンス大阪駅前第四ビル,大阪市北区梅田1丁目11-4,
2026/02/03,大阪府,大学,玉川大学,全学統一等（2/2-2/3のみ）,大阪会場（アットビジネスセンター）,大阪市淀川区西中島5-14-10,
2026/02/03,大阪府,大学,関西大学,一般選抜（全学1・独自・全学2）,関西大学 千里山キャンパス,大阪府吹田市山手町3-3-35,
2026/02/03,大阪府,大学,金沢医科大学,一般選抜前期 一次,大阪会場（大阪アカデミア）,大阪府大阪市住之江区南港北1-3-5,
2026/02/03,大阪府,大学,日本福祉大学,一般入学試験 前期,大阪会場（松下IMPビル）,大阪府大阪市中央区城見1-3-7,
2026/02/03,大阪府,大学,神戸国際大学,一般入試（前期）,大阪会場（JEC日本研修センター心斎橋5階）,大阪府大阪市中央区南船場1-18-11 SRビル長堀5F,
2026/02/03,大阪府,大学,兵庫医科大学,薬・看・リハ 前期A/B会場,大阪会場（ハートンホール 日本生命御堂筋ビル）,大阪府大阪市中央区南船場4-2-4 日本生命御堂筋ビル12F,
2026/02/03,大阪府,大学,國學院大学,一般選抜A日程（地方会場）,大阪会場（ハートンホール日本生命御堂筋ビル12F）,大阪府大阪市中央区南船場4-2-4 日本生命御堂筋ビル12F,
2026/02/03,大阪府,大学,関西学院大学,全日程（大阪南・一般/個別等）,難波御堂筋ホール,大阪府大阪市中央区難波4-2-1,
2026/02/03,大阪府,大学,北里大学,理学部 一般前期,河合塾上本町校,大阪府大阪市天王寺区上汐3-1-11,
2026/02/03,大阪府,大学,京都薬科大学,一般選抜前期（3教科型）,大阪国際交流センター,大阪府大阪市天王寺区上本町8-2-6,
2026/02/03,大阪府,大学,東京農業大学,一般選抜A日程,河合塾 天王寺校（大阪会場A）,大阪府大阪市天王寺区南河堀町3-23,
2026/02/03,大阪府,大学,関西学院大学,全日程（大阪北・一般/個別等）,TKPガーデンシティ大阪リバーサイドホテル,大阪府大阪市都島区中野町5-12-30,
2026/02/03,大阪府,大学,中京大学,一般前期A/M・後期F／総合型・推薦,新大阪丸ビル別館,大阪府大阪市東淀川区東中島1-18-22,
2026/02/03,大阪府,大学,吉備国際大学,一般前期AⅠ/AⅡ/B/C・中期・後期,大阪会場（新大阪丸ビル新館会議室）,大阪府大阪市東淀川区東中島1-18--27,
2026/02/03,大阪府,大学,東海大学,医学部一般選抜1次,CIVI研修センター新大阪東,大阪府大阪市東淀川区東中島1-19-4 LUCID SQUARE SHIN-OSAKA 3･5･6･7階,
2026/02/03,大阪府,大学,九州医療科学大学,総特待・推A/B・一般前/中,新大阪丸ビル新館会議室,大阪府大阪市東淀川区東中島1-8-27,
2026/02/03,大阪府,大学,流通科学大学,公募推薦・一般(中期),大阪会場,大阪府大阪市福島区福島6-23-8,
2026/02/03,大阪府,大学,名古屋商科大学,一般前期A,大阪会場（大阪うめきたキャンパス）,大阪府大阪市北区大深町3-1 グランフロント大阪ナレッジキャピタル7F,
2026/02/03,大阪府,大学,福井工業大学,一般Ⅰ期・Ⅱ期/推薦Ⅰ・Ⅱ期/留学生Ⅰ期,AP大阪梅田東（日本生命梅田ビル5F）,大阪府大阪市北区堂山町3-3 日本生命梅田ビル5F,
2026/02/03,大阪府,大学,京都先端科学大学,公募推薦A・B、一般A・B・C,イオンコンパス大阪駅前会議室,大阪府大阪市北区梅田1丁目2-2 大阪駅前第2ビル15階,
2026/02/03,大阪府,大学,松本歯科大学,一般選抜Ⅰ期・Ⅱ期・Ⅲ期,ブリーゼプラザ,大阪府大阪市北区梅田2-4-9 ブリーゼタワー 8階,
2026/02/03,大阪府,大学,東京理科大学,一般選抜B・S方式,大阪試験場（河合塾大阪北キャンパス 大阪校）,大阪府大阪市北区豊崎3-13-1,
2026/02/03,大阪府,大学,福岡歯科大学,一般選抜A日程のみ,大阪試験場,大阪府大阪市淀川区西宮原1-3-35 大阪ガーデンパレス,
2026/02/03,大阪府,大学,京都薬科大学,一般選抜前期（3教科型）,ホテルマイステイズ新大阪コンファレンスセンター,大阪府大阪市淀川区西中島6-2-19,
2026/02/03,大分県,高等学校,大分県立安心院高等学校,,推薦,大分県宇佐市安心院町折敷田64番地,
2026/02/03,大分県,高等学校,大分県立宇佐産業科学高等学校,,推薦,大分県宇佐市四日市292,
2026/02/03,大分県,高等学校,大分県立宇佐高等学校,,推薦,大分県宇佐市南宇佐1543,
2026/02/03,大分県,高等学校,大分県立臼杵高等学校,,推薦,大分県臼杵市海添2521-1,
2026/02/03,大分県,高等学校,大分県立海洋科学高等学校,,推薦,大分県臼杵市大字諏訪254-1-2,
2026/02/03,大分県,高等学校,大分県立杵築高等学校,,推薦,大分県杵築市本庄2379番地,
2026/02/03,大分県,高等学校,大分県立玖珠美山高等学校,,推薦,大分県玖珠郡玖珠町大字帆足160,
2026/02/03,大分県,高等学校,大分県立国東高等学校,,推薦,大分県国東市国東町鶴川1974,
2026/02/03,大分県,高等学校,大分県立佐伯鶴城高等学校,,推薦,大分県佐伯市城下東町7番1号,
2026/02/03,大分県,高等学校,大分県立佐伯豊南高等学校,,推薦,大分県佐伯市大字鶴望2851-1,
2026/02/03,大分県,高等学校,大分県立日出総合高等学校,,推薦,大分県速見郡日出町大字大神1396番地43,
2026/02/03,大分県,高等学校,大分県立大分豊府高等学校,,推薦,大分県大分市花園3丁目3番1号,
2026/02/03,大分県,大学,福岡大学,一般選抜（系統別・前期）,大分会場（北九州予備校大分校）,大分県大分市金池町2-7-17 北九州予備校大分校,
2026/02/03,大分県,高等学校,大分県立大分舞鶴高等学校,,推薦,大分県大分市今津留1-19-1,
2026/02/03,大分県,高等学校,大分県立爽風館高等学校,,推薦,大分県大分市上野丘1丁目11番14号,
2026/02/03,大分県,高等学校,大分県立大分上野丘高等学校,,推薦,大分県大分市上野丘2-10-1,
2026/02/03,大分県,高等学校,大分県立芸術緑丘高等学校,,推薦,大分県大分市上野丘東1-11,
2026/02/03,大分県,高等学校,大分県立大分西高等学校,,推薦,大分県大分市新春日町2-1-1,
2026/02/03,大分県,高等学校,大分県立大分商業高等学校,,推薦,大分県大分市西浜4-2,
2026/02/03,大分県,高等学校,大分県立情報科学高等学校,,推薦,大分県大分市大字横尾1605,
2026/02/03,大分県,高等学校,大分県立大分東高等学校,,推薦,大分県大分市大字屋山2009番地,
2026/02/03,大分県,高等学校,大分県立鶴崎工業高等学校,,推薦,大分県大分市大字葛木509番地,
2026/02/03,大分県,高等学校,大分県立大分雄城台高等学校,,推薦,大分県大分市大字玉沢1250番地,
2026/02/03,大分県,大学,久留米工業大学,前期一般選抜,大分県労働福祉会館（ソレイユ）,大分県大分市中央町4-2-5（ソレイユ）,
2026/02/03,大分県,大学,吉備国際大学,一般前期AⅠ/AⅡ/B/C・中期,大分会場（アートホテル大分）,大分県大分市都町2-1-7,
2026/02/03,大分県,大学,九州医療科学大学,総特待・推A/B・一般前中後,アートホテル大分,大分県大分市都町2丁目1-7,
2026/02/03,大分県,大学,中村学園大学,一般選抜A方式・短大一般,大分会場,大分県大分市東春日町17-20,
2026/02/03,大分県,高等学校,大分県立大分鶴崎高等学校,,推薦,大分県大分市南鶴崎3-5-1,
2026/02/03,大分県,高等学校,大分県立大分南高等学校,,推薦,大分県大分市判田台南1丁目1番1号,
2026/02/03,大分県,高等学校,大分県立大分工業高等学校,,推薦,大分県大分市芳河原台12-1,
2026/02/03,大分県,高等学校,大分県立久住高原農業高等学校,,推薦,大分県竹田市久住町大字栢木5801番地32,
2026/02/03,大分県,高等学校,大分県立竹田高等学校,,推薦,大分県竹田市竹田2642,
2026/02/03,大分県,高等学校,大分県立中津南高等学校,,推薦,大分県中津市高畑2093,
2026/02/03,大分県,高等学校,大分県立中津東高等学校,,推薦,大分県中津市上如水145-3,
2026/02/03,大分県,高等学校,大分県立中津北高等学校,,推薦,大分県中津市中央町1-6-83,
2026/02/03,大分県,高等学校,大分県立津久見高等学校,,推薦,大分県津久見市大字津久見3485番地1,
2026/02/03,大分県,高等学校,大分県立日田林工高等学校,,推薦,大分県日田市吹上町30,
2026/02/03,大分県,高等学校,大分県立日田三隈高等学校,,推薦,大分県日田市大字友田1546-1,
2026/02/03,大分県,高等学校,大分県立日田高等学校,,推薦,大分県日田市田島2-9-30,
2026/02/03,大分県,高等学校,大分県立別府鶴見丘高等学校,,推薦,大分県別府市東荘園4丁目2番44号,
2026/02/03,大分県,大学,別府大学,一般A1・A2・B〜D、総合型・推薦実施,別府大学 石垣キャンパス,大分県別府市北石垣82,
2026/02/03,大分県,高等学校,大分県立別府翔青高等学校,,推薦,大分県別府市野口原3088の91,
2026/02/03,大分県,高等学校,大分県立高田高等学校,,推薦,大分県豊後高田市玉津1834-1,
2026/02/03,大分県,高等学校,大分県立三重総合高等学校,,推薦,大分県豊後大野市三重町秋葉1010,
2026/02/03,大分県,高等学校,大分県立由布高等学校,,推薦,大分県由布市庄内町大龍2674-1,
2026/02/03,大分県,大学,九州産業大学,一般前期（共テ併用含む）,J:COMホルトホール大分,大分市金池南1-5-1,
2026/02/03,大分県,大学,立命館アジア太平洋大学,スタンダード3/英語重視/共テ+英・国/後期,コンパルホール,大分市府内町1-5-38,
2026/02/03,大分県,大学,立命館大学,一般選抜（試験地）,コンパルホール,大分市府内町1-5-38,
2026/02/03,長崎県,高等学校,向陽,,,長崎県大村市西三城町16番地,
2026/02/03,長崎県,大学,別府大学,一般A日程1、指定校等推薦、実技本学のみ,長崎県建設総合会館,長崎県長崎市魚の町3-33,
2026/02/03,長崎県,高等学校,長崎総合科学大学附属,,,長崎県長崎市宿町3-1,
2026/02/03,長崎県,大学,中村学園大学,一般選抜A方式・短大一般,長崎会場,長崎県長崎市出島町12-20,
2026/02/03,長崎県,大学,福岡大学,一般選抜（系統別・前期）,長崎会場（北九州予備校長崎校）,長崎県長崎市川口町4-5 北九州予備校長崎校,
2026/02/03,長崎県,高等学校,海星,,,長崎県長崎市東山手町5番3号,
2026/02/03,長崎県,大学,九州産業大学,一般前期（共テ併用含む）,出島メッセ長崎,長崎県長崎市尾上町4-1,
2026/02/03,長崎県,高等学校,長崎日本大学,,,長崎県諫早市貝津町1555番地,
2026/02/03,長崎県,高等学校,鎮西学院,,,長崎県諫早市西栄田町1212-1,
2026/02/03,鳥取県,高等学校,鳥取県立岩美高等学校,,特色,鳥取県岩美郡岩美町浦富708-2,
2026/02/03,鳥取県,高等学校,鳥取県立境高等学校,,特色,鳥取県境港市上道町3030,
2026/02/03,鳥取県,高等学校,鳥取県立境港総合技術高等学校,,特色,鳥取県境港市竹内町925番地,
2026/02/03,鳥取県,高等学校,鳥取県立倉吉東高等学校,,特色,鳥取県倉吉市下田中町801,
2026/02/03,鳥取県,高等学校,鳥取県立倉吉西高等学校,,特色,鳥取県倉吉市秋喜20番地,
2026/02/03,鳥取県,高等学校,鳥取県立倉吉総合産業高等学校,,特色,鳥取県倉吉市小田204-5,
2026/02/03,鳥取県,高等学校,鳥取県立倉吉農業高等学校,,特色,鳥取県倉吉市大谷166,
2026/02/03,鳥取県,大学,徳島文理大学,一般入試会場（詳細要項参照）,鳥取市会場　あすなろ予備校,鳥取県鳥取市永楽温泉町385,
2026/02/03,鳥取県,高等学校,鳥取県立鳥取緑風高等学校,,特色,鳥取県鳥取市湖山町南3丁目848,
2026/02/03,鳥取県,高等学校,鳥取県立鳥取商業高等学校,,特色,鳥取県鳥取市湖山町北2丁目401,
2026/02/03,鳥取県,高等学校,鳥取県立鳥取湖陵高等学校,,特色,鳥取県鳥取市湖山町北3丁目250,
2026/02/03,鳥取県,高等学校,鳥取県立鳥取工業高等学校,,特色,鳥取県鳥取市生山111,
2026/02/03,鳥取県,高等学校,鳥取県立青谷高等学校,,特色,鳥取県鳥取市青谷町青谷2912,
2026/02/03,鳥取県,高等学校,鳥取県立鳥取西高等学校,,特色,鳥取県鳥取市東町2-112,
2026/02/03,鳥取県,大学,くらしき作陽大学,食・子・健スポ: 一般ⅠA,鳥取会場（白兎会館）,鳥取県鳥取市末広温泉町556,
2026/02/03,鳥取県,高等学校,鳥取県立鳥取東高等学校,,特色,鳥取県鳥取市立川町5丁目210,
2026/02/03,鳥取県,高等学校,鳥取県立鳥取中央育英高等学校,,特色,鳥取県東伯郡北栄町由良宿291-1,
2026/02/03,鳥取県,高等学校,鳥取県立日野高等学校,,特色,鳥取県日野郡日野町根雨310,
2026/02/03,鳥取県,高等学校,鳥取県立智頭農林高等学校,,特色,鳥取県八頭郡智頭町智頭711-1,
2026/02/03,鳥取県,高等学校,鳥取県立八頭高等学校,,特色,鳥取県八頭郡八頭町久能寺725,
2026/02/03,鳥取県,大学,ノートルダム清心女子大学,一般選抜3教科/2教科,米子会場（米子市公会堂）,鳥取県米子市角盤町2丁目61番地,
2026/02/03,鳥取県,高等学校,鳥取県立米子高等学校,,特色,鳥取県米子市橋本30-1,
2026/02/03,鳥取県,高等学校,鳥取県立米子東高等学校,,特色,鳥取県米子市勝田町1番地,
2026/02/03,鳥取県,高等学校,鳥取県立米子西高等学校,,特色,鳥取県米子市大谷町200,
2026/02/03,鳥取県,高等学校,鳥取県立米子南高等学校,,特色,鳥取県米子市長砂町216,
2026/02/03,鳥取県,高等学校,鳥取県立米子工業高等学校,,特色,鳥取県米子市博労町4丁目220,
2026/02/03,鳥取県,高等学校,鳥取県立米子白鳳高等学校,,特色,鳥取県米子市淀江町福岡24,
2026/02/03,島根県,高等学校,益田東,,,島根県益田市染羽町1-24,
2026/02/03,島根県,高等学校,出雲北陵,,,島根県出雲市西林木町3,
2026/02/03,島根県,大学,福山平成大学,一般選抜 前期A日程,松江労働会館（ろうかん）,島根県松江市御手船場町557-7,
2026/02/03,島根県,大学,広島文化学園大学,一般選抜（前期）,松江会場,島根県松江市朝日町478-18,
2026/02/03,島根県,大学,徳島文理大学,一般入試会場（詳細要項参照）,松江市会場　松江テルサ,島根県松江市朝日町478-18,
2026/02/03,島根県,大学,くらしき作陽大学,食・子・健スポ: 推薦ⅠA/一般ⅠA,松江会場（島根県民会館）,島根県松江市殿町158,
2026/02/03,島根県,大学,広島修道大学,一般選抜前期A/B/C,島根県民会館,島根県松江市殿町158,
2026/02/03,島根県,大学,日本福祉大学,一般入学試験 前期,松江会場（島根県民会館）,島根県松江市殿町158,
2026/02/03,島根県,大学,九州医療科学大学,一般選抜前/中,サンラポーむらくも,島根県松江市殿町369,
2026/02/03,島根県,大学,吉備国際大学,一般前期AⅠ/AⅡ/B/C・中期,松江会場（サンラボーむらくも）,島根県松江市殿町369,
2026/02/03,島根県,大学,広島修道大学,一般選抜前期A/B/C,いわみーる,島根県浜田市野原町1826-1,
2026/02/03,徳島県,高等学校,徳島県立富岡西高等学校,,育成型,徳島県阿南市富岡町小山18-3,
2026/02/03,徳島県,高等学校,徳島県立阿南光高等学校,,育成型,徳島県阿南市宝田町今市中新開10番地6,
2026/02/03,徳島県,高等学校,徳島県立富岡東高等学校,,育成型,徳島県阿南市領家町走寄102番2,
2026/02/03,徳島県,高等学校,徳島県立阿波西高等学校,,育成型,徳島県阿波市阿波町下喜来南228-1,
2026/02/03,徳島県,高等学校,徳島県立阿波高等学校,,育成型,徳島県阿波市吉野町柿原字ヒロナカ180,
2026/02/03,徳島県,高等学校,徳島県立海部高等学校,,育成型,徳島県海部郡海陽町大里字古畑58-2,
2026/02/03,徳島県,高等学校,徳島県立吉野川高等学校,,育成型,徳島県吉野川市鴨島町喜来681-9,
2026/02/03,徳島県,高等学校,徳島県立川島高等学校,,育成型,徳島県吉野川市川島町桑村367-3,
2026/02/03,徳島県,高等学校,徳島県立池田高等学校,,育成型,徳島県三好市池田町ウエノ2834,
2026/02/03,徳島県,高等学校,徳島県立小松島西高等学校,,育成型,徳島県小松島市中田町字原ノ下28-1,
2026/02/03,徳島県,高等学校,徳島県立小松島高等学校,,育成型,徳島県小松島市日開野町字高須47-1,
2026/02/03,徳島県,高等学校,徳島県立城西高等学校,,育成型,徳島県徳島市鮎喰町2丁目1番地,
2026/02/03,徳島県,高等学校,徳島県立徳島北高等学校,,育成型,徳島県徳島市応神町吉成字中ノ瀬40-6,
2026/02/03,徳島県,大学,徳島文理大学,一般入試I期A/B・II・III,徳島キャンパス,徳島県徳島市山城町西浜傍示180,
2026/02/03,徳島県,高等学校,徳島県立徳島商業高等学校,,育成型,徳島県徳島市城東町1-4-1,
2026/02/03,徳島県,高等学校,徳島県立城南高等学校,,育成型,徳島県徳島市城南町2-2-88,
2026/02/03,徳島県,高等学校,徳島県立城東高等学校,,育成型,徳島県徳島市中徳島町1-5,
2026/02/03,徳島県,高等学校,徳島市立高等学校,,育成型,徳島県徳島市北沖洲1丁目15番60号,
2026/02/03,徳島県,高等学校,徳島県立城北高等学校,,育成型,徳島県徳島市北田宮4-13-6,
2026/02/03,徳島県,高等学校,徳島県立徳島中央高等学校,,育成型,徳島県徳島市北矢三町1丁目3番8号,
2026/02/03,徳島県,高等学校,徳島県立徳島科学技術高等学校,,育成型,徳島県徳島市北矢三町2-1-1,
2026/02/03,徳島県,高等学校,徳島県立那賀高等学校,,育成型,徳島県那賀郡那賀町小仁宇字大坪179番地の1,
2026/02/03,徳島県,高等学校,徳島県立板野高等学校,,育成型,徳島県板野郡板野町川端字関ノ本47番地,
2026/02/03,徳島県,高等学校,徳島県立つるぎ高等学校,,育成型,徳島県美馬郡つるぎ町貞光字馬出63-2,
2026/02/03,徳島県,高等学校,徳島県立穴吹高等学校,,育成型,徳島県美馬市穴吹町穴吹字岡33,
2026/02/03,徳島県,高等学校,徳島県立脇町高等学校,,育成型,徳島県美馬市脇町大字脇町1270-2,
2026/02/03,徳島県,高等学校,徳島県立名西高等学校,,育成型,徳島県名西郡石井町石井字石井21-11,
2026/02/03,徳島県,高等学校,徳島県立鳴門渦潮高等学校,,育成型,徳島県鳴門市大津町吉永595番地,
2026/02/03,徳島県,高等学校,徳島県立鳴門高等学校,,育成型,徳島県鳴門市撫養町斎田字岩崎135-1,
2026/02/03,徳島県,大学,神戸学院大学,公募推薦・一般(前/中期),徳島会場（ヒューマンわーくぴあ徳島）,徳島市昭和町3-35-1,
2026/02/03,沖縄県,大学,創価大学,全学統一・一般前期,沖縄会場,那覇市泉崎1-13-3 資格の大原沖縄校ビル内,
2026/02/03,沖縄県,大学,久留米工業大学,前期一般・推薦前期,沖縄産業支援センター,那覇市泊2-17-4,
2026/02/03,兵庫県,大学,立命館アジア太平洋大学,スタンダード3,アクリエひめじ（姫路市文化コンベンションセンター）,姫路市神屋町143-2,
2026/02/03,兵庫県,大学,立命館大学,一般選抜（試験地）,アクリエひめじ（姫路市文化コンベンションセンター）,姫路市神屋町143-2,
2026/02/03,福岡県,高等学校,福岡県立浮羽究真館高等学校,,推薦,福岡県うきは市吉井町大字生葉658,
2026/02/03,福岡県,高等学校,福岡県立山門高等学校,,推薦,福岡県みやま市瀬高町上庄1730-1,
2026/02/03,福岡県,高等学校,福岡県立遠賀高等学校,,推薦,福岡県遠賀郡遠賀町大字上別府2110,
2026/02/03,福岡県,高等学校,福岡県立嘉穂総合高等学校,,推薦,福岡県嘉穂郡桂川町大字土師1117-1,
2026/02/03,福岡県,高等学校,福岡県立稲築志耕館高等学校,,推薦,福岡県嘉麻市岩崎1318-1,
2026/02/03,福岡県,高等学校,久留米市立南筑高等学校,,推薦,福岡県久留米市御井町1360-5,
2026/02/03,福岡県,高等学校,福岡県立久留米筑水高等学校,,推薦,福岡県久留米市山川町1493番地,
2026/02/03,福岡県,大学,久留米工業大学,前期一般・推薦前期・留学生・社会人,久留米工業大学（本学）,福岡県久留米市上津町2228-66,
2026/02/03,福岡県,高等学校,福岡県立三潴高等学校,,推薦,福岡県久留米市城島町城島59-1,
2026/02/03,福岡県,高等学校,福岡県立明善高等学校,,推薦,福岡県久留米市城南町9-1,
2026/02/03,福岡県,高等学校,福岡県立久留米高等学校,,推薦,福岡県久留米市西町鞍打482,
2026/02/03,福岡県,高等学校,福岡県立浮羽工業高等学校,,推薦,福岡県久留米市田主丸町田主丸395番地2,
2026/02/03,福岡県,高等学校,久留米市立久留米商業高等学校,,推薦,福岡県久留米市南1-1-1,
2026/02/03,福岡県,高等学校,福岡県公立三井中央高等学校,,推薦,福岡県久留米市北野町中3050-1,
2026/02/03,福岡県,高等学校,福岡県立鞍手竜徳高等学校,,推薦,福岡県宮若市龍徳161,
2026/02/03,福岡県,高等学校,福岡県立育徳館高等学校,,推薦,福岡県京都郡みやこ町豊津973,
2026/02/03,福岡県,高等学校,福岡県立苅田工業高等学校,,推薦,福岡県京都郡苅田町集2569,
2026/02/03,福岡県,高等学校,福岡県公立古賀竟成館高等学校,,推薦,福岡県古賀市中央2丁目12番1号,
2026/02/03,福岡県,高等学校,福岡県立玄界高等学校,,推薦,福岡県古賀市舞の里3-6-1,
2026/02/03,福岡県,高等学校,福岡県立行橋高等学校,,推薦,福岡県行橋市泉中央1-17-1,
2026/02/03,福岡県,高等学校,福岡県立京都高等学校,,推薦,福岡県行橋市南大橋4-5-1,
2026/02/03,福岡県,高等学校,福岡県立糸島農業高等学校,,推薦,福岡県糸島市前原西3丁目2番1号,
2026/02/03,福岡県,高等学校,福岡県立糸島高等学校,,推薦,福岡県糸島市前原南2-21-1,
2026/02/03,福岡県,大学,日本赤十字九州国際看護大学,総合型・推薦・社会人・一般選抜,日本赤十字九州国際看護大学,福岡県宗像市アスティ1丁目1番地,
2026/02/03,福岡県,高等学校,福岡県立宗像高等学校,,推薦,福岡県宗像市東郷6丁目7番1号,
2026/02/03,福岡県,高等学校,福岡県立春日高等学校,,推薦,福岡県春日市春日公園5-17,
2026/02/03,福岡県,高等学校,福岡県立小郡高等学校,,推薦,福岡県小郡市三沢5128-1,
2026/02/03,福岡県,高等学校,福岡県立三井高等学校,,推薦,福岡県小郡市松崎650番地,
2026/02/03,福岡県,高等学校,福岡県立宇美商業高等学校,,推薦,福岡県糟屋郡宇美町大字井野52-1,
2026/02/03,福岡県,高等学校,福岡県立新宮高等学校,,推薦,福岡県糟屋郡新宮町緑ケ浜1-12-1,
2026/02/03,福岡県,高等学校,福岡県立須恵高等学校,,推薦,福岡県糟屋郡須恵町大字旅石72-3,
2026/02/03,福岡県,高等学校,福岡県立福岡魁誠高等学校,,推薦,福岡県糟屋郡粕屋町長者原東5-5-1,
2026/02/03,福岡県,高等学校,福岡県立太宰府高等学校,,推薦,福岡県太宰府市高雄3-4114,
2026/02/03,福岡県,高等学校,福岡県立福岡農業高等学校,,推薦,福岡県太宰府市大佐野250,
2026/02/03,福岡県,高等学校,福岡県立大川樟風高等学校,,推薦,福岡県大川市大字向島1382番地,
2026/02/03,福岡県,高等学校,福岡県立大牟田北高等学校,,推薦,福岡県大牟田市吉野555,
2026/02/03,福岡県,高等学校,福岡県立三池工業高等学校,,推薦,福岡県大牟田市上官町4-77,
2026/02/03,福岡県,高等学校,福岡県立ありあけ新世高等学校,,推薦,福岡県大牟田市大字吉野1389-1,
2026/02/03,福岡県,高等学校,福岡県立三池高等学校,,推薦,福岡県大牟田市大字草木245,
2026/02/03,福岡県,高等学校,福岡県立筑紫中央高等学校,,推薦,福岡県大野城市中央2-12-1,
2026/02/03,福岡県,高等学校,福岡県立築上西高等学校,,推薦,福岡県築上郡築上町大字椎田764番地,
2026/02/03,福岡県,高等学校,福岡県立八女工業高等学校,,推薦,福岡県筑後市羽犬塚301-4,
2026/02/03,福岡県,高等学校,福岡県立八女高等学校,,推薦,福岡県筑後市和泉251,
2026/02/03,福岡県,高等学校,福岡県立筑紫高等学校,,推薦,福岡県筑紫野市針摺東2-4-1,
2026/02/03,福岡県,高等学校,福岡県立武蔵台高等学校,,推薦,福岡県筑紫野市天拝坂5-2-1,
2026/02/03,福岡県,高等学校,福岡県立中間高等学校,,推薦,福岡県中間市朝霧5-1-1,
2026/02/03,福岡県,高等学校,福岡県立朝倉東高等学校,,推薦,福岡県朝倉市甘木116-2,
2026/02/03,福岡県,高等学校,福岡県立朝倉高等学校,,推薦,福岡県朝倉市甘木876番地,
2026/02/03,福岡県,高等学校,福岡県立朝倉光陽高等学校,,推薦,福岡県朝倉市杷木古賀1765,
2026/02/03,福岡県,高等学校,福岡県立鞍手高等学校,,推薦,福岡県直方市大字山部810-7,
2026/02/03,福岡県,高等学校,福岡県立直方高等学校,,推薦,福岡県直方市大字頓野3459の2,
2026/02/03,福岡県,高等学校,福岡県立筑豊高等学校,,推薦,福岡県直方市大字頓野4019-2,
2026/02/03,福岡県,高等学校,福岡県立田川高等学校,,推薦,福岡県田川郡香春町中津原2055-1,
2026/02/03,福岡県,高等学校,福岡県立東鷹高等学校,,推薦,福岡県田川市伊田2362-3,
2026/02/03,福岡県,高等学校,福岡県立西田川高等学校,,推薦,福岡県田川市上本町7-11,
2026/02/03,福岡県,高等学校,福岡県立田川科学技術高等学校,,推薦,福岡県田川市糒1900番地,
2026/02/03,福岡県,高等学校,福岡県立福島高等学校,,推薦,福岡県八女市吉田1581-2,
2026/02/03,福岡県,高等学校,福岡県立八女農業高等学校,,推薦,福岡県八女市大字本町2-160,
2026/02/03,福岡県,高等学校,福岡県立嘉穂高等学校,,推薦,福岡県飯塚市潤野8-12,
2026/02/03,福岡県,高等学校,福岡県立嘉穂東高等学校,,推薦,福岡県飯塚市立岩1730-5,
2026/02/03,福岡県,大学,福岡大学,一般選抜（系統別・前期）医2次含む,本学（七隈キャンパス）,福岡県福岡市城南区七隈8-19-1,
2026/02/03,福岡県,高等学校,福岡県立城南高等学校,,推薦,福岡県福岡市城南区茶山6-21-1,
2026/02/03,福岡県,高等学校,福岡市立博多工業高等学校,,推薦,福岡県福岡市城南区東油山4-20-1,
2026/02/03,福岡県,大学,中村学園大学,A方式・B方式・後期・短大一般,本学（福岡）,福岡県福岡市城南区別府5-7-1,
2026/02/03,福岡県,高等学校,福岡市立福岡女子高等学校,,推薦,福岡県福岡市西区愛宕浜3-2-2,
2026/02/03,福岡県,高等学校,福岡県立筑前高等学校,,推薦,福岡県福岡市西区千里111-1,
2026/02/03,福岡県,高等学校,福岡市立福岡西陵高等学校,,推薦,福岡県福岡市西区大字拾六町字広石,
2026/02/03,福岡県,高等学校,福岡県立玄洋高等学校,,推薦,福岡県福岡市西区田尻東2丁目2490番地,
2026/02/03,福岡県,高等学校,福岡県立福岡工業高等学校,,推薦,福岡県福岡市早良区荒江2-19-1,
2026/02/03,福岡県,高等学校,福岡県立修猷館高等学校,,推薦,福岡県福岡市早良区西新6-1-10,
2026/02/03,福岡県,高等学校,福岡県立早良高等学校,,推薦,福岡県福岡市早良区大字小笠木403,
2026/02/03,福岡県,大学,福岡歯科大学,一般A・B・C、共通テ1-3、総合型・推薦,本学キャンパス,福岡県福岡市早良区田村2丁目15番1号,
2026/02/03,福岡県,高等学校,福岡県立福岡講倫館高等学校,,推薦,福岡県福岡市早良区有田3-9-1,
2026/02/03,福岡県,大学,関西大学,,TKPエルガーラホール,福岡県福岡市中央区天神1丁目4-2,
2026/02/03,福岡県,大学,東京電機大学,一般選抜 前期/英語外部/情報系外部,リファレンス ヒューリックスクエア福岡天神 貸会議室,福岡県福岡市中央区天神2-8-49 ヒューリックスクエア福岡天神4F,
2026/02/03,福岡県,大学,芝浦工業大学,一般選抜（前期/全学統一）,福岡会場（天神チクモクビル）,福岡県福岡市中央区天神3-10-27,
2026/02/03,福岡県,大学,金沢医科大学,一般選抜前期 一次,福岡会場（福岡ガーデンパレス）,福岡県福岡市中央区天神4-8-15,
2026/02/03,福岡県,大学,徳島文理大学,一般入試会場（詳細要項参照）,福岡市会場　福岡ガーデンパレス,福岡県福岡市中央区天神4丁目8-15,
2026/02/03,福岡県,高等学校,福岡県立福岡中央高等学校,,推薦,福岡県福岡市中央区平尾3丁目20-57,
2026/02/03,福岡県,高等学校,福岡県立香住丘高等学校,,推薦,福岡県福岡市東区香住ケ丘1-26-1,
2026/02/03,福岡県,高等学校,福岡県立香椎高等学校,,推薦,福岡県福岡市東区香椎2-9-1,
2026/02/03,福岡県,高等学校,福岡県立香椎工業高等学校,,推薦,福岡県福岡市東区香椎駅東2-23-1,
2026/02/03,福岡県,大学,九州産業大学,一般前期/後期・実技前期,九州産業大学,福岡県福岡市東区松香台2-3-1,
2026/02/03,福岡県,高等学校,福岡県立柏陵高等学校,,推薦,福岡県福岡市南区柏原4-47-1,
2026/02/03,福岡県,高等学校,福岡県立筑紫丘高等学校,,推薦,福岡県福岡市南区野間2-13-1,
2026/02/03,福岡県,高等学校,福岡市立福翔高等学校,,推薦,福岡県福岡市南区野多目5-31-1,
2026/02/03,福岡県,大学,福山大学,一般選抜 前期A・後期,福岡県中小企業振興センター,福岡県福岡市博多区吉塚本町9-15,
2026/02/03,福岡県,大学,福山平成大学,一般選抜A・後期,福岡県中小企業振興センター,福岡県福岡市博多区吉塚本町9-15,
2026/02/03,福岡県,高等学校,福岡県立福岡高等学校,,推薦,福岡県福岡市博多区堅粕1-29-1,
2026/02/03,福岡県,大学,東海大学,医学部一般選抜1次,パピヨン24（ガスホール）,福岡県福岡市博多区千代1-17-1,
2026/02/03,福岡県,高等学校,福岡県立博多青松高等学校,,推薦,福岡県福岡市博多区千代1-2-21,
2026/02/03,福岡県,大学,立正大学,一般選抜2月前期（2/3のみ）,福岡会場（代々木ゼミナール福岡校）,福岡県福岡市博多区博多駅4-2-25,
2026/02/03,福岡県,大学,東京理科大学,一般選抜B・S方式,福岡試験場（北九州予備校博多駅校）,福岡県福岡市博多区博多駅前1-21-4,
2026/02/03,福岡県,大学,中京大学,一般前期A/M・後期F／総合型・推薦,リファレンス大博多ビル,福岡県福岡市博多区博多駅前2-20-1 大博多ビル11階,
2026/02/03,福岡県,大学,別府大学,一般A日程1・2、指定校等推薦,リファレンス大博多ビル貸会議室,福岡県福岡市博多区博多駅前2丁目20-1 大博多ビル11階,
2026/02/03,福岡県,大学,吉備国際大学,一般前期AⅠ/AⅡ/B/C・中期・後期,福岡会場（エイムアテイン博多駅前会議室）,福岡県福岡市博多区博多駅前3-25-24,
2026/02/03,福岡県,大学,九州医療科学大学,総I期・総特待・推A/B・一般前中後,エイムアテイン 博多駅前貸会議室,福岡県福岡市博多区博多駅前3-25-24 八百治ビル5・6階,
2026/02/03,福岡県,大学,成蹊大学,E方式・P方式独自試験,福岡会場 TKPガーデンシティ博多,福岡県福岡市博多区博多駅前3-4-8,
2026/02/03,福岡県,大学,関西学院大学,全日程（一般/個別/英数/共通併用）,代々木ゼミナール 福岡校,福岡県福岡市博多区博多駅前4-2-25,
2026/02/03,福岡県,大学,國學院大学,一般選抜A日程（地方会場）,福岡会場（博多バスターミナル）,福岡県福岡市博多区博多駅中央街2,
2026/02/03,福岡県,大学,広島修道大学,一般選抜前期A/B/C,博多バスターミナル 9階,福岡県福岡市博多区博多駅中央街2-1,
2026/02/03,福岡県,大学,広島文化学園大学,一般選抜（前期）,福岡試験場,福岡県福岡市博多区博多駅東1-16-14,
2026/02/03,福岡県,大学,久留米工業大学,前期一般選抜,リファレンス駅東ビル7F,福岡県福岡市博多区博多駅東1-16-14 リファレンス駅東ビル7F,
2026/02/03,福岡県,大学,徳島文理大学,一般入試会場（詳細要項参照）,福岡市会場　リファレンス駅東ビル,福岡県福岡市博多区博多駅東1丁目16-14,
2026/02/03,福岡県,大学,志學館大学,一般前期（英語民間含む）,福岡試験場（八重洲博多ビル）,福岡県福岡市博多区博多駅東2-18-30,
2026/02/03,福岡県,大学,京都先端科学大学,公募推薦A、一般A・B,八重洲博多ビル,福岡県福岡市博多区博多駅東2丁目18-30,
2026/02/03,福岡県,大学,東京農業大学,一般選抜A日程,九州ビル会議室（福岡会場A）,福岡県福岡市博多区博多駅南1-8-31,
2026/02/03,福岡県,高等学校,福岡県立光陵高等学校,,推薦,福岡県福津市光陽台5丁目,
2026/02/03,福岡県,高等学校,福岡県立水産高等学校,,推薦,福岡県福津市津屋崎4-46-14,
2026/02/03,福岡県,高等学校,福岡県立青豊高等学校,,推薦,福岡県豊前市青豊3-1,
2026/02/03,福岡県,高等学校,福岡県立戸畑工業高等学校,,推薦,福岡県北九州市戸畑区丸町3-10-1,
2026/02/03,福岡県,高等学校,北九州市立高等学校,,推薦,福岡県北九州市戸畑区浅生1-10-1,
2026/02/03,福岡県,高等学校,福岡県立ひびき高等学校,,推薦,福岡県北九州市戸畑区天籟寺1-2-1,
2026/02/03,福岡県,高等学校,福岡県立戸畑高等学校,,推薦,福岡県北九州市戸畑区夜宮3-1-1,
2026/02/03,福岡県,高等学校,福岡県立若松高等学校,,推薦,福岡県北九州市若松区上原町15-13,
2026/02/03,福岡県,高等学校,福岡県立若松商業高等学校,,推薦,福岡県北九州市若松区片山3-2-1,
2026/02/03,福岡県,高等学校,福岡県立北九州高等学校,,推薦,福岡県北九州市小倉南区若園5丁目1番1号,
2026/02/03,福岡県,高等学校,福岡県立小倉東高等学校,,推薦,福岡県北九州市小倉南区田原5-2-1,
2026/02/03,福岡県,高等学校,福岡県立小倉南高等学校,,推薦,福岡県北九州市小倉南区富士見1-9-1,
2026/02/03,福岡県,高等学校,福岡県立小倉商業高等学校,,推薦,福岡県北九州市小倉南区富士見3-5-1,
2026/02/03,福岡県,高等学校,福岡県立小倉高等学校,,推薦,福岡県北九州市小倉北区愛宕2-8-1,
2026/02/03,福岡県,高等学校,福岡県立小倉西高等学校,,推薦,福岡県北九州市小倉北区下到津5-7-1,
2026/02/03,福岡県,大学,久留米工業大学,前期一般選抜,毎日西部会館,福岡県北九州市小倉北区紺屋町13-1,
2026/02/03,福岡県,大学,別府大学,一般A日程1、指定校等推薦、実技本学のみ,毎日西部会館,福岡県北九州市小倉北区紺屋町13-1,
2026/02/03,福岡県,大学,広島修道大学,一般選抜前期A/B/C,毎日西部会館（（株）毎日ビルディング）,福岡県北九州市小倉北区紺屋町13-1,
2026/02/03,福岡県,大学,中村学園大学,一般選抜A方式・短大一般,北九州会場,福岡県北九州市小倉北区堺町1丁目6-13,
2026/02/03,福岡県,大学,福山平成大学,一般選抜 前期A日程（小倉）,小倉試験場,福岡県北九州市小倉北区浅野2-14-1,
2026/02/03,福岡県,大学,吉備国際大学,一般前期AⅠ/AⅡ/B/C,北九州会場（TKP小倉駅前カンファレンスセンター）,福岡県北九州市小倉北区浅野2-14-2,
2026/02/03,福岡県,大学,九州医療科学大学,総特待・推B・一般前/中,TKP小倉駅前 カンファレンスセンター,福岡県北九州市小倉北区浅野2-14-2 小倉興産16号館8・9階,
2026/02/03,福岡県,大学,ノートルダム清心女子大学,一般選抜3教科/2教科,小倉会場（西日本総合展示場AIM）,福岡県北九州市小倉北区浅野3丁目7-1,
2026/02/03,福岡県,高等学校,福岡県立小倉工業高等学校,,推薦,福岡県北九州市小倉北区白萩町6番1号,
2026/02/03,福岡県,高等学校,福岡県立八幡中央高等学校,,推薦,福岡県北九州市八幡西区元城町1-1,
2026/02/03,福岡県,高等学校,福岡県立折尾高等学校,,推薦,福岡県北九州市八幡西区大膳2-23-1,
2026/02/03,福岡県,高等学校,福岡県立八幡南高等学校,,推薦,福岡県北九州市八幡西区的場町6-1,
2026/02/03,福岡県,高等学校,福岡県立東筑高等学校,,推薦,福岡県北九州市八幡西区東筑1-1-1,
2026/02/03,福岡県,高等学校,福岡県立八幡工業高等学校,,推薦,福岡県北九州市八幡西区別所町1-1,
2026/02/03,福岡県,高等学校,福岡県立北筑高等学校,,推薦,福岡県北九州市八幡西区北筑一丁目1番1号,
2026/02/03,福岡県,高等学校,福岡県立八幡高等学校,,推薦,福岡県北九州市八幡東区清田3-1-1,
2026/02/03,福岡県,高等学校,福岡県立門司学園高等学校,,推薦,福岡県北九州市門司区猿喰1462-2,
2026/02/03,福岡県,高等学校,福岡県立門司大翔館高等学校,,推薦,福岡県北九州市門司区藤松2-7-1,
2026/02/03,福岡県,高等学校,福岡県立伝習館高等学校,,推薦,福岡県柳川市本町142,
2026/02/03,福岡県,大学,名城大学,一般選抜 地区別会場,アーバン・オフィス天神,福岡市中央区天神1-3-38 天神121ビル13階,
2026/02/03,福岡県,大学,神戸学院大学,公募推薦・一般(前/中/後期),福岡会場（天神ビル）,福岡市中央区天神2-12-1,
2026/02/03,福岡県,大学,立命館アジア太平洋大学,スタンダード3/英語重視/共テ+英・国/後期,博多国際展示場＆カンファレンスセンター,福岡市博多区東光2-22-15,
2026/02/03,福岡県,大学,立命館大学,一般選抜（試験地）,博多国際展示場＆カンファレンスセンター,福岡市博多区東光2-22-15,
2026/02/03,福岡県,大学,玉川大学,全学統一等（2/2-2/3のみ）,福岡会場（代々木ゼミナール）,福岡市博多区博多駅前4-2-25,
2026/02/03,福岡県,大学,創価大学,全学統一・一般前期・後期CBT,福岡会場,福岡市博多区博多駅東1丁目16-14,
2026/02/03,京都府,大学,神戸学院大学,公募推薦・一般(前/中期),福知山会場（福知山商工会議所）,福知山市字中ノ27,
2026/02/03,兵庫県,大学,芦屋大学,一般選抜A/B/C日程［1教科型］,六麓荘キャンパス,兵庫県芦屋市六麓荘町13-22,
2026/02/03,兵庫県,大学,神戸学院大学,公募推薦・一般(前/中/後期),神戸（有瀬キャンパス）,兵庫県神戸市西区伊川谷町有瀬518,
2026/02/03,兵庫県,大学,流通科学大学,公募推薦・一般(中期/後期)等,神戸会場（本学）,兵庫県神戸市西区学園西町3丁目1番,
2026/02/03,兵庫県,大学,神戸学院大学,公募推薦・一般(前/中/後期),神戸（ポートアイランド第1キャンパス）,兵庫県神戸市中央区港島1-1-3,
2026/02/03,兵庫県,大学,兵庫医科大学,薬・看・リハ 一般(前期A/B・中・後期),神戸キャンパス会場,兵庫県神戸市中央区港島1丁目3-6,
2026/02/03,兵庫県,大学,関西大学,,神戸国際会議場,兵庫県神戸市中央区港島中町6丁目9-1 神戸国際交流会館,
2026/02/03,兵庫県,大学,福山平成大学,一般選抜 前期A日程,神戸駅前研修センター（SK HOTEL神戸駅前内）,兵庫県神戸市中央区中町通2-3-1,
2026/02/03,兵庫県,大学,関西大学,,三宮研修センター,兵庫県神戸市中央区八幡通4丁目2-12 カサベラFRⅡビル,
2026/02/03,兵庫県,大学,関西大学,,神戸サンボーホール,兵庫県神戸市中央区浜辺通5丁目1-32,
2026/02/03,兵庫県,大学,神戸国際大学,一般入試（前期）,本学キャンパス（神戸国際大学）,兵庫県神戸市東灘区向洋町中9-1-6,
2026/02/03,兵庫県,大学,神戸松蔭大学,総合型前期/一般前A・B/中期/後期,本学キャンパス,兵庫県神戸市灘区篠原伯母野山町1-2-1,
2026/02/03,兵庫県,大学,関西学院大学,全日程（一般/個別/英数/共通併用）,関西学院大学 西宮上ケ原キャンパス（本学）,兵庫県西宮市上ケ原一番町1-155,
2026/02/03,兵庫県,大学,九州医療科学大学,総特待・推B・一般前期,吉備国際大学 南あわじ志知キャンパス,兵庫県南あわじ市志知佐礼尾370-1,
2026/02/03,兵庫県,大学,吉備国際大学,一般前期AⅠ/AⅡ/B/C,南あわじ会場（南あわじ志知キャンパス）,兵庫県南あわじ市志知佐礼尾370-1,
2026/02/03,兵庫県,大学,関西大学,,姫路商工会議所,兵庫県姫路市下寺町43,
2026/02/03,兵庫県,大学,吉備国際大学,一般前期AⅠ/AⅡ/B/C,姫路会場（姫路キャッスルグランヴィリオホテル）,兵庫県姫路市三左衛門堀西の町210,
2026/02/03,兵庫県,大学,九州医療科学大学,一般選抜前期,姫路キヤッスルグランヴィリオホテル,兵庫県姫路市三左衛門堀西の町210番地,
2026/02/03,兵庫県,大学,関西学院大学,全日程（一般/個別/英数/共通併用）,兵庫県立武道館,兵庫県姫路市西延末504番地,
2026/02/03,兵庫県,大学,流通科学大学,公募推薦・一般(中期),姫路会場,兵庫県姫路市本町127番地,
2026/02/03,鳥取県,大学,神戸学院大学,公募推薦・一般(前/中期),米子会場（米子コンベンションセンター）,米子市末広町294,
2026/02/03,福岡県,大学,福山大学,一般選抜 前期A日程（小倉）,KMMビル,北九州市小倉北区浅野2-14-1,
2026/02/03,福岡県,大学,立命館アジア太平洋大学,スタンダード3,北九州国際会議場,北九州市小倉北区浅野3-9-30,
2026/02/03,福岡県,大学,立命館大学,一般選抜（試験地）,北九州国際会議場,北九州市小倉北区浅野3-9-30,
2026/02/03,和歌山県,大学,関西大学,,和歌山英数学館,和歌山県和歌山市太田2丁目13-12,
2026/02/03,和歌山県,大学,神戸学院大学,公募推薦・一般(前/中期),和歌山会場（和歌山県民文化会館）,和歌山市小松原通り1-1,
2026/02/03,和歌山県,高等学校,近畿大学泉州,,和歌山,和歌山市湊通丁北2-1-1,
2026/02/03,和歌山県,大学,立命館アジア太平洋大学,スタンダード3,ホテルアバローム紀の国,和歌山市湊通丁北2-1-2,
2026/02/03,和歌山県,大学,立命館大学,一般選抜（試験地）,ホテルアバローム紀の国,和歌山市湊通丁北2-1-2,
2026/02/03,大阪府,大学,立命館アジア太平洋大学,スタンダード3/英語重視/共テ+英・国/後期,立命館大学（大阪いばらきキャンパス）,茨木市岩倉町2-150,
2026/02/03,大阪府,大学,立命館大学,一般選抜（試験地）,立命館大学（大阪いばらきキャンパス）,茨木市岩倉町2-150,
2026/02/03,岡山県,大学,安田女子大学,一般選抜前期B,岡山会場（オルガビル4階貸会議室）,岡山県岡山市北区奉還町一丁目7-7,
2026/02/03,沖縄県,大学,桜美林大学,一般選抜前期,那覇会場（沖縄県市町村自治会館）,沖縄県那覇市旭町116-37,
2026/02/03,沖縄県,大学,安田女子大学,一般選抜前期B,那覇会場（沖縄県青年会館）,沖縄県那覇市久米2-15-23,
2026/02/03,宮崎県,大学,安田女子大学,一般選抜前期B,宮崎会場（KITENビル(宮崎グリーンスフィア壱番館)）,宮崎県宮崎市錦町1-10,
2026/02/03,京都府,大学,佛教大学,一般選抜（Ｂ日程）,京都,京都市北区紫野北花ノ坊町96,
2026/02/03,熊本県,大学,安田女子大学,一般選抜前期B,熊本会場（TKP熊本カンファレンスセンター（朝日新聞第一生命ビル内））,熊本県熊本市中央区花畑町4-7,
2026/02/03,熊本県,大学,東海大学,全学部統一前期,熊本,熊本県熊本市東区渡鹿9-1-1,
2026/02/03,広島県,大学,国士舘大学,デリバリー選抜,広島会場（広島国際会議場）,広島県広島市中区中島町1-5（平和記念公園内）,
2026/02/03,広島県,大学,安田女子大学,一般選抜前期B,福山会場（福山商工会議所）,広島県福山市西町2-10-1,
2026/02/03,広島県,大学,佛教大学,一般選抜（Ｂ日程）,TKP広島本通駅前カンファレンスセンター,広島市中区紙屋町2丁目2-12信和広島ビル3階,
2026/02/03,広島県,大学,愛知学院大学,,広島,広島市東区光町1-15-21,
2026/02/03,香川県,大学,愛知学院大学,,高松,高松市サンポート2番1号,
2026/02/03,香川県,大学,佛教大学,一般選抜（Ｂ日程）,高松センタービル,高松市寿町2-4-20,
2026/02/03,高知県,大学,安田女子大学,一般選抜前期B,高知会場（高知共済会館）,高知県高知市本町5-3-20,
2026/02/03,山口県,大学,安田女子大学,一般選抜前期B,徳山会場（ホテルサンルート徳山）,山口県周南市築港町8-33,
2026/02/03,兵庫県,大学,佛教大学,一般選抜（Ｂ日程）,ラッセホール,神戸市中央区中山手通4丁目10-8,
2026/02/03,大阪府,大学,愛知学院大学,,大阪,大阪市福島区福島6-22-20,
2026/02/03,大阪府,大学,佛教大学,一般選抜（Ｂ日程）,梅田センタービル クリスタルホール,大阪市北区中崎西2-4-12,
2026/02/03,大阪府,大学,麻布大学,一般入学試験（第Ⅰ期）B日程,AP大阪淀屋橋,大阪府大阪市中央区北浜3-2-25 京阪淀屋橋ビル4F,
2026/02/03,大阪府,大学,安田女子大学,一般選抜前期B,大阪会場（リファレンス大阪駅前第4ビル貸会議室（大阪駅前第4ビル内））,大阪府大阪市北区梅田1-11-4 大阪駅前第4ビル23F,
2026/02/03,長崎県,大学,安田女子大学,一般選抜前期B,長崎会場（出島メッセ長崎）,長崎県長崎市尾上町4-1,
2026/02/03,鳥取県,大学,安田女子大学,一般選抜前期B,米子会場（米子コンベンションセンター）,鳥取県米子市末広町294,
2026/02/03,徳島県,大学,安田女子大学,一般選抜前期B,徳島会場（JRホテルクレメント徳島）,徳島県徳島市寺島本町西1-61,
2026/02/03,沖縄県,大学,愛知学院大学,,那覇,那覇市泊2丁目16番地の3,
2026/02/03,福岡県,大学,桜美林大学,一般選抜前期,福岡会場（リファレンス大博多ビル貸会議室）,福岡県福岡市博多区博多駅前2-20-1,
2026/02/03,福岡県,大学,国士舘大学,デリバリー選抜,福岡会場（福岡商工会議所）,福岡県福岡市博多区博多駅前2-9-28,
2026/02/03,福岡県,大学,麻布大学,一般入学試験（第Ⅰ期）B日程,福岡商工会議所,福岡県福岡市博多区博多駅前2丁目9-28,
2026/02/03,福岡県,大学,安田女子大学,一般選抜前期B,福岡会場（リファレンス駅東ビル）,福岡県福岡市博多区博多駅東1-16-14,
2026/02/03,福岡県,大学,安田女子大学,一般選抜前期B,小倉会場（毎日西部会館）,福岡県北九州市小倉北区紺屋町13-1,
2026/02/03,福岡県,大学,愛知学院大学,,福岡,福岡市中央区天神2丁目12番1,
2026/02/03,滋賀県,大学,佛教大学,一般選抜（Ｂ日程）,滋賀県立文化産業交流会館,米原市下多良2丁目137,
2026/02/03,愛媛県,大学,安田女子大学,一般選抜前期B,松山会場（TKP松山市駅前カンファレンスセンター）,愛媛県松山市千舟町4-3-7,
2026/02/03,長崎県,大学,久留米工業大学,前期一般選抜（会場未定）,ホテルセントヒル長崎,長崎市筑後町4-10,
2026/02/03,広島県,大学,日本大学,A方式第1期（工）,ホテル広島ガーデンパレス,広島県広島市東区光町1-15-21,
2026/02/03,福岡県,大学,日本大学,A方式第1期（工）,TKPザロイヤルパークホテル福岡会議室,福岡県福岡市博多区博多駅前2-14-15,
