日付,都道府県,学校種,学校名,試験名,試験地,住所,時間
2026/02/01,東京都,中学校,小石川中等教育学校,特別,本校,東京都文京区本駒込2-29-29,
2026/02/01,東京都,中学校,白鴎高校附属,特別,本校,東京都台東区元浅草3-12-12,
2026/02/01,東京都,中学校,愛国,１回,本校,東京都江戸川区西小岩5-7-1,
2026/02/01,東京都,中学校,麻布,一般,本校,東京都港区元麻布2-3-29,
2026/02/01,東京都,中学校,足立学園,志入試,本校,東京都足立区千住旭町40-24,
2026/02/01,東京都,中学校,足立学園,１回,本校,東京都足立区千住旭町40-24,
2026/02/01,東京都,中学校,足立学園,特奨①,本校,東京都足立区千住旭町40-24,PM
2026/02/01,東京都,中学校,跡見学園,一般①,本校,東京都文京区大塚1-5-9,AM
2026/02/01,東京都,中学校,跡見学園,特待①,本校,東京都文京区大塚1-5-9,PM
2026/02/01,東京都,中学校,郁文館,iP class選抜①,本校,東京都文京区向丘2-19-1,PM
2026/02/01,東京都,中学校,郁文館,２科選抜①,本校,東京都文京区向丘2-19-1,AM
2026/02/01,東京都,中学校,郁文館,ｸﾞﾛｰﾊﾞﾙ特待①,本校,東京都文京区向丘2-19-1,AM
2026/02/01,東京都,中学校,郁文館,適性検査型,本校,東京都文京区向丘2-19-1,AM
2026/02/01,東京都,中学校,上野学園,１日午前,本校,東京都台東区東上野4-24-12,AM
2026/02/01,東京都,中学校,上野学園,１日午前(適性型),本校,東京都台東区東上野4-24-12,AM
2026/02/01,東京都,中学校,上野学園,１日午後,本校,東京都台東区東上野4-24-12,PM
2026/02/01,東京都,中学校,上野学園,１回,本校,東京都台東区東上野4-24-12,AM
2026/02/01,東京都,中学校,上野学園,２回,本校,東京都台東区東上野4-24-12,PM
2026/02/01,東京都,中学校,穎明館,１回(一般･ｸﾞﾛｰﾊﾞﾙ),本校,東京都八王子市館町2600,AM
2026/02/01,東京都,中学校,穎明館,２回(総合),本校,東京都八王子市館町2600,PM
2026/02/01,東京都,中学校,英明フロンティア (2026～女子→共学),１回,本校,東京都練馬区関町北4丁目16-11,AM
2026/02/01,東京都,中学校,英明フロンティア (2026～女子→共学),２回,本校,東京都練馬区関町北4丁目16-11,PM
2026/02/01,東京都,中学校,江戸川女子,一般4科①,本校,東京都江戸川区東小岩5-22-1,AM
2026/02/01,東京都,中学校,江戸川女子,一般基礎学力①･適性,本校,東京都江戸川区東小岩5-22-1,PM
2026/02/01,東京都,中学校,桜蔭,一般,本校,東京都文京区本郷1-5-25,
2026/02/01,東京都,中学校,桜美林,１回ＡＭ,本校,東京都町田市常盤町3758,AM
2026/02/01,東京都,中学校,桜美林,１回ＰＭ,本校,東京都町田市常盤町3758,PM
2026/02/01,東京都,中学校,桜美林,総合,本校,東京都町田市常盤町3758,AM
2026/02/01,東京都,中学校,鴎友学園女子,１回,本校,東京都世田谷区宮坂1-5-30,
2026/02/01,東京都,中学校,大妻,１回,本校,東京都千代田区三番町12,
2026/02/01,東京都,中学校,大妻多摩,第１回,本校,東京都多摩市唐木田2-7-1,AM
2026/02/01,東京都,中学校,大妻多摩,適性型思考力,本校,東京都多摩市唐木田2-7-1,AM
2026/02/01,東京都,中学校,大妻多摩,第２回(午後),本校,東京都多摩市唐木田2-7-1,PM
2026/02/01,東京都,中学校,大妻中野,１回,本校,東京都中野区上高田2-3-7,AM
2026/02/01,東京都,中学校,大妻中野,２回,本校,東京都中野区上高田2-3-7,PM
2026/02/01,東京都,中学校,大妻中野,１回,本校,東京都中野区上高田2-3-7,
2026/02/01,東京都,中学校,海城,一般１回,本校,東京都新宿区大久保3-6-1,
2026/02/01,東京都,中学校,開成,一般,本校,東京都荒川区西日暮里4丁目2-4,
2026/02/01,東京都,中学校,開智日本橋学園,１回,本校,東京都中央区日本橋馬喰町2-7-6,AM
2026/02/01,東京都,中学校,開智日本橋学園,特待,本校,東京都中央区日本橋馬喰町2-7-6,PM
2026/02/01,東京都,中学校,かえつ有明,1日AM,本校,東京都江東区東雲2-16-1,AM
2026/02/01,東京都,中学校,かえつ有明,1日PM(特待),本校,東京都江東区東雲2-16-1,PM
2026/02/01,東京都,中学校,学習院女子,一般Ａ,本校,東京都新宿区戸山3丁目20-1,
2026/02/01,東京都,中学校,川村,ﾌﾟﾚﾐｱﾑ,本校,東京都豊島区目白2-22-3,AM
2026/02/01,東京都,中学校,川村,ｾﾚｸﾄ①,本校,東京都豊島区目白2-22-3,PM
2026/02/01,東京都,中学校,神田女学園,１回,本校,東京都千代田区神田猿楽町2-3-6,AM
2026/02/01,東京都,中学校,神田女学園,２回(特待選抜),本校,東京都千代田区神田猿楽町2-3-6,PM
2026/02/01,東京都,中学校,北里大学附属順天,１回Ａ,本校,東京都北区王子本町1-17-13,AM
2026/02/01,東京都,中学校,北里大学附属順天,１回Ｂ,本校,東京都北区王子本町1-17-13,PM
2026/02/01,東京都,中学校,北豊島,一般,本校,東京都荒川区東尾久6-34-24,AM
2026/02/01,東京都,中学校,北豊島,英語･適性検査型,本校,東京都荒川区東尾久6-34-24,PM
2026/02/01,東京都,中学校,北豊島,特待①,本校,東京都荒川区東尾久6-34-24,PM
2026/02/01,東京都,中学校,吉祥寺学園   (2026～武蔵野東から校名変更),１日ＡＭ,本校,東京都小金井市緑町2-6-4,AM
2026/02/01,東京都,中学校,吉祥寺学園   (2026～武蔵野東から校名変更),１日ＰＭ,本校,東京都小金井市緑町2-6-4,PM
2026/02/01,東京都,中学校,吉祥女子,１回,本校,東京都武蔵野市吉祥寺東町4-12-20,
2026/02/01,東京都,中学校,共栄学園,１回,本校,東京都葛飾区お花茶屋2-6-1,AM
2026/02/01,東京都,中学校,共栄学園,１回(適性),本校,東京都葛飾区お花茶屋2-6-1,AM
2026/02/01,東京都,中学校,共栄学園,２回,本校,東京都葛飾区お花茶屋2-6-1,PM
2026/02/01,東京都,中学校,共立女子,2/1入試,本校,東京都千代田区一ツ橋2-2-1,
2026/02/01,東京都,中学校,共立女子第二,①ＡＭ(2科･4科),本校,東京都八王子市元八王子町1-710,AM
2026/02/01,東京都,中学校,共立女子第二,①ＡＭ(適性型),本校,東京都八王子市元八王子町1-710,AM
2026/02/01,東京都,中学校,共立女子第二,①ＰＭ,本校,東京都八王子市元八王子町1-710,PM
2026/02/01,東京都,中学校,共立女子第二,①ＰＭ(英語４技能型),本校,東京都八王子市元八王子町1-710,PM
2026/02/01,東京都,中学校,国立音楽大学附属,１回(演奏･創作),本校,東京都国立市西2-12-19,
2026/02/01,東京都,中学校,国立音楽大学附属,１回(総合音楽),本校,東京都国立市西2-12-19,
2026/02/01,東京都,中学校,国本女子,１回,本校,東京都世田谷区喜多見8-15-33,AM
2026/02/01,東京都,中学校,国本女子,２回,本校,東京都世田谷区喜多見8-15-33,PM
2026/02/01,東京都,中学校,京華,１回ＡＭ,本校,東京都文京区白山5-6-6,AM
2026/02/01,東京都,中学校,京華,適性検査,本校,東京都文京区白山5-6-6,AM
2026/02/01,東京都,中学校,京華,１回ＰＭ,本校,東京都文京区白山5-6-6,PM
2026/02/01,東京都,中学校,京華,帰国,本校,東京都文京区白山5-6-6,
2026/02/01,東京都,中学校,京華,１回,本校,東京都文京区白山5-6-6,AM
2026/02/01,東京都,中学校,京華女子,①ＡＭ(適性型),本校,東京都文京区白山5-6-6,AM
2026/02/01,東京都,中学校,京華女子,①ＡＭ(2科･4科),本校,東京都文京区白山5-6-6,AM
2026/02/01,東京都,中学校,京華女子,①ＰＭ,本校,東京都文京区白山5-6-6,PM
2026/02/01,東京都,中学校,恵泉女学園,１回,本校,東京都世田谷区船橋5-8-1,PM
2026/02/01,東京都,中学校,啓明学園,①ＡＭ･適性,本校,東京都昭島市拝島町5-11-15,AM
2026/02/01,東京都,中学校,啓明学園,①ＰＭ,本校,東京都昭島市拝島町5-11-15,PM
2026/02/01,東京都,中学校,小石川淑徳学園,１回一般,本校,東京都文京区小石川3-14-3,AM
2026/02/01,東京都,中学校,小石川淑徳学園,１回ｽｶﾗｼｯﾌﾟ,本校,東京都文京区小石川3-14-3,PM
2026/02/01,東京都,中学校,光塩女子学院,１回(総合型),本校,東京都杉並区高円寺南2-33-28,AM
2026/02/01,東京都,中学校,光塩女子学院,１回(算数１科型),本校,東京都杉並区高円寺南2-33-28,PM
2026/02/01,東京都,中学校,晃華学園,１回,本校,東京都調布市佐須町5-28-1,AM
2026/02/01,東京都,中学校,晃華学園,２回,本校,東京都調布市佐須町5-28-1,PM
2026/02/01,東京都,中学校,工学院大学附属,１回Ａ(特待)･適性型①,本校,東京都八王子市中野町2647-2,AM
2026/02/01,東京都,中学校,工学院大学附属,１回Ｂ,本校,東京都八王子市中野町2647-2,PM
2026/02/01,東京都,中学校,工学院大学附属,１回Ａ(特待),本校,東京都八王子市中野町2647-2,AM
2026/02/01,東京都,中学校,攻玉社,１回,本校,東京都品川区西五反田5-14-2,
2026/02/01,東京都,中学校,麴町学園女子,１回ＡＭ,本校,東京都千代田区麹町3丁目8,AM
2026/02/01,東京都,中学校,麴町学園女子,１回ＰＭ(特待),本校,東京都千代田区麹町3丁目8,PM
2026/02/01,東京都,中学校,佼成学園,１回(一般),本校,東京都杉並区和田2-6-29,AM
2026/02/01,東京都,中学校,佼成学園,１回,本校,東京都杉並区和田2-6-29,AM
2026/02/01,東京都,中学校,佼成学園,ｸﾞﾛｰﾊﾞﾙ特奨,本校,東京都杉並区和田2-6-29,PM
2026/02/01,東京都,中学校,佼成学園女子,①ＡＭ(一般･適性),本校,東京都世田谷区給田2-1-1,AM
2026/02/01,東京都,中学校,佼成学園女子,①ＰＭ(特待･英),本校,東京都世田谷区給田2-1-1,PM
2026/02/01,東京都,中学校,佼成学園女子,①ＰＭ(特待･英語),本校,東京都世田谷区給田2-1-1,PM
2026/02/01,東京都,中学校,香蘭女学校,１回,本校,東京都品川区旗の台6-22-21,
2026/02/01,東京都,中学校,国学院大学久我山,１回,本校,東京都杉並区久我山1-9-1,PM
2026/02/01,東京都,中学校,国学院大学久我山,１回,本校,東京都杉並区久我山1-9-1,AM
2026/02/01,東京都,中学校,国士舘,１回,本校,東京都世田谷区若林4-32-1,
2026/02/01,東京都,中学校,駒込,１回,本校,東京都文京区千駄木5-6-25,AM
2026/02/01,東京都,中学校,駒込,２回,本校,東京都文京区千駄木5-6-25,PM
2026/02/01,東京都,中学校,駒沢学園女子,１回ＡＭ,本校,東京都稲城市坂浜238,AM
2026/02/01,東京都,中学校,駒沢学園女子,１回ＰＭ,本校,東京都稲城市坂浜238,PM
2026/02/01,東京都,中学校,駒場東邦,一般,本校,東京都世田谷区池尻4-5-1,
2026/02/01,東京都,中学校,桜丘,１回(2･4科，適性),本校,東京都北区滝野川1-51-12,AM
2026/02/01,東京都,中学校,桜丘,２回(特待),本校,東京都北区滝野川1-51-12,PM
2026/02/01,東京都,中学校,サレジアン国際学園,１回,本校,東京都北区赤羽台4-2-14,AM
2026/02/01,東京都,中学校,サレジアン国際学園,２回,本校,東京都北区赤羽台4-2-14,PM
2026/02/01,東京都,中学校,サレジアン国際学園世田谷,１回,本校,東京都世田谷区大蔵2-8-1,AM
2026/02/01,東京都,中学校,サレジアン国際学園世田谷,２回,本校,東京都世田谷区大蔵2-8-1,PM
2026/02/01,東京都,中学校,実践学園,教科１回,本校,東京都中野区中央2-34-2,AM
2026/02/01,東京都,中学校,実践学園,給費生選抜１回,本校,東京都中野区中央2-34-2,PM
2026/02/01,東京都,中学校,実践女子学園,①ＡＭ･思考表現,本校,東京都渋谷区東1-1-11,AM
2026/02/01,東京都,中学校,実践女子学園,②ＰＭ･英語資格①,本校,東京都渋谷区東1-1-11,PM
2026/02/01,東京都,中学校,品川翔英,１回,本校,東京都品川区西大井1-6-13,AM
2026/02/01,東京都,中学校,品川翔英,２回,本校,東京都品川区西大井1-6-13,PM
2026/02/01,東京都,中学校,品川女子学院,１回,本校,東京都品川区北品川3-3-12,AM
2026/02/01,東京都,中学校,品川女子学院,算数１科午後,本校,東京都品川区北品川3-3-12,PM
2026/02/01,東京都,中学校,芝,１回,本校,東京都港区芝公園3-5-37,
2026/02/01,東京都,中学校,芝浦工業大学附属,１回,本校,東京都江東区豊洲6-2-7,
2026/02/01,東京都,中学校,芝国際,2/1午前,本校,東京都港区芝4-1-30,AM
2026/02/01,東京都,中学校,芝国際,2/1午後(特待),本校,東京都港区芝4-1-30,PM
2026/02/01,東京都,中学校,渋谷教育学園渋谷,１回,本校,東京都渋谷区渋谷1-21-18,
2026/02/01,東京都,中学校,自由学園,１回,本校,東京都東久留米市学園町1-8-15,
2026/02/01,東京都,中学校,修徳,１回,本校,東京都葛飾区青戸8-10-1,AM
2026/02/01,東京都,中学校,修徳,２回,本校,東京都葛飾区青戸8-10-1,PM
2026/02/01,東京都,中学校,十文字,１回･英検利用,本校,東京都豊島区北大塚1-10-33,AM
2026/02/01,東京都,中学校,十文字,思考作文,本校,東京都豊島区北大塚1-10-33,AM
2026/02/01,東京都,中学校,十文字,２回,本校,東京都豊島区北大塚1-10-33,PM
2026/02/01,東京都,中学校,淑徳,①東大選抜･特待,本校,東京都板橋区前野町5-14-1,PM
2026/02/01,東京都,中学校,淑徳,①ｽｰﾊﾟｰ特進,本校,東京都板橋区前野町5-14-1,AM
2026/02/01,東京都,中学校,淑徳巣鴨,１回,本校,東京都豊島区西巣鴨2-22-16,PM
2026/02/01,東京都,中学校,淑徳巣鴨,１回,本校,東京都豊島区西巣鴨2-22-16,AM
2026/02/01,東京都,中学校,順天堂大学系属理数インター,2科･4科①,本校,東京都中野区中央2-28-3,AM
2026/02/01,東京都,中学校,順天堂大学系属理数インター,適性①,本校,東京都中野区中央2-28-3,AM
2026/02/01,東京都,中学校,順天堂大学系属理数インター,新ﾀｲﾌﾟ型,本校,東京都中野区中央２－２８－３,PM
2026/02/01,東京都,中学校,順天堂大学系属理数インター,英語型×新ﾀｲﾌﾟ型,本校,東京都中野区中央２－２８－３,PM
2026/02/01,東京都,中学校,順天堂大学系属理数インター,１回,本校,東京都中野区中央２－２８－３,PM
2026/02/01,東京都,中学校,頌栄女子学院,１回(４科),本校,東京都港区白金台２－２６－５,
2026/02/01,東京都,中学校,頌栄女子学院,１回(英語利用),本校,東京都港区白金台２－２６－５,
2026/02/01,東京都,中学校,城西大学附属城西,１回ＡＭ,本校,東京都豊島区千早１－１０－２６,AM
2026/02/01,東京都,中学校,城西大学附属城西,１回ＰＭ,本校,東京都豊島区千早１－１０－２６,PM
2026/02/01,東京都,中学校,聖徳学園,ﾌﾟﾗｲﾏﾘｰ,本校,東京都武蔵野市境南町２－１１－８,AM
2026/02/01,東京都,中学校,聖徳学園,適性検査型,本校,東京都武蔵野市境南町２－１１－８,AM
2026/02/01,東京都,中学校,聖徳学園,特奨①･ＰＭ①,本校,東京都武蔵野市境南町２－１１－８,PM
2026/02/01,東京都,中学校,城北,１回,本校,東京都板橋区東新町２－２８－１,
2026/02/01,東京都,中学校,昭和女子大附属昭和,ＡＡ,本校,東京都世田谷区太子堂１－７－５７,AM
2026/02/01,東京都,中学校,昭和女子大附属昭和,ＡＰ,本校,東京都世田谷区太子堂１－７－５７,PM
2026/02/01,東京都,中学校,昭和女子大附属昭和,ＧＡ,本校,東京都世田谷区太子堂１－７－５７,
2026/02/01,東京都,中学校,女子聖学院,１回,本校,東京都北区中里３－１２－２,AM
2026/02/01,東京都,中学校,女子聖学院,２回(ｽｶﾗｼｯﾌﾟ),本校,東京都北区中里３－１２－２,PM
2026/02/01,東京都,中学校,女子美術大学付属,１回,本校,東京都杉並区和田１－４９－８,
2026/02/01,東京都,中学校,白梅学園清修,１回ＡＭ,本校,東京都小平市小川町１－８３０,AM
2026/02/01,東京都,中学校,白梅学園清修,１回ＰＭ,本校,東京都小平市小川町１－８３０,PM
2026/02/01,東京都,中学校,巣鴨,Ⅰ期,本校,東京都豊島区上池袋１－２１－１,AM
2026/02/01,東京都,中学校,巣鴨,算数選抜,本校,東京都豊島区上池袋１－２１－１,PM
2026/02/01,東京都,中学校,駿台学園,１回,本校,東京都北区王子６－１－１０,AM
2026/02/01,東京都,中学校,駿台学園,２回,本校,東京都北区王子６－１－１０,PM
2026/02/01,東京都,中学校,聖学院,①ｱﾄﾞﾊﾞﾝｽﾄ,本校,東京都北区中里３－１２－１,PM
2026/02/01,東京都,中学校,聖学院,ものづくり思考力,本校,東京都北区中里３－１２－１,PM
2026/02/01,東京都,中学校,聖学院,一般①,本校,東京都北区中里３－１２－１,AM
2026/02/01,東京都,中学校,聖学院,英語特別,本校,東京都北区中里３－１２－１,AM
2026/02/01,東京都,中学校,成蹊,１回(男子),本校,東京都武蔵野市吉祥寺北町３－１０－１３,
2026/02/01,東京都,中学校,成蹊,１回(女子),本校,東京都武蔵野市吉祥寺北町３－１０－１３,
2026/02/01,東京都,中学校,成蹊,帰国,本校,東京都武蔵野市吉祥寺北町３－１０－１３,
2026/02/01,東京都,中学校,成城,１回,本校,東京都新宿区原町３－８７,
2026/02/01,東京都,中学校,成城学園,１回(男子),本校,東京都世田谷区成城６－１－２０,
2026/02/01,東京都,中学校,成城学園,１回(女子),本校,東京都世田谷区成城６－１－２０,
2026/02/01,東京都,中学校,聖ドミニコ学園,１回,本校,東京都世田谷区岡本１－１０－１,AM
2026/02/01,東京都,中学校,聖ドミニコ学園,２回,本校,東京都世田谷区岡本１－１０－１,PM
2026/02/01,東京都,中学校,成立学園,１回,本校,東京都北区東十条６－９－１３,AM
2026/02/01,東京都,中学校,成立学園,２回(特待),本校,東京都北区東十条６－９－１３,PM
2026/02/01,東京都,中学校,青稜,１回Ａ,本校,東京都品川区二葉１－６－６,AM
2026/02/01,東京都,中学校,青稜,１回Ｂ,本校,東京都品川区二葉１－６－６,PM
2026/02/01,東京都,中学校,世田谷学園,１次,本校,東京都世田谷区三宿１－１６－３１,AM
2026/02/01,東京都,中学校,世田谷学園,算数特選,本校,東京都世田谷区三宿１－１６－３１,PM
2026/02/01,東京都,中学校,創価,2/1入試,本校,東京都小平市小川町１－８６０,
2026/02/01,東京都,中学校,高輪,Ａ日程,本校,東京都港区高輪２－１－３２,
2026/02/01,東京都,中学校,瀧野川女子学園,１回,本校,東京都北区上中里１－２７－７,AM
2026/02/01,東京都,中学校,瀧野川女子学園,２回,本校,東京都北区上中里１－２７－７,PM
2026/02/01,東京都,中学校,玉川学園,１回,本校,東京都町田市玉川学園６－１－１,AM
2026/02/01,東京都,中学校,玉川学園,２回,本校,東京都町田市玉川学園６－１－１,PM
2026/02/01,東京都,中学校,多摩大学附属聖ヶ丘,１回,本校,東京都多摩市聖ヶ丘４－１－１,AM
2026/02/01,東京都,中学校,多摩大学附属聖ヶ丘,適性型,本校,東京都多摩市聖ヶ丘４－１－１,AM
2026/02/01,東京都,中学校,多摩大学附属聖ヶ丘,２回,本校,東京都多摩市聖ヶ丘４－１－１,PM
2026/02/01,東京都,中学校,多摩大学目黒,特待･特進１回,本校,東京都目黒区下目黒４－１０－２４,PM
2026/02/01,東京都,中学校,多摩大学目黒,１回,本校,東京都目黒区下目黒４－１０－２４,AM
2026/02/01,東京都,中学校,中央大学附属,１回(男子),本校,東京都小金井市貫井北町３－２２－１,
2026/02/01,東京都,中学校,中央大学附属,１回(女子),本校,東京都小金井市貫井北町３－２２－１,
2026/02/01,東京都,中学校,千代田,１回,本校,東京都千代田区四番町１１,AM
2026/02/01,東京都,中学校,千代田,研究特待,本校,東京都千代田区四番町１１,PM
2026/02/01,東京都,中学校,千代田,２回,本校,東京都千代田区四番町１１,PM
2026/02/01,東京都,中学校,帝京,１回ＡＭ,本校,東京都板橋区稲荷台２７－１,AM
2026/02/01,東京都,中学校,帝京,１回ＰＭ,本校,東京都板橋区稲荷台２７－１,PM
2026/02/01,東京都,中学校,帝京大学,１回,本校,東京都八王子市越野３２２,
2026/02/01,東京都,中学校,帝京八王子,１回Ａ,本校,東京都八王子市上川町３７６６,AM
2026/02/01,東京都,中学校,帝京八王子,１回Ｂ,本校,東京都八王子市上川町３７６６,PM
2026/02/01,東京都,中学校,貞静学園,２科①,本校,東京都文京区大塚１－２－１０,AM
2026/02/01,東京都,中学校,貞静学園,１科①,本校,東京都文京区大塚１－２－１０,PM
2026/02/01,東京都,中学校,田園調布学園,１回,本校,東京都世田谷区東玉川２－２１－８,AM
2026/02/01,東京都,中学校,田園調布学園,午後入試,本校,東京都世田谷区東玉川２－２１－８,PM
2026/02/01,東京都,中学校,東海大学菅生,１回Ａ,本校,東京都あきる野市菅生１４６８,AM
2026/02/01,東京都,中学校,東海大学菅生,１回Ｂ,本校,東京都あきる野市菅生１４６８,PM
2026/02/01,東京都,中学校,東海大学付属高輪台,１回,本校,東京都港区高輪２－２－１６,
2026/02/01,東京都,中学校,東京家政学院,１回ＡＭ,本校,東京都千代田区三番町２２,AM
2026/02/01,東京都,中学校,東京家政学院,１回ＰＭ,本校,東京都千代田区三番町２２,PM
2026/02/01,東京都,中学校,東京家政大学附属女子,１回,本校,東京都板橋区加賀１－１８－１,AM
2026/02/01,東京都,中学校,東京家政大学附属女子,２回(特奨),本校,東京都板橋区加賀１－１８－１,PM
2026/02/01,東京都,中学校,東京純心女子,１回,本校,東京都八王子市滝山町２－６００,AM
2026/02/01,東京都,中学校,東京純心女子,適性型１回,本校,東京都八王子市滝山町２－６００,AM
2026/02/01,東京都,中学校,東京純心女子,２回,本校,東京都八王子市滝山町２－６００,PM
2026/02/01,東京都,中学校,東京女学館,１回,本校,東京都渋谷区広尾３－７－１６,AM
2026/02/01,東京都,中学校,東京女学館,２回,本校,東京都渋谷区広尾３－７－１６,PM
2026/02/01,東京都,中学校,東京女学館,一般１回,本校,東京都渋谷区広尾３－７－１６,PM
2026/02/01,東京都,中学校,東京成徳大学,①一般選抜,本校,東京都北区豊島８－２６－９,AM
2026/02/01,東京都,中学校,東京成徳大学,①特待選抜,本校,東京都北区豊島８－２６－９,PM
2026/02/01,東京都,中学校,東京電機大学,１回,本校,東京都小金井市梶野町４－８－１,AM
2026/02/01,東京都,中学校,東京電機大学,２回,本校,東京都小金井市梶野町４－８－１,PM
2026/02/01,東京都,中学校,東京都市大学等々力,１回,本校,東京都世田谷区等々力８－１０－１,PM
2026/02/01,東京都,中学校,東京都市大学等々力,１回,本校,東京都世田谷区等々力８－１０－１,
2026/02/01,東京都,中学校,東京都市大学付属,１回,本校,東京都世田谷区成城１－１３－１,AM
2026/02/01,東京都,中学校,東京都市大学付属,２回,本校,東京都世田谷区成城１－１３－１,PM
2026/02/01,東京都,中学校,東京農業大学第一,１回,本校,東京都世田谷区桜３－３３－１,AM
2026/02/01,東京都,中学校,東京農業大学第一,２回,本校,東京都世田谷区桜３－３３－１,PM
2026/02/01,東京都,中学校,東京立正,１回ＡＭ,本校,東京都杉並区堀ノ内２－４１－１５,AM
2026/02/01,東京都,中学校,東京立正,１回ＰＭ,本校,東京都杉並区堀ノ内２－４１－１５,PM
2026/02/01,東京都,中学校,東星学園,１回,本校,東京都清瀬市梅園３－１４－４７,AM
2026/02/01,東京都,中学校,東星学園,国語１教科,本校,東京都清瀬市梅園３－１４－４７,PM
2026/02/01,東京都,中学校,桐朋,１回,本校,東京都国立市中３－１－１０,
2026/02/01,東京都,中学校,桐朋女子,Ａ入試,本校,東京都調布市若葉町１－４１－１,AM
2026/02/01,東京都,中学校,桐朋女子,思考力＆発想力,本校,東京都調布市若葉町１－４１－１,PM
2026/02/01,東京都,中学校,東洋大学京北,１回,本校,東京都文京区白山２－３６－５,AM
2026/02/01,東京都,中学校,東洋大学京北,２回,本校,東京都文京区白山２－３６－５,PM
2026/02/01,東京都,中学校,トキワ松学園,１回,本校,東京都目黒区碑文谷４－１７－１６,AM
2026/02/01,東京都,中学校,トキワ松学園,適性検査,本校,東京都目黒区碑文谷４－１７－１６,AM
2026/02/01,東京都,中学校,トキワ松学園,２回,本校,東京都目黒区碑文谷４－１７－１６,PM
2026/02/01,東京都,中学校,トキワ松学園,英検利用,本校,東京都目黒区碑文谷４－１７－１６,PM
2026/02/01,東京都,中学校,獨協,１回,本校,東京都文京区関口３－８－１,AM
2026/02/01,東京都,中学校,獨協,２回,本校,東京都文京区関口３－８－１,PM
2026/02/01,東京都,中学校,ドルトン東京学園,１回,本校,東京都調布市入間町二丁目２８番２０号,AM
2026/02/01,東京都,中学校,ドルトン東京学園,２回,本校,東京都調布市入間町二丁目２８番２０号,PM
2026/02/01,東京都,中学校,中村,適性型,本校,東京都江東区清澄２－３－１５,AM
2026/02/01,東京都,中学校,中村,一般①,本校,東京都江東区清澄２－３－１５,AM
2026/02/01,東京都,中学校,中村,特待①,本校,東京都江東区清澄２－３－１５,PM
2026/02/01,東京都,中学校,日本工業大学駒場,①教科型･英検型･適性型,本校,東京都目黒区駒場１－３５－３２,AM
2026/02/01,東京都,中学校,日本工業大学駒場,②教科型･英検型･ ﾌﾟﾚｾﾞﾝ型,本校,東京都目黒区駒場１－３５－３２,PM
2026/02/01,東京都,中学校,日本体育大学桜華,１回(一般･ＡＯ),本校,東京都東村山市富士見町２－５－１,
2026/02/01,東京都,中学校,新渡戸文化,教科選択型,本校,東京都中野区本町６－３８－１,AM
2026/02/01,東京都,中学校,新渡戸文化,２科①,本校,東京都中野区本町６－３８－１,PM
2026/02/01,東京都,中学校,日本大学第一,４科１回,本校,東京都墨田区横網１－５－２,
2026/02/01,東京都,中学校,日本大学第二,１回(男子),本校,東京都杉並区天沼１－４５－３３,
2026/02/01,東京都,中学校,日本大学第二,１回(女子),本校,東京都杉並区天沼１－４５－３３,
2026/02/01,東京都,中学校,日本大学第三,１回,本校,東京都町田市図師町１１－２３７５,
2026/02/01,東京都,中学校,日本大学豊山,１回,本校,東京都文京区大塚５－４０－１０,
2026/02/01,東京都,中学校,日本大学豊山女子,１回,本校,東京都板橋区中台３－１５－１,AM
2026/02/01,東京都,中学校,日本大学豊山女子,２回,本校,東京都板橋区中台３－１５－１,PM
2026/02/01,東京都,中学校,八王子学園八王子,１日ＡＭ,本校,東京都八王子市台町４－３５－１,AM
2026/02/01,東京都,中学校,八王子学園八王子,１日ＡＭ(適性型),本校,東京都八王子市台町４－３５－１,AM
2026/02/01,東京都,中学校,八王子学園八王子,１日ＰＭ,本校,東京都八王子市台町４－３５－１,PM
2026/02/01,東京都,中学校,八王子実践,適性①,本校,東京都八王子市台町１－６－１５,
2026/02/01,東京都,中学校,広尾学園,１回,本校,東京都港区南麻布５－１－１４,AM
2026/02/01,東京都,中学校,広尾学園,２回,本校,東京都港区南麻布５－１－１４,PM
2026/02/01,東京都,中学校,広尾学園小石川,１回,本校,東京都文京区本駒込２－２９－１,AM
2026/02/01,東京都,中学校,広尾学園小石川,２回,本校,東京都文京区本駒込２－２９－１,PM
2026/02/01,東京都,中学校,富士見,１回(一般･英語資格),本校,東京都練馬区中村北４－８－２６,
2026/02/01,東京都,中学校,富士見丘,ＷＩＬＬ,本校,東京都渋谷区笹塚３－１９－９,AM
2026/02/01,東京都,中学校,富士見丘,ｸﾞﾛｰﾊﾞﾙｱｽﾘｰﾄ,本校,東京都渋谷区笹塚３－１９－９,AM
2026/02/01,東京都,中学校,富士見丘,一般①,本校,東京都渋谷区笹塚３－１９－９,PM
2026/02/01,東京都,中学校,富士見丘,英語資格①,本校,東京都渋谷区笹塚３－１９－９,PM
2026/02/01,東京都,中学校,藤村女子,2科①･4科①,本校,東京都武蔵野市吉祥寺本町２－１６－３,AM
2026/02/01,東京都,中学校,藤村女子,2科②,本校,東京都武蔵野市吉祥寺本町２－１６－３,PM
2026/02/01,東京都,中学校,雙葉,一般,本校,東京都千代田区六番町１４－１,
2026/02/01,東京都,中学校,普連土学園,１日午前４科,本校,東京都港区三田４－１４－１６,AM
2026/02/01,東京都,中学校,普連土学園,１日午後算数,本校,東京都港区三田４－１４－１６,PM
2026/02/01,東京都,中学校,文化学園大学杉並,１回,本校,東京都杉並区阿佐谷南３－４８－１６,AM
2026/02/01,東京都,中学校,文化学園大学杉並,適性,本校,東京都杉並区阿佐谷南３－４８－１６,AM
2026/02/01,東京都,中学校,文化学園大学杉並,２回･英語特別①,本校,東京都杉並区阿佐谷南３－４８－１６,PM
2026/02/01,東京都,中学校,文京学院大学女子,１回,本校,東京都文京区本駒込６－１８－３,AM
2026/02/01,東京都,中学校,文京学院大学女子,特待選抜①,本校,東京都文京区本駒込６－１８－３,PM
2026/02/01,東京都,中学校,文京学院大学女子,適性検査型,本校,東京都文京区本駒込６－１８－３,PM
2026/02/01,東京都,中学校,文教大学付属,１回,本校,東京都品川区旗の台３－２－１７,AM
2026/02/01,東京都,中学校,文教大学付属,２回,本校,東京都品川区旗の台３－２－１７,PM
2026/02/01,東京都,中学校,法政大学,１回(男子),本校,東京都三鷹市牟礼４－３－１,
2026/02/01,東京都,中学校,法政大学,１回(女子),本校,東京都三鷹市牟礼４－３－１,
2026/02/01,東京都,中学校,本郷,１回,本校,東京都豊島区駒込４－１１－１,
2026/02/01,東京都,中学校,三田国際科学学園,１回,本校,東京都世田谷区用賀２－１６－１,AM
2026/02/01,東京都,中学校,三田国際科学学園,２回,本校,東京都世田谷区用賀２－１６－１,PM
2026/02/01,東京都,中学校,明星学園,Ａ入試,本校,東京都三鷹市井の頭５－７－７,AM
2026/02/01,東京都,中学校,明星学園,Ｂ入試,本校,東京都三鷹市井の頭５－７－７,PM
2026/02/01,東京都,中学校,三輪田学園,１回ＡＭ,本校,東京都千代田区九段北３－３－１５,AM
2026/02/01,東京都,中学校,三輪田学園,１回ＰＭ,本校,東京都千代田区九段北３－３－１５,PM
2026/02/01,東京都,中学校,武蔵,一般,本校,東京都練馬区豊玉上１－２６－１,
2026/02/01,東京都,中学校,武蔵野,１回,本校,東京都北区西ヶ原４－５６－２０,
2026/02/01,東京都,中学校,武蔵野大学,１回,本校,東京都西東京市新町１－１－２０,AM
2026/02/01,東京都,中学校,武蔵野大学,適性検査,本校,東京都西東京市新町１－１－２０,AM
2026/02/01,東京都,中学校,武蔵野大学,２回,本校,東京都西東京市新町１－１－２０,PM
2026/02/01,東京都,中学校,明治学院,１回,本校,東京都東村山市富士見町１－１２－３,PM
2026/02/01,東京都,中学校,明治大学付属世田谷 (2026～日本学園から校名変更，男子→共学),１回,本校,東京都世田谷区松原２－７－３４,
2026/02/01,東京都,中学校,明治大学付属八王子,Ａ方式１回(男子),本校,東京都八王子市戸吹町１１００,
2026/02/01,東京都,中学校,明治大学付属八王子,Ａ方式１回(女子),本校,東京都八王子市戸吹町１１００,
2026/02/01,東京都,中学校,明星,１回,本校,東京都府中市栄町１－１,AM
2026/02/01,東京都,中学校,明星,２回,本校,東京都府中市栄町１－１,PM
2026/02/01,東京都,中学校,明法,１回ＡＭ,本校,東京都東村山市富士見町２－４－１２,AM
2026/02/01,東京都,中学校,明法,１回ＡＭ(適性),本校,東京都東村山市富士見町２－４－１２,AM
2026/02/01,東京都,中学校,明法,１回ＰＭ,本校,東京都東村山市富士見町２－４－１２,PM
2026/02/01,東京都,中学校,目黒学院,１回,本校,東京都目黒区中目黒１－１－５０,AM
2026/02/01,東京都,中学校,目黒学院,２回,本校,東京都目黒区中目黒１－１－５０,PM
2026/02/01,東京都,中学校,目黒日本大学,１回,本校,東京都目黒区目黒１－６－１５,AM
2026/02/01,東京都,中学校,目黒日本大学,２回,本校,東京都目黒区目黒１－６－１５,PM
2026/02/01,東京都,中学校,目白研心,一般①･適性,本校,東京都新宿区中落合４－３１－１,AM
2026/02/01,東京都,中学校,目白研心,一般②,本校,東京都新宿区中落合４－３１－１,PM
2026/02/01,東京都,中学校,八雲学園,１回,本校,東京都目黒区八雲２－１４－１,AM
2026/02/01,東京都,中学校,八雲学園,２回,本校,東京都目黒区八雲２－１４－１,PM
2026/02/01,東京都,中学校,安田学園,１回,本校,東京都墨田区横網２－２－２５,AM
2026/02/01,東京都,中学校,安田学園,２回,本校,東京都墨田区横網２－２－２５,PM
2026/02/01,東京都,中学校,山脇学園,Ａ(一般･英語),本校,東京都港区赤坂４－１０－３６,AM
2026/02/01,東京都,中学校,山脇学園,国･算１科,本校,東京都港区赤坂４－１０－３６,PM
2026/02/01,東京都,中学校,立正大学付属立正,１回ＡＭ,本校,東京都大田区西馬込１－５－１,AM
2026/02/01,東京都,中学校,立正大学付属立正,１回ＰＭ,本校,東京都大田区西馬込１－５－１,PM
2026/02/01,東京都,中学校,和光,１回,本校,東京都町田市真光寺町１２９１,
2026/02/01,東京都,中学校,早稲田,１回,本校,東京都新宿区馬場下町６２,
2026/02/01,東京都,中学校,早稲田実業学校,一般(男子),本校,東京都国分寺市本町１－２－１,
2026/02/01,東京都,中学校,早稲田実業学校,一般(女子),本校,東京都国分寺市本町１－２－１,
2026/02/01,東京都,中学校,早稲田大学高等学院,一般,本校,東京都練馬区上石神井３－３１－１,
2026/02/01,東京都,中学校,和洋九段女子,１回,本校,東京都千代田区九段北１－１２－１２,AM
2026/02/01,東京都,中学校,和洋九段女子,２回,本校,東京都千代田区九段北１－１２－１２,PM
2026/02/01,神奈川県,中学校,青山学院横浜英和,Ａ日程,本校,神奈川県横浜市南区蒔田町１２４,
2026/02/01,神奈川県,中学校,アレセイア湘南,１回ＡＭ,本校,神奈川県茅ヶ崎市富士見町５－２,
2026/02/01,神奈川県,中学校,大西学園,Ａ日程,本校,神奈川県川崎市中原区小杉町２－２８４,
2026/02/01,神奈川県,中学校,神奈川学園,Ａ日程ＡＭ,本校,神奈川県横浜市神奈川区沢渡１８,
2026/02/01,神奈川県,中学校,神奈川大学附属,１回,本校,神奈川県横浜市緑区台村町８００,
2026/02/01,神奈川県,中学校,鎌倉学園,１次,本校,神奈川県鎌倉市山ノ内１１０,
2026/02/01,神奈川県,中学校,鎌倉国際文理,2/1ＡＭ,本校,神奈川県鎌倉市岩瀬1420,
2026/02/01,神奈川県,中学校,鎌倉女学院,１次,本校,神奈川県鎌倉市由比ガ浜２－１０－４,
2026/02/01,神奈川県,中学校,カリタス女子,１回,本校,神奈川県川崎市多摩区中野島４－６－１,
2026/02/01,神奈川県,中学校,関東学院,一期Ａ,本校,神奈川県横浜市南区三春台４,
2026/02/01,神奈川県,中学校,関東学院六浦,Ａ１日程,本校,神奈川県横浜市金沢区六浦東１－５０－１,
2026/02/01,神奈川県,中学校,函嶺白百合学園,１回,本校,神奈川県足柄下郡箱根町強羅１３２０,
2026/02/01,神奈川県,中学校,北鎌倉女子学園,２科①,本校,神奈川県鎌倉市山ノ内９１３,
2026/02/01,神奈川県,中学校,公文国際学園,Ａ入試,本校,神奈川県横浜市戸塚区小雀町７７７,
2026/02/01,神奈川県,中学校,慶應義塾普通部,一般,本校,神奈川県横浜市港北区日吉本町１－４５－１,
2026/02/01,神奈川県,中学校,相模女子大学,１回･ﾌﾟﾛｸﾞﾗﾐﾝｸﾞ①,本校,神奈川県相模原市南区文京２－１－１,
2026/02/01,神奈川県,中学校,サレジオ学院,Ａ試験,本校,神奈川県横浜市都筑区南山田３－４３－１,
2026/02/01,神奈川県,中学校,自修館中等教育学校,Ａ１,本校,神奈川県伊勢原市見附島411,
2026/02/01,神奈川県,中学校,湘南学園,Ａ日程,本校,神奈川県藤沢市鵠沼松が岡３－４－２７,
2026/02/01,神奈川県,中学校,湘南白百合学園,１教科,本校,神奈川県藤沢市片瀬目白山４－１,
2026/02/01,神奈川県,中学校,逗子開成,１次,本校,神奈川県逗子市新宿２－５－１,
2026/02/01,神奈川県,中学校,星槎,１回,本校,神奈川県横浜市緑区霧が丘６－１３,
2026/02/01,神奈川県,中学校,聖セシリア女子,Ａ方式１次,本校,神奈川県大和市南林間３－１０－１,
2026/02/01,神奈川県,中学校,清泉女学院,１期,本校,神奈川県鎌倉市城廻２００,
2026/02/01,神奈川県,中学校,聖ヨゼフ学園,１回,本校,神奈川県横浜市鶴見区東寺尾北台１１－１,
2026/02/01,神奈川県,中学校,聖和学院,１回,本校,神奈川県逗子市久木２－２－１,
2026/02/01,神奈川県,中学校,洗足学園,１回,本校,神奈川県川崎市高津区久本２－３－１,
2026/02/01,神奈川県,中学校,捜真女学校,ｽｶﾗｼｯﾌﾟA1,本校,神奈川県横浜市神奈川区中丸８,
2026/02/01,神奈川県,中学校,相洋,１回Ａ,本校,神奈川県小田原市城山４－１３－３３,
2026/02/01,神奈川県,中学校,中央大学附属横浜,１回,本校,神奈川県横浜市都筑区牛久保東１－１４－１,
2026/02/01,神奈川県,中学校,鶴見大学附属,１次,本校,神奈川県横浜市鶴見区鶴見２－２－１,
2026/02/01,神奈川県,中学校,桐蔭学園,１回ＡＭ,本校,神奈川県横浜市青葉区鉄町１６１４,
2026/02/01,神奈川県,中学校,東海大学付属相模,Ａ試験,本校,神奈川県相模原市南区相南3-33-1,
2026/02/01,神奈川県,中学校,桐光学園,１回,本校,神奈川県川崎市麻生区栗木3-12-1,
2026/02/01,神奈川県,中学校,藤嶺学園藤沢,2科･4科,本校,神奈川県藤沢市西富1-7-1,
2026/02/01,神奈川県,中学校,日本女子大学附属,１回,本校,神奈川県川崎市多摩区西生田1-1-1,
2026/02/01,神奈川県,中学校,日本大学,Ａ１日程,本校,神奈川県横浜市港北区箕輪町2-9-1,
2026/02/01,神奈川県,中学校,日本大学藤沢,１回,本校,神奈川県藤沢市亀井野1866,
2026/02/01,神奈川県,中学校,フェリス女学院,一般,本校,神奈川県横浜市中区山手町178,
2026/02/01,神奈川県,中学校,武相,１回,本校,神奈川県横浜市港北区仲手原2-34-1,
2026/02/01,神奈川県,中学校,聖園女学院,１次,本校,神奈川県藤沢市みその台1-4,
2026/02/01,神奈川県,中学校,森村学園,１回,本校,神奈川県横浜市緑区長津田町2695,
2026/02/01,神奈川県,中学校,山手学院,Ａ日程,本校,神奈川県横浜市栄区上郷町460,
2026/02/01,神奈川県,中学校,横須賀学院,１次Ａ,本校,神奈川県横須賀市稲岡町82,
2026/02/01,神奈川県,中学校,横浜女学院,Ａ①,本校,神奈川県横浜市中区山手町203,
2026/02/01,神奈川県,中学校,横浜翠陵,一般①･英語資格①,本校,神奈川県横浜市緑区三保町1,
2026/02/01,神奈川県,中学校,横浜創英,１回,本校,神奈川県横浜市神奈川区西大口28,
2026/02/01,神奈川県,中学校,横浜隼人,１回,本校,神奈川県横浜市瀬谷区阿久和南1-3-1,
2026/02/01,神奈川県,中学校,横浜富士見丘学園,１回,本校,神奈川県横浜市旭区中沢1-24-1,
2026/02/01,神奈川県,中学校,横浜雙葉,一般(１期),本校,神奈川県横浜市中区山手町88,
2026/02/01,岐阜県,高等学校,岐阜聖徳学園,,本校,岐阜県岐阜市中鶉1-50,
2026/02/01,岐阜県,高等学校,大垣日本大学,,本校,岐阜県大垣市林町6丁目5番地の2,
2026/02/01,群馬県,高等学校,東京農業大学第二,,本校,群馬県高崎市石原町3430,
2026/02/01,埼玉県,高等学校,春日部共栄,,本校,埼玉県春日部市上大増新田213,
2026/02/01,栃木県,高等学校,幸福の科学学園,,本校,栃木県那須郡那須町梁瀬487-1,
2026/02/01,埼玉県,中学校,埼玉大学教育学部附属,,本校,埼玉県さいたま市南区別所4-2-5,
2026/02/01,埼玉県,大学,立命館大学,一般選抜（試験地）,ソニックシティ,さいたま市大宮区桜木町1-7-5 ソニックシティビル棟7F 〜9F,
2026/02/01,埼玉県,大学,立命館アジア太平洋大学,スタンダード3/英語重視/後期,ソニックシティ,さいたま市大宮区桜木町1-7-5 ソニックシティビル棟7F〜9F,
2026/02/01,埼玉県,大学,大東文化大学,総合型基礎・奨学金・全学統一前期,さいたま会場　TKP大宮駅西口カンファレンスセンター,さいたま市大宮区桜木町1-8-1,
2026/02/01,埼玉県,大学,共立女子大学,2月前期A・共通テ併用,大宮会場（JA共済埼玉ビル）,さいたま市大宮区土手町1-2,
2026/02/01,埼玉県,大学,東京電機大学,一般選抜 前期/英語外部/情報系外部/後期,河合塾南浦和現役館,さいたま市南区南浦和2-24-6,
2026/02/01,愛知県,大学,一宮研伸大学,総合型・推薦・一般・共テプラス・社特,本学キャンパス,愛知県一宮市常願通5丁目4番1,
2026/02/01,愛知県,大学,中部大学,本学実施の各日程,本学試験場（春日井キャンパス）,愛知県春日井市松本町1200番地,
2026/02/01,愛知県,大学,愛知学院大学,一般選抜（本学会場）,日進キャンパス,愛知県日進市岩崎町阿良池12,
2026/02/01,愛知県,国家試験,愛知学院大学 日進キャンパス,歯科医師,,愛知県日進市岩崎町阿良池12,
2026/02/01,愛知県,大学,名古屋学院大学,一般入試(前期・中期),豊橋会場（豊橋商工会議所）,愛知県豊橋市花田町石塚42-1,
2026/02/01,愛知県,大学,愛知大学,一般選抜（前期・各方式）,豊橋キャンパス,愛知県豊橋市町畑町1-1,
2026/02/01,愛知県,大学,藤田医科大学,医:二次／医療科・保健:前期A/B,本学試験会場（豊明キャンパス）,愛知県豊明市沓掛町田楽ケ窪1-98,
2026/02/01,愛知県,大学,北里大学,獣医学部・海洋生命 一般前期,TKPガーデンシティPREMIUM名古屋駅前,愛知県名古屋市西区名駅1-1-17 名駅ダイヤメイテツビル3階,
2026/02/01,愛知県,大学,愛知淑徳大学,一般前期・後期,本学（星が丘キャンパス）,愛知県名古屋市千種区桜が丘23,
2026/02/01,愛知県,大学,東京都市大学,一般選抜 前期・中期,名古屋会場（秀英予備校 名古屋本部）,愛知県名古屋市千種区内山3-23-12,
2026/02/01,愛知県,大学,金沢工業大学,一般試験A・B,秀英予備校名古屋校,愛知県名古屋市千種区内山3-23-12,
2026/02/01,愛知県,大学,日本大学,N全学統一方式第1期,名古屋試験場（名古屋商工会議所）,愛知県名古屋市中区栄2-10-19 名古屋商工会議所ビル,
2026/02/01,愛知県,大学,関西大学,,中日ホール＆カンファレンス,愛知県名古屋市中区栄4丁目1-1,
2026/02/01,愛知県,大学,明治学院大学,一般選抜：全学部日程（学外会場）,名古屋会場（名古屋サンスカイルーム）,愛知県名古屋市中区錦1丁目18-22,
2026/02/01,愛知県,大学,北陸大学,一般A日程、推薦第1回（薬・医療）,TKP名古屋伏見ビジネスセンター（宮井名古屋ビル）,愛知県名古屋市中区錦2-8-26 宮井名古屋ビル,
2026/02/01,愛知県,大学,帝京大学,一般選抜Ⅰ期,名古屋試験場（TKPガーデンシティPREMIUM名古屋新幹線口）,愛知県名古屋市中村区椿町1-16,
2026/02/01,愛知県,大学,愛知大学,一般選抜（前期・各方式）,名古屋キャンパス,愛知県名古屋市中村区平池町4-60-6,
2026/02/01,愛知県,大学,芝浦工業大学,一般選抜（前期/全学統一）,名古屋会場（JRゲートタワーカンファレンス）,愛知県名古屋市中村区名駅1丁目1-3号 JRゲートタワー,
2026/02/01,愛知県,大学,神奈川工科大学,一般A日程,名古屋会場（タイムオフィス名古屋）,愛知県名古屋市中村区名駅2丁目41-10,
2026/02/01,愛知県,大学,千葉工業大学,A/SA・B/SB・C日程サテライト,名古屋試験場（安保ホール）,愛知県名古屋市中村区名駅3-15-9,
2026/02/01,愛知県,大学,静岡理工科大学,一般前期A・B,名古屋会場（安保ホール）,愛知県名古屋市中村区名駅3-15-9,
2026/02/01,愛知県,大学,大阪電気通信大学,一般前期B,名古屋会場,愛知県名古屋市中村区名駅3-15-9,
2026/02/01,愛知県,大学,中京学院大学,一般選抜 前期・中期（併願）,名古屋会場,愛知県名古屋市中村区名駅3-25-3,
2026/02/01,愛知県,大学,中京学院大学,一般選抜（地方会場）,名古屋会場,愛知県名古屋市中村区名駅3-25-3,
2026/02/01,愛知県,大学,京都先端科学大学,一般A,オフィスパーク名駅カンファレンスセンター,愛知県名古屋市中村区名駅3丁目22-4 名駅前みどりビル5階・7階,
2026/02/01,愛知県,大学,広島工業大学,一般選抜A日程,名古屋会場（ツドイコ名駅東カンファレンスセンター）,愛知県名古屋市中村区名駅3丁目22-8,
2026/02/01,愛知県,大学,大阪経済法科大学,一般前期A/B,オフィスパーク 名駅カンファレンスセンター,愛知県名古屋市中村区名駅3丁目22番4号 名駅前みどりビル5階・7階,
2026/02/01,愛知県,大学,花園大学,一般選抜B日程,名古屋会場,愛知県名古屋市中村区名駅4-10-25 名駅 IMAI ビル6・7階,
2026/02/01,愛知県,大学,岐阜保健大学,特別奨学生・一般Ⅰ期,名古屋会場,愛知県名古屋市中村区名駅4-10-25 名駅IMAIビル6階 AP名古屋．名駅,
2026/02/01,愛知県,大学,関西学院大学,2/1-2/5実施（一般/個別/英数/共通）,愛知県産業労働センター（ウインクあいち）,愛知県名古屋市中村区名駅4-4-38,
2026/02/01,愛知県,大学,産業能率大学,前期3のみ,名古屋会場（産業能率大学 中部事業部）,愛知県名古屋市中村区名駅4-5-28 桜通豊田ビル18F,
2026/02/01,愛知県,大学,日本体育大学,一般選抜A・B日程,名古屋会場（名城大学 天白キャンパス）,愛知県名古屋市天白区塩釜口1-501 名城大学 天白キャンパス,
2026/02/01,愛知県,大学,専修大学,,imy会議室,愛知県名古屋市東区葵3-7-14,
2026/02/01,愛知県,大学,甲南大学,一般選抜（前期）,imy会議室,愛知県名古屋市東区葵3-7-14,
2026/02/01,愛知県,大学,名古屋学院大学,全試験日,本学（名古屋）会場（名古屋キャンパスしろとり）,愛知県名古屋市熱田区熱田西町1番25号,
2026/02/01,愛知県,大学,名古屋造形大学,学部各選抜・大学院含む,名古屋造形大学（本学キャンパス）,愛知県名古屋市北区名城2丁目4番1,
2026/02/01,愛知県,大学,愛知学院大学,一般選抜（本学会場）,名城公園キャンパス,愛知県名古屋市北区名城3-1-1,
2026/02/01,北海道,大学,北海道科学大学,一般選抜前期,旭川会場（旭川北洋ビル）,旭川市4条通9丁目1703番地,
2026/02/01,茨城県,大学,日本大学,N全学統一方式第1期,つくば試験場（つくば国際会議場）,茨城県つくば市竹園2-20-3,
2026/02/01,茨城県,大学,産業能率大学,前期3のみ,水戸会場（河合塾 水戸校）,茨城県水戸市宮町1-2-22,
2026/02/01,茨城県,大学,東京都市大学,一般選抜 前期・中期,水戸会場（水戸駿優予備学校本部校舎）,茨城県水戸市三の丸1-1-42,
2026/02/01,茨城県,大学,獨協大学,全学科統一前期・学科別/外検+実施,水戸会場（水戸駿優予備学校本部校舎）,茨城県水戸市三の丸1-1-42,
2026/02/01,茨城県,大学,帝京大学,総合型Ⅰ・奨学特待・一般Ⅰ,水戸試験場（水戸三の丸ホテル）,茨城県水戸市三の丸2-1-1,
2026/02/01,茨城県,大学,足利大学,一般選抜A（工学部）,水戸試験場（三の丸ホテル）,茨城県水戸市三の丸2-1-1,
2026/02/01,茨城県,大学,千葉工業大学,A/SA日程サテライト,水戸試験場（水戸駿優予備学校 2号館）,茨城県水戸市三の丸2-5-36,
2026/02/01,茨城県,大学,芝浦工業大学,一般選抜（前期/全学統一）,水戸会場（伊勢甚中央ビル）,茨城県水戸市泉町2丁目3-2,
2026/02/01,茨城県,大学,神奈川工科大学,一般A日程,水戸会場（中央ビル）,茨城県水戸市泉町2丁目3番2号,
2026/02/01,茨城県,大学,流通経済大学,一般選抜(3/2科目・給付・問題選択),ホテル・ザ・ウエストヒルズ・水戸,茨城県水戸市大工町1-2-1,
2026/02/01,茨城県,大学,流通経済大学,一般選抜(3/2科目・給付・問題選択),流通経済大学 龍ケ崎キャンパス 試験場,茨城県龍ケ崎市120,
2026/02/01,栃木県,大学,大東文化大学,総合型基礎・奨学金・全学統一前期/後期,宇都宮会場　TKPガーデンシティ宇都宮,宇都宮市 東宿郷2-4-4,
2026/02/01,栃木県,大学,文教大学,全国入試,宇都宮会場　ライトキューブ宇都宮,宇都宮市宮みらい1-20,
2026/02/01,栃木県,大学,拓殖大学,全学部統一全国選抜,宇都宮会場　宇都宮東武ホテルグランデ,宇都宮市本町5-12,
2026/02/01,神奈川県,大学,共立女子大学,2月前期A・共通テ併用,横浜会場（岩崎学園横浜西口２号館）,横浜市神奈川区鶴屋町2-17,
2026/02/01,神奈川県,大学,大東文化大学,総合型基礎・奨学金・全学統一前期,横浜会場　TKP横浜駅西口カンファレンスセンター,横浜市神奈川区鶴屋町2-24-1,
2026/02/01,神奈川県,大学,立命館アジア太平洋大学,スタンダード3/英語重視/共テ+英・国,TKPガーデンシティPREMIUM 横浜西口,横浜市西区南幸2-19-9 TKP横浜ビル（旧横浜MKビル、事務所：3F）,
2026/02/01,神奈川県,大学,立命館大学,一般選抜（試験地）,TKP ガーデンシティ PREMIUM 横浜西口,横浜市西区南幸2-19-9 TKP横浜ビル（旧横浜MKビル、事務所：3F）,
2026/02/01,神奈川県,大学,拓殖大学,全学部統一全国選抜,横浜会場　ホテル横浜キャメロットジャパン,横浜市西区北幸1-11-3,
2026/02/01,神奈川県,大学,文教大学,全国入試,横浜会場 AP横浜,横浜市西区北幸2-6-1,
2026/02/01,岩手県,大学,東北生活文化大学,一般A・共テA（美術）,盛岡会場（学外会場）,岩手県盛岡市盛岡駅西通1-7-1,
2026/02/01,岩手県,大学,金沢工業大学,一般試験A,いわて県民情報交流センター キオクシア アイーナ,岩手県盛岡市盛岡駅西通1丁目7番1号,
2026/02/01,岩手県,大学,東北学院大学,一般選抜前期A日程,アイーナ（いわて県民情報交流センター）,岩手県盛岡市盛岡駅西通一丁目7-1,
2026/02/01,岩手県,大学,青森大学,一般選抜I期・II期,盛岡会場（岩手県産業会館）,岩手県盛岡市大通1丁目2番1号,
2026/02/01,岐阜県,大学,名古屋学院大学,一般入試(前期),岐阜会場（じゅうろくプラザ）,岐阜県岐阜市橋本町1-10-11,
2026/02/01,岐阜県,大学,愛知大学,一般選抜（前期・各方式）,岐阜商工会議所,岐阜県岐阜市神田町2丁目2番地,
2026/02/01,岐阜県,大学,岐阜保健大学,総合型・推薦・特別奨学生・一般,本学キャンパス,岐阜県岐阜市東鶉2丁目92,
2026/02/01,岐阜県,大学,中京学院大学,一般選抜 前期・中期（併願）,瑞浪キャンパス（本学会場）,岐阜県瑞浪市土岐町2216,
2026/02/01,岐阜県,大学,中京学院大学,一般前期・中期・後期・共テプラス,瑞浪キャンパス（本学会場）,岐阜県瑞浪市土岐町2216,
2026/02/01,岐阜県,大学,愛知大学,一般選抜（前期・各方式）,ソフトピアジャパンセンター センタービル,岐阜県大垣市加賀野4-1-7,
2026/02/01,岐阜県,大学,中京学院大学,一般選抜 前期・中期（併願）,中津川キャンパス（本学会場）,岐阜県中津川市千旦林1-104,
2026/02/01,岐阜県,大学,中京学院大学,一般前期・中期・後期・共テプラス,中津川キャンパス（本学会場）,岐阜県中津川市千旦林1-104,
2026/02/01,岐阜県,大学,愛知淑徳大学,一般選抜（前期）,岐阜会場,岐阜市金町5-7-2,
2026/02/01,宮城県,大学,千葉工業大学,A/SA・B/SB・C日程サテライト,仙台試験場（東北福祉大学 仙台駅東口キャンパス）,宮城県仙台市宮城野区榴岡2-5-26,
2026/02/01,宮城県,大学,専修大学,スカラシップ・全国入試,東北福祉大学 仙台駅東口キャンパス,宮城県仙台市宮城野区榴岡2-5-26,
2026/02/01,宮城県,大学,金沢工業大学,一般A・B/総合選抜,東北福祉大学 仙台駅東口キャンパス,宮城県仙台市宮城野区榴岡2-5-26,
2026/02/01,宮城県,大学,東京都市大学,一般選抜 前期・中期,仙台会場（仙台ガーデンパレス）,宮城県仙台市宮城野区榴岡4丁目1-5,
2026/02/01,宮城県,大学,北里大学,獣医学部・海洋生命 一般前期,仙台サンプラザ,宮城県仙台市宮城野区榴岡5-11-1,
2026/02/01,宮城県,国家試験,仙台卸商センター サンフェスタ・卸町会館,歯科医師,仙台卸商センター サンフェスタ・卸町会館,宮城県仙台市若林区卸町2-15-2,
2026/02/01,宮城県,大学,東北学院大学,一般選抜前期A日程／後期,東北学院大学 五橋キャンパス,宮城県仙台市若林区清水小路3-1,
2026/02/01,宮城県,大学,青森大学,一般選抜I期・II期,仙台会場（ベルエア会館）,宮城県仙台市青葉区一番町一丁目4番8号,
2026/02/01,宮城県,大学,帝京大学,奨学特待生・一般選抜Ⅰ期,仙台試験場（TKPガーデンシティPREMIUM仙台西口）,宮城県仙台市青葉区花京院1-2-15,
2026/02/01,宮城県,大学,明治学院大学,一般選抜：全学部日程（学外会場）,仙台会場（TKPガーデンシティPREMIUM仙台西口）,宮城県仙台市青葉区花京院1-2-15,
2026/02/01,宮城県,大学,日本大学,N全学統一方式第1期,仙台試験場（TKPガーデンシティPREMIUM仙台西口）,宮城県仙台市青葉区花京院1-2-15ソララプラザ4階・6階,
2026/02/01,宮城県,大学,芝浦工業大学,一般選抜（前期/全学統一）,仙台会場（ショーケー本館ビル）,宮城県仙台市青葉区五橋2-11-1,
2026/02/01,宮城県,大学,神奈川工科大学,一般A日程,仙台会場（ショーケー本館ビル）宮城県仙台市青葉区五橋2丁目11番1号,宮城県仙台市青葉区五橋2丁目11番1号,
2026/02/01,宮城県,大学,ものつくり大学,一般A・学力特待・自己推薦II,宮城県地方会場,宮城県仙台市青葉区中央1-10-1,
2026/02/01,宮城県,大学,愛知大学,一般選抜（前期・各方式）,東北学院大学 土樋キャンパス,宮城県仙台市青葉区土樋一丁目3-1,
2026/02/01,宮城県,大学,獨協大学,全学科統一前期・学科別/外検+実施,仙台会場（フォレスト仙台）,宮城県仙台市青葉区柏木1丁目2-45,
2026/02/01,宮城県,大学,産業能率大学,前期3・英語4,仙台会場（大樹生命仙台本町ビル〈アジュール仙台〉4階会議室）,宮城県仙台市青葉区本町1-1-1,
2026/02/01,宮城県,大学,流通経済大学,一般選抜(3/2科目・給付・問題選択),TKP仙台西口 ビジネスセンター,宮城県仙台市青葉区本町1-5-31,
2026/02/01,宮城県,大学,東北生活文化大学,総合型Ⅰ・Ⅱ、推薦、一般A/B/C、留学生、社会人,本学キャンパス,宮城県仙台市泉区虹の丘1-18-2,
2026/02/01,石川県,大学,立命館アジア太平洋大学,スタンダード3/英語重視/共テ+英・国/後期,石川県地場産業振興センター（本館）,金沢市鞍月2-1,
2026/02/01,石川県,大学,立命館大学,一般選抜（試験地）,石川県地場産業振興センター（本館）,金沢市鞍月2-1,
2026/02/01,石川県,大学,名城大学,一般選抜 地区別会場,フレンドパーク石川,金沢市西念3-3-5,
2026/02/01,石川県,大学,愛知淑徳大学,一般選抜（前期）,金沢会場（ITビジネスプラザ武蔵）,金沢市武蔵町14-31,
2026/02/01,石川県,大学,拓殖大学,全学部統一全国選抜,金沢会場　ホテル金沢,金沢市堀川新町1-1,
2026/02/01,石川県,大学,中部大学,特別奨学生・前期A/B・共通テ+,金沢医療技術専門学校,金沢市堀川新町7-1,
2026/02/01,北海道,大学,北海道科学大学,一般選抜前期,釧路会場（道東経済センタービル）,釧路市大町1-1-1,
2026/02/01,群馬県,大学,東京都市大学,一般選抜 前期・中期,高崎会場（小野池學院）,群馬県高崎市栄町15-3,
2026/02/01,群馬県,大学,神奈川工科大学,一般A日程,高崎会場（小野池學院）,群馬県高崎市栄町15-3,
2026/02/01,群馬県,大学,日本体育大学,一般選抜A・B日程,高崎会場（エテルナ高崎）,群馬県高崎市栄町22-30 エテルナ高崎,
2026/02/01,群馬県,大学,金沢工業大学,一般試験A,大原スポーツ医療保育専門学校高崎校（大原学園高崎校）,群馬県高崎市下和田町5-3-16,
2026/02/01,群馬県,大学,専修大学,,Gメッセ群馬,群馬県高崎市岩押町12-24,
2026/02/01,群馬県,大学,日本大学,N全学統一方式第1期,高崎試験場（Gメッセ群馬）,群馬県高崎市岩押町12-24,
2026/02/01,群馬県,大学,獨協大学,全学科統一前期・学科別/外検+実施,高崎会場（Gメッセ群馬）,群馬県高崎市岩押町12-24,
2026/02/01,群馬県,大学,芝浦工業大学,一般選抜（前期/全学統一）,高崎会場（Gメッセ群馬）,群馬県高崎市岩押町12-24,
2026/02/01,群馬県,大学,千葉工業大学,A/SA・B/SB日程サテライト,高崎試験場（ビエント高崎）,群馬県高崎市問屋町2-7,
2026/02/01,群馬県,大学,流通経済大学,一般選抜(3/2科目・給付・問題選択),ビエント高崎,群馬県高崎市問屋町2-7,
2026/02/01,群馬県,大学,足利大学,一般選抜A（工学部）,高崎試験場（ビエント高崎）,群馬県高崎市問屋町2-7,
2026/02/01,群馬県,大学,帝京大学,総合型Ⅰ・一般Ⅰ,高崎試験場（ホテルグランビュー高崎）,群馬県高崎市柳川町70,
2026/02/01,福島県,大学,大東文化大学,総合型基礎・奨学金・全学統一前期/後期,郡山会場　駿優予備学校 郡山校,郡山市駅前1-12-6,
2026/02/01,福島県,大学,拓殖大学,全学部統一全国選抜,郡山会場　郡山ビューホテルアネックス,郡山市中町10-10,
2026/02/01,東京都,大学,名城大学,一般選抜 地区別会場,TKP新橋汐留カンファレンスセンター,港区東新橋1-1-16 汐留FSビル,
2026/02/01,山梨県,大学,拓殖大学,全学部統一全国選抜,甲府会場　シャトレーゼホテル談露館,甲府市丸の内1-19-16,
2026/02/01,山梨県,大学,大東文化大学,奨学金・全学統一前期/後期,甲府会場　山梨予備校 本部校舎,甲府市宝1-4-35,
2026/02/01,群馬県,大学,文教大学,全国入試,高崎会場　Gメッセ群馬,高崎市岩押町12-24,
2026/02/01,群馬県,大学,拓殖大学,全学部統一全国選抜,高崎会場　ホテルメトロポリタン高崎,高崎市八島町222,
2026/02/01,群馬県,大学,大東文化大学,総合型基礎・奨学金・全学統一前期/後期,高崎会場　ホテルグランビュー高崎,高崎市柳川町70,
2026/02/01,埼玉県,大学,東京都市大学,一般選抜 前期・中期,浦和会場（埼玉教育会館）,埼玉県さいたま市浦和区高砂3-12-24,
2026/02/01,埼玉県,大学,芝浦工業大学,一般選抜（前期/全学統一）,大宮キャンパス,埼玉県さいたま市見沼区深作307,
2026/02/01,埼玉県,大学,神奈川歯科大学,一般選抜1期 A・B日程,埼玉会場,埼玉県さいたま市大宮区宮町4-144 古賀屋SKビル3F,
2026/02/01,埼玉県,大学,産業能率大学,前期3・前期2・英語4・中期,大宮会場（駿台予備学校 大宮校）,埼玉県さいたま市大宮区桜木町1-235-3,
2026/02/01,埼玉県,大学,千葉工業大学,A/SA日程1日目サテライト,大宮試験場（ソニックシティビル）,埼玉県さいたま市大宮区桜木町1-7-5,
2026/02/01,埼玉県,大学,足利大学,一般選抜A（工学部）,大宮試験場（マロウドイン大宮）,埼玉県さいたま市大宮区桜木町2-173,
2026/02/01,埼玉県,大学,金沢工業大学,一般試験A,JA共済埼玉ビルディング株式会社,埼玉県さいたま市大宮区土手町1-2,
2026/02/01,埼玉県,大学,北里大学,健康科学部 一般 前期・後期,JA共済埼玉ビル,埼玉県さいたま市大宮区土手町1丁目2番地,
2026/02/01,埼玉県,大学,文教大学,全国/文理2/A/C日程,越谷キャンパス,埼玉県越谷市南荻島3337,
2026/02/01,埼玉県,大学,立正大学,一般選抜R方式・2月前期・後期・3月,熊谷キャンパス,埼玉県熊谷市万吉1700,
2026/02/01,埼玉県,大学,ものつくり大学,一般A/B/C・小論文面接・自己推薦,ものつくり大学（本学キャンパス）,埼玉県行田市前谷333番地,
2026/02/01,埼玉県,大学,日本栄養大学,総合1-3期・一般1-2期・社会人・私費,坂戸キャンパス,埼玉県坂戸市千代田3-9-21,
2026/02/01,埼玉県,大学,獨協大学,全学科統一前期/後期・学科別/外検+,本学キャンパス,埼玉県草加市学園町1-1,
2026/02/01,埼玉県,大学,東京電機大学,一般選抜 前期/英語外部/情報系外部/後期,埼玉鳩山キャンパス,埼玉県比企郡鳩山町石坂,
2026/02/01,北海道,大学,立命館大学,一般選抜（試験地）,TKPガーデンシティPREMIUM札幌大通,札幌市中央区南1条西1丁目8番地2 高桑ビル5F 〜7F,
2026/02/01,北海道,大学,立命館アジア太平洋大学,スタンダード3,TKPガーデンシティPREMIUM 札幌大通,札幌市中央区南1条西1丁目8番地2 高桑ビル5F〜7F,
2026/02/01,北海道,大学,大東文化大学,奨学金・全学統一前期/後期,札幌会場　北農健保会館,札幌市中央区北 4 条西7丁目1-4,
2026/02/01,北海道,大学,拓殖大学,全学部統一全国選抜,札幌会場　札幌ガーデンパレス,札幌市中央区北1条西6丁目3-1,
2026/02/01,北海道,大学,名城大学,一般選抜 地区別会場,札幌国際ビル,札幌市中央区北4条西4-1,
2026/02/01,北海道,大学,文教大学,全国入試,札幌会場　北農健保会館,札幌市中央区北4条西7-1-4,
2026/02/01,三重県,大学,藤田医科大学,医療科:前期A／看護:前期A,四日市会場,三重県四日市市安島1-3-38,
2026/02/01,三重県,大学,愛知大学,一般選抜（前期・各方式）,秀英予備校四日市校,三重県四日市市鵜の森1丁目4番1号,
2026/02/01,三重県,大学,名古屋学院大学,一般入試(前期),四日市会場（SYNTHビジネスセンター近鉄四日市）,三重県四日市市諏訪栄町7-34 四日市近鉄ビル7階,
2026/02/01,三重県,大学,大阪産業大学,一般前期A/B/C,アスト津 4階,三重県津市羽所町700番地 アストプラザ,
2026/02/01,三重県,大学,名古屋葵大学,一般選抜I期,津会場（三重県教育文化会館）,三重県津市桜橋2-142,
2026/02/01,三重県,大学,愛知大学,一般選抜（前期・各方式）,三重県教育文化会館,三重県津市桜橋2-142,
2026/02/01,三重県,大学,関西学院大学,全学部日程のみ,プラザ洞津,三重県津市新町1丁目6-28,
2026/02/01,三重県,大学,金沢工業大学,一般試験A,三重電気会館,三重県津市垂水字焼尾2612-93,
2026/02/01,山形県,大学,東北学院大学,一般選抜前期A日程,大手門パルズ,山形県山形市木の実町12-37,
2026/02/01,山形県,大学,金沢工業大学,一般試験A,食糧会館,山形県山形市旅篭町3-1-4,
2026/02/01,山形県,大学,東北学院大学,一般選抜前期A日程,東京第一ホテル鶴岡,山形県鶴岡市錦町2-10,
2026/02/01,山梨県,大学,専修大学,,秀英予備学校 山梨本部校,山梨県甲府市丸の内2-15-12,
2026/02/01,山梨県,大学,山梨学院大学,一般選抜（個別）前期・後期、ILA本学,本学会場（山梨学院大学）,山梨県甲府市酒折2-4-5,
2026/02/01,山梨県,大学,千葉工業大学,A/SA・B/SB日程サテライト,甲府試験場（甲斐大学予備校）,山梨県甲府市武田1-2-20,
2026/02/01,山梨県,大学,神奈川工科大学,一般A日程,甲府会場（甲斐大学予備校　北館）,山梨県甲府市武田1丁目3番27号,
2026/02/01,山梨県,大学,帝京大学,総合型Ⅰ・奨学特待・一般Ⅰ,甲府試験場（帝京山梨看護専門学校）,山梨県甲府市北口2-15-4,
2026/02/01,三重県,大学,愛知淑徳大学,一般選抜（前期）,四日市会場（じばさん）,四日市市安島1-3-18,
2026/02/01,秋田県,大学,東北学院大学,一般選抜前期A日程,秋田県総合保健センター,秋田県秋田市千秋久保田町6-6,
2026/02/01,秋田県,大学,青森大学,一般選抜I期・II期,秋田会場（秋田県総合保健センター）,秋田県秋田市千秋久保田町6-6,
2026/02/01,秋田県,大学,青森大学,一般選抜I期・II期,大館会場（ほくしか鹿鳴ホール（大館文化会館））,秋田県大館市桜町南45-1,
2026/02/01,長野県,大学,愛知淑徳大学,一般選抜（前期）,松本会場（ホテルモンターニュ松本）,松本市巾上3-2,
2026/02/01,長野県,大学,名城大学,一般選抜 地区別会場,松本市駅前会館　松本市歯科医師会館,松本市深志2-3-21,
2026/02/01,長野県,大学,山梨学院大学,一般選抜（個別）前期（松本）,松本会場　信州予備学校,松本市深志2-4-1,
2026/02/01,長野県,大学,中部大学,前期A/B・共通テ+,キッセイ文化ホール,松本市水汲69-2,
2026/02/01,長野県,大学,大東文化大学,全学統一前期,松本会場　松本商工会議所,松本市中央1-23-1,
2026/02/01,新潟県,大学,長岡大学,一般選抜1期,ホテル センチュリー イカヤ（上越市会場）,新潟県上越市中央1-2-7,
2026/02/01,新潟県,大学,千葉工業大学,A/SA・B/SB日程サテライト,新潟試験場（GARESSO HALL）,新潟県新潟市中央区花園1-2-2 コープシティ花園「ガレッソ」4階,
2026/02/01,新潟県,大学,長岡大学,一般選抜1・2期,アートホテル新潟駅前（新潟市会場）,新潟県新潟市中央区笹口1-1,
2026/02/01,新潟県,大学,日本栄養大学,総合2期・一般1期,新潟会場,新潟県新潟市中央区笹口2-9-41,
2026/02/01,新潟県,大学,神奈川工科大学,一般A日程,新潟会場（NINNO3会議室）,新潟県新潟市中央区天神1--1 プラーカ3 B1F,
2026/02/01,新潟県,国家試験,日本歯科大学 新潟生命歯学部,歯科医師,,新潟県新潟市中央区浜浦町1-8,
2026/02/01,新潟県,大学,仁愛大学,一般前期・スカラ等,ホテルグローバルビュー新潟,新潟県新潟市中央区弁天1-2-4,
2026/02/01,新潟県,大学,東京都市大学,一般選抜 前期・中期,新潟会場（代々木ゼミナール新潟校）,新潟県新潟市中央区弁天1-4-18,
2026/02/01,新潟県,大学,獨協大学,全学科統一前期・学科別/外検+実施,新潟会場（代々木ゼミナール新潟校）,新潟県新潟市中央区弁天1-4-18,
2026/02/01,新潟県,大学,北里大学,健康科学部 一般前期,新潟法律大学校,新潟県新潟市中央区弁天2-4-21,
2026/02/01,新潟県,大学,北陸大学,一般選抜A日程,新潟法律大学校,新潟県新潟市中央区弁天2-4-21,
2026/02/01,新潟県,大学,新潟産業大学,一般選抜 前期,新潟会場（新潟公務員法律専門学校）,新潟県新潟市中央区弁天2-4-21,
2026/02/01,新潟県,大学,金沢工業大学,一般A/自己推薦,新潟公務員専門学校,新潟県新潟市中央区弁天2-4-21,
2026/02/01,新潟県,大学,帝京大学,一般選抜Ⅰ期,新潟試験場（新潟・万代シルバーホテル）,新潟県新潟市中央区万代1-3-30,
2026/02/01,新潟県,大学,専修大学,,朱鷺メッセ 新潟コンベンションセンター,新潟県新潟市中央区万代島6-1,
2026/02/01,新潟県,大学,日本大学,N全学統一方式第1期,新潟試験場（朱鷺メッセ　新潟コンベンションセンター）,新潟県新潟市中央区万代島6-1,
2026/02/01,新潟県,大学,長岡大学,総合型/推薦/一般/社会人/編入/留学生,本学（長岡大学）,新潟県長岡市御山町80番地8,
2026/02/01,新潟県,大学,新潟産業大学,一般前期/後期・総合型(第4-6),柏崎会場（新潟産業大学）,新潟県柏崎市軽井川4730番地,
2026/02/01,新潟県,大学,文教大学,全国入試,新潟会場 新潟市民プラザ,新潟市中央区西堀通6-866,
2026/02/01,新潟県,大学,拓殖大学,全学部統一全国選抜,新潟会場　万代シルバーホテル,新潟市中央区万代1-3-30,
2026/02/01,新潟県,大学,大東文化大学,総合型基礎・奨学金・全学統一前期/後期,新潟会場　朱鷺メッセ,新潟市中央区万代島6-1,
2026/02/01,神奈川県,大学,産業能率大学,一般選抜全日程（未来構想含む）,湘南キャンパス,神奈川県伊勢原市上粕屋1573,
2026/02/01,神奈川県,大学,神奈川歯科大学,総合型・推薦・一般（1〜3期）,本学校舎（横須賀）,神奈川県横須賀市稲岡町82,
2026/02/01,神奈川県,大学,明治学院大学,一般選抜：全学部日程・A日程,横浜キャンパス,神奈川県横浜市戸塚区上倉田町1518,
2026/02/01,神奈川県,大学,産業能率大学,前期3のみ,横浜会場（駿台予備学校 横浜校 1号館）,神奈川県横浜市神奈川区鶴屋町2-23-7,
2026/02/01,神奈川県,大学,芝浦工業大学,一般選抜（前期/全学統一）,横浜会場（神奈川大学横浜キャンパス）,神奈川県横浜市神奈川区六角橋3-27-1,
2026/02/01,神奈川県,大学,帝京大学,奨学特待生・一般選抜Ⅰ期,横浜試験場（TKPガーデンシティPREMIUMみなとみらい）,神奈川県横浜市西区みなとみらい3-6-3,
2026/02/01,神奈川県,大学,日本大学,N全学統一方式第1期,横浜試験場（TKPガーデンシティPREMIUMみなとみらい）,神奈川県横浜市西区みなとみらい3-6-3,
2026/02/01,神奈川県,大学,神奈川工科大学,一般A日程,横浜会場（ビジョンセンター横浜）,神奈川県横浜市西区北幸2-5-15,
2026/02/01,神奈川県,大学,千葉工業大学,A/SA・B/SB日程サテライト,横浜試験場（AP横浜）,神奈川県横浜市西区北幸2-6-1 ONEST横浜西口ビル6階,
2026/02/01,神奈川県,大学,横浜商科大学,一般選抜A・B・C日程,つるみキャンパス,神奈川県横浜市鶴見区東寺尾4-11-1,
2026/02/01,神奈川県,大学,東京都市大学,一般選抜 前期・中期／予備試験場,予備試験場（横浜キャンパス）,神奈川県横浜市都筑区牛久保西3-3-1,
2026/02/01,神奈川県,大学,神奈川工科大学,一般A・B、総合型・推薦、GD,本学会場（神奈川工科大学）,神奈川県厚木市下荻野1030,
2026/02/01,神奈川県,大学,東京都市大学,一般選抜 前期のみ,小田原会場（報徳会館）,神奈川県小田原市城内8-10,
2026/02/01,神奈川県,大学,専修大学,E方式等 一部方式限定,専修大学 生田キャンパス,神奈川県川崎市多摩区東三田2-1-1,
2026/02/01,神奈川県,大学,日本大学,N全学統一方式第1期・第2期,湘南試験場（生物資源科学部校舎）,神奈川県藤沢市亀井野1866,
2026/02/01,神奈川県,大学,東京都市大学,一般選抜 前期・中期,藤沢会場（藤沢商工会議所）,神奈川県藤沢市藤沢607-1 藤沢商工会館ミナパーク,
2026/02/01,茨城県,大学,拓殖大学,全学部統一全国選抜,水戸会場　ホテルレイクビュー水戸,水戸市宮町1丁目6-1,
2026/02/01,茨城県,大学,文教大学,全国入試,水戸会場　水戸駿優予備学校,水戸市三の丸1-1-42,
2026/02/01,茨城県,大学,大東文化大学,総合型基礎・奨学金・全学統一前期/後期,水戸会場　中央ビル,水戸市泉町2-3-2,
2026/02/01,岩手県,大学,大東文化大学,全学統一前期,北東北会場（盛岡）　ホテルメトロポリタン盛岡,盛岡市盛岡駅前通1-44,
2026/02/01,岩手県,大学,北海道科学大学,一般選抜前期,盛岡会場（ホテルメトロポリタン盛岡 NEW WING）,盛岡市盛岡駅前北通2番27号,
2026/02/01,青森県,大学,青森大学,一般選抜I期・II期・III期,むつ会場（青森大学むつキャンパス）,青森県むつ市金谷1-10-1 下北文化会館2F,
2026/02/01,青森県,大学,青森大学,一般選抜I期・II期,弘前会場（ヘアーアーチスト専門学校）,青森県弘前市表町6-4,
2026/02/01,青森県,大学,東北学院大学,一般選抜前期A日程,アスパム（青森県観光物産館）,青森県青森市安方一丁目1-40,
2026/02/01,青森県,大学,青森大学,一般選抜I期・II期・III期,青森会場（青森大学青森キャンパス）,青森県青森市幸畑2-3-1,
2026/02/01,青森県,大学,東北学院大学,一般選抜前期A日程,ユートリー,青森県八戸市一番町一丁目9-22,
2026/02/01,青森県,大学,青森大学,一般選抜I期・II期,八戸会場（八戸ユートリー）,青森県八戸市一番町一丁目9番地22,
2026/02/01,青森県,大学,北海道科学大学,一般選抜前期,青森会場（ウェディングプラザアラスカ）,青森市新町1丁目11-22,
2026/02/01,静岡県,大学,日本大学,N全学統一方式第1期,三島試験場（国際関係学部三島駅北口校舎）,静岡県三島市文教町1-9-18,
2026/02/01,静岡県,大学,流通経済大学,一般選抜(3/2科目・給付・問題選択),沼津リバーサイドホテル,静岡県沼津市上土町100-1,
2026/02/01,静岡県,大学,静岡理工科大学,公募制給費/一般前期A・B,沼津会場（沼津情報・ビジネス専門学校）,静岡県沼津市西条町17-1,
2026/02/01,静岡県,大学,神奈川工科大学,一般A日程,沼津会場（プラザ　ヴェルデ）,静岡県沼津市大手町1-1-4,
2026/02/01,静岡県,大学,静岡理工科大学,一般前期A・B,静岡会場（静岡産業技術専門学校）,静岡県静岡市葵区宮前町110-11,
2026/02/01,静岡県,大学,横浜商科大学,一般選抜A・B日程,静岡会場,静岡県静岡市葵区呉服町2-3-1,
2026/02/01,静岡県,大学,ものつくり大学,一般A・学力特待・自己推薦II,静岡県地方会場,静岡県静岡市葵区御幸町11-8,
2026/02/01,静岡県,大学,愛知大学,一般選抜（前期・各方式）,レイアップ御幸町ビル,静岡県静岡市葵区御幸町11-8,
2026/02/01,静岡県,大学,関西学院大学,全学部日程のみ,静岡商工会議所 静岡事務所,静岡県静岡市葵区黒金町20-8,
2026/02/01,静岡県,大学,日本栄養大学,総合2期・一般1期,静岡会場,静岡県静岡市葵区黒金町49,
2026/02/01,静岡県,大学,千葉工業大学,A/SA・B/SB日程サテライト,静岡試験場（秀英予備校 静岡本部校1号館）,静岡県静岡市葵区鷹匠2-7-1,
2026/02/01,静岡県,大学,東京都市大学,一般選抜 前期・中期,静岡会場（秀英予備校 静岡本部）,静岡県静岡市葵区鷹匠2-7-1,
2026/02/01,静岡県,大学,産業能率大学,前期3のみ,静岡会場（秀英予備校 静岡校1号館）,静岡県静岡市葵区鷹匠2-7-1,
2026/02/01,静岡県,大学,関西大学,,もくせい会館,静岡県静岡市葵区鷹匠3丁目6-1 もくせい会館,
2026/02/01,静岡県,大学,明治学院大学,一般選抜：全学部日程（学外会場）,静岡会場（学校法人名古屋大原学園 静岡キャンパス）,静岡県静岡市葵区柚木103-1,
2026/02/01,静岡県,大学,獨協大学,全学科統一前期・学科別/外検+実施,静岡会場（ツインメッセ静岡）,静岡県静岡市駿河区曲金3-1-10,
2026/02/01,静岡県,大学,専修大学,,グランシップ（静岡県コンベンションアーツセンター）,静岡県静岡市駿河区東静岡2-3-1,
2026/02/01,静岡県,大学,芝浦工業大学,一般選抜（前期/全学統一）,静岡会場（グランシップ）,静岡県静岡市駿河区東静岡2-3-1,
2026/02/01,静岡県,大学,帝京大学,一般選抜Ⅰ期,静岡試験場（ホテルグランヒルズ静岡）,静岡県静岡市駿河区南町18-1,
2026/02/01,静岡県,大学,神奈川工科大学,一般A日程,静岡会場（静岡学園なごみ高等学校）,静岡県静岡市駿河区八幡1-1-1,
2026/02/01,静岡県,大学,金沢工業大学,一般試験A・B,学校法人第三静岡学園 静岡学園なごみ高等学校,静岡県静岡市駿河区八幡1-1-1,
2026/02/01,静岡県,大学,静岡理工科大学,公募制給費/一般前期A・B/後期A・B,本学会場（静岡理工科大学）,静岡県袋井市豊沢2200-2,
2026/02/01,静岡県,大学,名古屋葵大学,総合型I期・一般選抜I期,浜松会場（遠鉄百貨店新館）,静岡県浜松市中央区旭町12-1,
2026/02/01,静岡県,大学,中京学院大学,一般選抜 前期（併願）,浜松会場,静岡県浜松市中央区鍛冶町1-2,
2026/02/01,静岡県,大学,中京学院大学,一般選抜（地方会場）,浜松会場,静岡県浜松市中央区鍛冶町1-2,
2026/02/01,静岡県,大学,愛知大学,一般選抜（前期・各方式）,浜松労政会館（浜松商工会議所会館7階）,静岡県浜松市中央区東伊場2-7-1,
2026/02/01,静岡県,大学,愛知大学,一般選抜（前期・各方式）,浜松商工会議所会館,静岡県浜松市中央区東伊場2-7-1,
2026/02/01,静岡県,大学,藤田医科大学,医療科:前期A／看護:前期A,浜松会場,静岡県浜松市中央区板屋町110-17,
2026/02/01,静岡県,大学,関西学院大学,全学部日程のみ,アクトシティ浜松（コングレスセンター）,静岡県浜松市中央区板屋町111-1,
2026/02/01,静岡県,大学,名古屋学院大学,一般入試(前期),浜松会場（浜松市福祉交流センター）,静岡県浜松市中区成子町140-8,
2026/02/01,静岡県,大学,文教大学,全国入試,静岡会場 静岡労政会館,静岡市葵区黒金町5-1,
2026/02/01,静岡県,大学,拓殖大学,全学部統一全国選抜,静岡会場　ホテルアソシア静岡,静岡市葵区黒金町56,
2026/02/01,静岡県,大学,立命館アジア太平洋大学,スタンダード3/英語重視/共テ+英・国,クーポール会館,静岡市葵区紺屋町2-2,
2026/02/01,静岡県,大学,立命館大学,一般選抜（試験地）,クーポール会館,静岡市葵区紺屋町2-2,
2026/02/01,静岡県,大学,名城大学,一般選抜 地区別会場,秀英予備校　静岡校,静岡市葵区鷹匠2-7-1,
2026/02/01,静岡県,大学,名城大学,一般選抜 地区別会場,学校法人名古屋大原学園静岡校,静岡市葵区柚木103-1,
2026/02/01,静岡県,大学,山梨学院大学,一般選抜（個別）前期,静岡会場　グランシップ,静岡市駿河区東静岡2-3-1,
2026/02/01,静岡県,大学,中部大学,特別奨学生・前期A/B・共通テ+,静岡学園なごみ高等学校,静岡市駿河区八幡1-1-1,
2026/02/01,静岡県,大学,大東文化大学,奨学金・全学統一前期/後期,静岡会場　静岡学園なごみ高等学校,静岡市駿河区八幡1-1-1,
2026/02/01,石川県,大学,仁愛大学,一般前期・スカラ等、後期,中日新聞社 北陸本社,石川県金沢市駅西本町2-12-30,
2026/02/01,石川県,大学,大阪商業大学,一般入試 前期,大原ビジネス公務員専門学校 金沢校,石川県金沢市広岡1-1-15,
2026/02/01,石川県,大学,東京都市大学,一般選抜 前期のみ,金沢会場（大原簿記法律観光専門学校金沢校）,石川県金沢市広岡1-1-15,
2026/02/01,石川県,大学,関西学院大学,全日程（一般/個別/英数/共通併用）,大原簿記法律観光専門学校 金沢校,石川県金沢市広岡1-1-15,
2026/02/01,石川県,大学,京都先端科学大学,公募推薦B、一般A(2/1),石川県教育会館,石川県金沢市香林坊1丁目2-40,
2026/02/01,石川県,大学,関西大学,,金沢文化ホール,石川県金沢市高岡町15-1,
2026/02/01,石川県,大学,大阪経済法科大学,一般前期A/B,TKP金沢カンファレンスセンター,石川県金沢市上堤町1-33 アパ金沢ビル6～9階,
2026/02/01,石川県,大学,北陸大学,総合型・推薦・一般A/Bの本学会場,北陸大学 太陽が丘キャンパス,石川県金沢市太陽が丘1-1,
2026/02/01,石川県,大学,関西福祉科学大学,一般選抜A,ホテル金沢 兼六荘,石川県金沢市尾山町6-40,
2026/02/01,石川県,大学,大阪産業大学,一般前期A/B/C,金沢商工会議所,石川県金沢市尾山町9-13,
2026/02/01,石川県,大学,専修大学,,ホテル金沢,石川県金沢市堀川新町1-1,
2026/02/01,石川県,大学,藤田医科大学,医療科:前期A／看護:前期A,金沢会場,石川県金沢市堀川新町1-1,
2026/02/01,石川県,大学,芝浦工業大学,一般選抜（前期/全学統一）,金沢会場（TKP新幹線口会議室）,石川県金沢市堀川新町2-1 井門金沢ビル,
2026/02/01,石川県,大学,姫路大学,一般選抜A日程,金沢会場,石川県金沢市堀川新町7-1,
2026/02/01,石川県,大学,愛知大学,一般選抜（前期・各方式）,金沢医療技術専門学校,石川県金沢市堀川新町7-1,
2026/02/01,石川県,大学,金城大学,総合型・推薦・一般（後期含む）,本学会場（笠間キャンパス）,石川県白山市笠間町1200番地,
2026/02/01,石川県,大学,金沢工業大学,一般A・B/総合・自己推薦,金沢工業大学,石川県野々市市扇が丘7-1,
2026/02/01,宮城県,大学,名城大学,一般選抜 地区別会場,エスポールみやぎ,仙台市宮城野区幸町4-5-1,
2026/02/01,宮城県,大学,大東文化大学,奨学金・全学統一前期/後期,仙台会場　東北福祉大学仙台駅東口キャンパス,仙台市宮城野区榴岡2-5-26,
2026/02/01,宮城県,大学,拓殖大学,全学部統一全国選抜,仙台会場　仙台ガーデンパレス,仙台市宮城野区榴岡四丁目1-5,
2026/02/01,宮城県,大学,立命館アジア太平洋大学,スタンダード3,ハーネル仙台,仙台市青葉区本町2-12-7,
2026/02/01,宮城県,大学,立命館大学,一般選抜（試験地）,ハーネル仙台,仙台市青葉区本町2-12-7,
2026/02/01,宮城県,大学,文教大学,全国入試,仙台会場　仙台商工会議所,仙台市青葉区本町2-16-12,
2026/02/01,東京都,大学,立命館アジア太平洋大学,スタンダード3/後期,大手町プレイス ホール＆カンファレンス,千代田区大手町2-3-1 大手町プレイス（イーストタワー）1F/2F,
2026/02/01,東京都,大学,立命館大学,一般選抜（試験地）,大手町プレイスホール＆カンファレンス,千代田区大手町2-3-1 大手町プレイス（イーストタワー）1F/2F,
2026/02/01,千葉県,大学,三育学院大学,推薦・総合型Ⅱ期・一般Ⅰ期の会場,三育学院大学 大多喜キャンパス,千葉県夷隅郡大多喜町久我原1500,
2026/02/01,千葉県,大学,千葉工業大学,本学試験場（津田沼超過時）,新習志野キャンパス,千葉県習志野市芝園2-1-1,
2026/02/01,千葉県,大学,日本大学,N全学統一方式第1期・第2期,千葉試験場（生産工学部津田沼校舎）,千葉県習志野市泉町1-2-1,
2026/02/01,千葉県,大学,産業能率大学,前期3・英語4,津田沼会場（河合塾 津田沼校）,千葉県習志野市谷津1-15-33,
2026/02/01,千葉県,大学,千葉工業大学,A/SA/B/SB/C日程 本学試験場,津田沼キャンパス,千葉県習志野市津田沼2-17-1,
2026/02/01,千葉県,大学,流通経済大学,一般選抜(3/2科目・給付・問題選択・小論文),流通経済大学 新松戸キャンパス1号館 試験場,千葉県松戸市新松戸3-2-1,
2026/02/01,千葉県,大学,国際医療福祉大学,医学部 一般選抜一次・二次,成田試験場（国際医療福祉大学 成田キャンパス）,千葉県成田市公津の杜4-3,
2026/02/01,千葉県,大学,東京都市大学,一般選抜 前期・中期,千葉会場（ペリエホール）,千葉県千葉市中央区新千葉1-1-1 ペリエ千葉7F,
2026/02/01,千葉県,大学,帝京大学,一般選抜Ⅰ期,千葉試験場（TKPガーデンシティ千葉）,千葉県千葉市中央区問屋町1-45,
2026/02/01,千葉県,大学,芝浦工業大学,一般選抜（前期/全学統一）,千葉会場（TKPガーデンシティ千葉）,千葉県千葉市中央区問屋町1-45千葉ポートスクエア内,
2026/02/01,千葉県,大学,獨協大学,全学科統一前期・学科別/外検+実施,千葉会場（幕張メッセ国際会議場）,千葉県千葉市美浜区中瀬2-1,
2026/02/01,千葉県,大学,帝京大学,一般選抜Ⅰ期,柏試験場（柏の葉カンファレンスセンター）,千葉県柏市若柴178-4,
2026/02/01,千葉県,大学,大東文化大学,総合型基礎・奨学金・全学統一前期/後期,千葉会場　千葉商工会議所,千葉市中央区中央2-5-1 千葉中央ツインビル2号館,
2026/02/01,千葉県,大学,東京電機大学,一般選抜 前期/英語外部/情報系外部,TKPガーデンシティ千葉,千葉市中央区問屋町1-45 千葉ポートスクエア内,
2026/02/01,千葉県,大学,文教大学,全国入試,千葉会場 幕張メッセ国際会議場,千葉市美浜区中瀬2-1,
2026/02/01,神奈川県,大学,東京電機大学,一般選抜 前期/英語外部/情報系外部,川崎市コンベンションホール,川崎市中原区小杉町2丁目276番地1,
2026/02/01,北海道,大学,北海道科学大学,一般選抜前期,帯広会場（帯広経済センタービル（帯広商工会議所））,帯広市西3条南9丁目23番地,
2026/02/01,新潟県,大学,大東文化大学,全学統一前期,長岡会場　長岡商工会議所,長岡市表町3丁目1-8 リナシエビル3,
2026/02/01,長野県,大学,愛知大学,一般選抜（前期・各方式）,松本商工会館,長野県松本市中央1-23-1,
2026/02/01,長野県,大学,文教大学,全国入試,松本会場 松本市中央公民館,長野県松本市中央1丁目18-1,
2026/02/01,長野県,大学,北陸大学,一般選抜A日程,信濃教育会館,長野県長野市旭町1098,
2026/02/01,長野県,大学,金城大学,一般選抜のみ（2/1）,長野会場（長野県教育会館）,長野県長野市旭町1098,
2026/02/01,長野県,大学,明治学院大学,一般選抜：全学部日程（学外会場）,長野会場（長野ターミナル会館）,長野県長野市岡田町178-2,
2026/02/01,長野県,大学,日本栄養大学,総合2期・一般1期,長野会場,長野県長野市岡田町96-5,
2026/02/01,長野県,大学,新潟産業大学,一般選抜 前期,長野会場（長野県高校会館Rinks593）,長野県長野市県町593,
2026/02/01,長野県,大学,日本大学,N全学統一方式第1期,長野試験場（シャトレーゼホテル長野）,長野県長野市七瀬1-1,
2026/02/01,長野県,大学,北里大学,健康科学部 一般前期,長野市生涯学習センター（TOiGO WEST）,長野県長野市大字鶴賀問御所町1271-3,
2026/02/01,長野県,大学,千葉工業大学,A/SA日程サテライト,長野試験場（JA長野県ビル アクティーホール）,長野県長野市大字南長野北石堂町1177-3,
2026/02/01,長野県,大学,産業能率大学,前期3のみ,長野会場（JA長野県ビル）,長野県長野市大字南長野北石堂町1177-3,
2026/02/01,長野県,大学,専修大学,,ホテル信濃路,長野県長野市中御所岡田町131-4,
2026/02/01,長野県,大学,東京都市大学,一般選抜 前期・中期,長野会場（ホテル信濃路）,長野県長野市中御所岡田町131-4,
2026/02/01,長野県,大学,帝京大学,奨学特待生・一般選抜Ⅰ期,長野試験場（長野ターミナル会館）,長野県長野市中御所岡田町178-2,
2026/02/01,長野県,大学,大東文化大学,総合型基礎・奨学金・全学統一前期/後期,長野会場　長野県教育会館,長野県長野市長野1098,
2026/02/01,長野県,大学,獨協大学,全学科統一前期・学科別/外検+実施,長野会場（信学会長野予備学校）,長野県長野市北石堂町1022,
2026/02/01,長野県,大学,神奈川工科大学,一般A日程,長野会場（信学会駿台提携長野予備学校）,長野県長野市北石堂町1022,
2026/02/01,長野県,大学,金沢工業大学,一般試験A・B,信学会 長野予備学校,長野県長野市北石堂町1022,
2026/02/01,長野県,大学,ものつくり大学,一般A・学力特待・自己推薦II,長野県地方会場,長野県長野市末広町1356,
2026/02/01,長野県,大学,藤田医科大学,看護:前期A,長野会場,長野県飯田市錦町1-10,
2026/02/01,長野県,大学,中京学院大学,一般選抜 前期（併願）,飯田会場,長野県飯田市座光寺3349-1,
2026/02/01,長野県,大学,中京学院大学,一般選抜（地方会場）,飯田会場,長野県飯田市座光寺3349-1,
2026/02/01,長野県,大学,愛知大学,一般選抜（前期・各方式）,飯田短期大学,長野県飯田市松尾代田610,
2026/02/01,長野県,大学,山梨学院大学,一般選抜（個別）前期,長野会場　長野市生涯学習センター,長野市大字鶴賀問御所町1271-3,
2026/02/01,長野県,大学,拓殖大学,全学部統一全国選抜,長野会場　ホテルJALシティ長野,長野市問御所町1221,
2026/02/01,三重県,大学,名城大学,一般選抜 地区別会場,津第一ビル,津市羽所町345,
2026/02/01,三重県,大学,名城大学,一般選抜 地区別会場,ホテルグリーンパーク津,津市羽所町700,
2026/02/01,三重県,大学,名城大学,一般選抜 地区別会場,津商工会館,津市丸之内29-14,
2026/02/01,三重県,大学,立命館アジア太平洋大学,スタンダード3,メッセウイングNHW（津市産業・スポーツセンター）,津市北河路町19-1,
2026/02/01,三重県,大学,立命館大学,一般選抜（試験地）,メッセウイングNHW（津市産業・スポーツセンター）,津市北河路町19-1,
2026/02/01,東京都,大学,青森大学,一般選抜I期・II期・III期,東京会場（青森大学東京キャンパス）,東京都江戸川区清新町2-10-1,
2026/02/01,東京都,大学,芝浦工業大学,一般選抜（前期/全学統一）,豊洲キャンパス,東京都江東区豊洲3-7-5,
2026/02/01,東京都,大学,吉備国際大学,一般前期AⅠ/AⅡ/B/C,東京会場（TKP品川カンファレンスセンター）,東京都港区高輪3-25-23,
2026/02/01,東京都,大学,北陸大学,一般選抜A日程,TKP品川カンファレンスセンター,東京都港区高輪3-25-23 京急第2ビル,
2026/02/01,東京都,大学,九州医療科学大学,一般選抜前期,TKP品川カンファレンスセンター,東京都港区高輪3丁目25番23号 京急第2ビル,
2026/02/01,東京都,大学,中部大学,特別奨学生・前期A/B・共通テ+,AP新橋,東京都港区新橋1-12-9,
2026/02/01,東京都,大学,藤田医科大学,医:一般一次／医療科:前期A／看護:前期A,東京会場,東京都港区新橋1-12-9,
2026/02/01,東京都,大学,国際医療福祉大学,医学部 一般選抜一次・二次,東京試験場①（東京赤坂キャンパス）,東京都港区赤坂4-1-26,
2026/02/01,東京都,大学,北里大学,薬学部,白金キャンパス,東京都港区白金5-9-1,
2026/02/01,東京都,大学,明治学院大学,一般選抜：全学部日程・A日程・B日程,白金キャンパス,東京都港区白金台1-2-37,
2026/02/01,東京都,大学,聖心女子大学,AO/探究/英外/一般3教科/総合小論,本学キャンパス,東京都渋谷区広尾4-3-1,
2026/02/01,東京都,大学,関西学院大学,全日程（一般/個別/英数/共通併用）,代々木ゼミナール本部校 代ゼミタワー,東京都渋谷区代々木2-25-7,
2026/02/01,東京都,国家試験,実践女子大学 渋谷キャンパス,歯科医師,,東京都渋谷区東1-1-49,
2026/02/01,東京都,大学,山梨学院大学,一般選抜（個別）前期・一部2/6,東京会場　TKP飯田橋ビジネスセンター,東京都新宿区西五軒町3-2,
2026/02/01,東京都,大学,東京女子医科大学,医学部 一般選抜 第1次（学科）,京王プラザホテル（東京会場）,東京都新宿区西新宿2-2-1,
2026/02/01,東京都,大学,獨協大学,全学科統一前期・学科別/外検+実施,新宿会場（ベルサール新宿グランド）,東京都新宿区西新宿8丁目17-3,
2026/02/01,東京都,大学,三育学院大学,総合型・推薦・一般選抜の会場,三育学院大学 東京校舎,東京都杉並区天沼3-17-15,
2026/02/01,東京都,大学,東京都市大学,一般選抜 前期(2/1-2/3)・中期,本学会場（世田谷キャンパス）,東京都世田谷区玉堤1-28-1,
2026/02/01,東京都,大学,日本体育大学,一般選抜A・B日程,本学会場（東京・世田谷キャンパス）,東京都世田谷区深沢7-1-1,
2026/02/01,東京都,大学,産業能率大学,一般選抜全日程（未来構想含む）,自由が丘キャンパス,東京都世田谷区等々力6-39-15,
2026/02/01,東京都,大学,共立女子大学,全学統一/2月前期A・B/後期,神田一橋キャンパス,東京都千代田区一ツ橋2-2-1,
2026/02/01,東京都,大学,東京都市大学,一般選抜 前期のみ,秋葉原会場（UDXカンファレンス）,東京都千代田区外神田4-14-1 秋葉原UDX 6F,
2026/02/01,東京都,大学,大阪観光大学,総合型・推薦・一般・編入など,東京会場,東京都千代田区丸の内1-1-3,
2026/02/01,東京都,大学,花園大学,一般選抜A/B/C/D日程,東京会場,東京都千代田区丸の内1-1-3 日本生命丸の内ガーデンタワー3F,
2026/02/01,東京都,大学,獨協大学,全学科統一前期・学科別/外検+実施,東京会場（サピアタワー）,東京都千代田区丸の内1丁目7-12,
2026/02/01,東京都,大学,産業能率大学,前期3・前期2・英語4・中期,秋葉原会場（河合塾 秋葉原館）,東京都千代田区岩本町3-11-11 プルータスビル3階,
2026/02/01,東京都,大学,日本大学,N全学統一方式第1期・第2期,東京試験場,東京都千代田区九段南4-8-24,
2026/02/01,東京都,大学,四国大学,一般入試Ⅰ期,アルカディア市ヶ谷（私学会館）,東京都千代田区九段北4-2-25,
2026/02/01,東京都,大学,東京家政学院大学,一般選抜ほか各選抜会場,千代田三番町キャンパス,東京都千代田区三番町22番地,
2026/02/01,東京都,大学,二松学舎大学,一般選抜S/A/B/E/G・D方式,九段キャンパス,東京都千代田区三番町6-16,
2026/02/01,東京都,大学,金沢工業大学,一般試験A・B,駿台予備学校お茶の水校1号館,東京都千代田区神田駿河台2-12,
2026/02/01,東京都,大学,専修大学,前期 学部個別ほか,専修大学 神田キャンパス,東京都千代田区神田神保町3-8,
2026/02/01,東京都,大学,関西大学,,TKP新橋カンファレンスセンター,東京都千代田区内幸町1丁目3-1 新幸橋ビルディング,
2026/02/01,東京都,大学,日本歯科大学,一般前・後期/共テ前・後期/推薦・編入,日本歯科大学生命歯学部（東京）,東京都千代田区富士見1-9-20,
2026/02/01,東京都,大学,文教大学,全国入試,東京会場 文教大学東京あだちキャンパス,東京都足立区花畑5-6-1,
2026/02/01,東京都,大学,東京電機大学,一般選抜 前期/英語外部/情報系外部/後期,東京千住キャンパス,東京都足立区千住旭町5番,
2026/02/01,東京都,大学,福山大学,一般選抜 前期A日程（東京）,AP東京八重洲,東京都中央区京橋1-10-7,
2026/02/01,東京都,大学,福山平成大学,一般選抜 前期A日程,AP東京八重洲（KPP八重洲ビル）,東京都中央区京橋1-10-7 KPP八重洲ビル12F,
2026/02/01,東京都,大学,芝浦工業大学,一般選抜（前期/全学統一）,予備会場（KPP八重洲ビル　AP東京八重洲）,東京都中央区京橋1丁目10-7,
2026/02/01,東京都,大学,神奈川工科大学,一般A日程,東京会場（KPP八重洲ビル）,東京都中央区京橋1丁目10番7号 KPP八重洲ビル7F（AP東京八重洲）,
2026/02/01,東京都,大学,京都先端科学大学,公募推薦A、一般A・B,ビジョンセンター東京 京橋,東京都中央区京橋3-7-1 相互館110タワー4F・8F,
2026/02/01,東京都,大学,広島工業大学,一般選抜A日程,東京会場（ビジョンセンター東京 京橋）,東京都中央区京橋3丁目7-1,
2026/02/01,東京都,大学,愛知大学,一般選抜（前期・各方式）,オフィス東京,東京都中央区京橋一丁目6番8号,
2026/02/01,東京都,大学,久留米大学,前期一般選抜（医学科一次）,東京会場,東京都中央区銀座8-21-1,
2026/02/01,東京都,大学,芝浦工業大学,一般選抜（前期/全学統一）,町田会場（町田市文化交流センター）,東京都町田市原町田4-1-14 プラザ町田,
2026/02/01,東京都,大学,産業能率大学,前期3・前期2・英語4,町田会場（駿台予備学校 町田校）,東京都町田市原町田6-16-8,
2026/02/01,東京都,大学,東京家政学院大学,一般選抜ほか各選抜会場,町田キャンパス,東京都町田市相原町2600番地,
2026/02/01,東京都,国家試験,電気通信大学,歯科医師,,東京都調布市調布ケ丘1-5-1,
2026/02/01,東京都,大学,帝京大学,一般選抜Ⅰ期・Ⅱ期,八王子試験場（帝京大学 八王子キャンパス）,東京都八王子市大塚359,
2026/02/01,東京都,大学,東京電機大学,一般選抜 前期/英語外部/情報系外部,八王子エルシィ,東京都八王子市八日町6-7,
2026/02/01,東京都,大学,帝京大学,一般選抜Ⅰ期・Ⅱ期,板橋試験場（帝京大学 板橋キャンパス）,東京都板橋区加賀2-11-1,
2026/02/01,東京都,大学,大東文化大学,奨学金・全学統一前期/後期・3教科・総合型基礎,東京板橋キャンパス,東京都板橋区高島平1-9-1,
2026/02/01,東京都,大学,立正大学,一般選抜R方式・2月前期・後期・3月,品川キャンパス,東京都品川区大崎4-2-16,
2026/02/01,東京都,大学,拓殖大学,全学部統一全国選抜,文京キャンパス,東京都文京区小日向3-4-14,
2026/02/01,東京都,大学,東邦音楽大学,総合型/推薦/一般/特別/編入,文京キャンパス,東京都文京区大塚4丁目46-9,
2026/02/01,東京都,大学,長岡大学,留学生特別選抜（国内）,アジア文化会館（東京会場）,東京都文京区本駒込2-12-13,
2026/02/01,東京都,大学,日本栄養大学,総合1-4期・一般1-2期・社会人・私費,駒込キャンパス,東京都豊島区駒込3-24-3,
2026/02/01,東京都,大学,東京都市大学,一般選抜 前期・中期,池袋会場（ステーションコンファレンス池袋）,東京都豊島区西池袋1-11-1 メトロポリタンプラザビル2F・12F,
2026/02/01,東京都,大学,産業能率大学,前期3・英語4・中期,池袋会場（河合塾 池袋校［西館］）,東京都豊島区西池袋1-3-12,
2026/02/01,東京都,大学,千葉工業大学,A/SA・B/SB日程サテライト,東京スカイツリータウン®キャンパス試験場,東京都墨田区押上1-1-2 東京スカイツリータウン® 8階,
2026/02/01,東京都,大学,神奈川工科大学,一般A日程,立川会場（立川商工会議所）,東京都立川市曙町2-38-5 立川ビジネスセンタービル11階,
2026/02/01,東京都,大学,東京都市大学,一般選抜 前期のみ,立川会場（me:rise TACHIKAWA）,東京都立川市曙町2-8-28 TAMA MIRAI SQUARE 3階,
2026/02/01,神奈川県,大学,東京電機大学,一般選抜 前期/英語外部/情報系外部,藤沢商工会議所,藤沢市藤沢607-1,
2026/02/01,栃木県,大学,専修大学,,TKP宇都宮カンファレンスセンター,栃木県宇都宮市駅前通り1-3-1 KDX宇都宮ビル B1階,
2026/02/01,栃木県,大学,千葉工業大学,A/SA・B/SB日程サテライト,宇都宮試験場（ライトキューブ宇都宮）,栃木県宇都宮市宮みらい1-20,
2026/02/01,栃木県,大学,足利大学,一般選抜A（工・看）,宇都宮試験場（ライトキューブ宇都宮）,栃木県宇都宮市宮みらい1-20,
2026/02/01,栃木県,大学,日本栄養大学,総合2期・一般1期,宇都宮会場,栃木県宇都宮市大通り・1-2-5,
2026/02/01,栃木県,大学,獨協大学,全学科統一前期・学科別/外検+実施,宇都宮会場（ホテルマイステイズ宇都宮）,栃木県宇都宮市東宿郷2-4-1,
2026/02/01,栃木県,大学,東京都市大学,一般選抜 前期・中期,宇都宮会場（大原簿記情報ビジネス医療専門学校 宇都宮校）,栃木県宇都宮市東宿郷2-5-4,
2026/02/01,栃木県,大学,帝京大学,一般選抜Ⅰ期・Ⅱ期,宇都宮試験場（帝京大学 宇都宮キャンパス）,栃木県宇都宮市豊郷台1-1,
2026/02/01,栃木県,大学,神奈川工科大学,一般A日程,宇都宮会場（栃木県総合文化センター）,栃木県宇都宮市本町1-8,
2026/02/01,栃木県,大学,二松学舎大学,文学部S・A方式のみ,宇都宮東武ホテルグランデ,栃木県宇都宮市本町5-12,
2026/02/01,栃木県,大学,自治医科大学,看護学部 一般選抜（一次・二次）,自治医科大学（看護学部）,栃木県下野市薬師寺3311-159,
2026/02/01,栃木県,大学,日本大学,N全学統一方式第1期,佐野試験場（佐野日本大学短期大学）,栃木県佐野市高萩町1297,
2026/02/01,栃木県,大学,足利大学,一般選抜A/B/C/D（工学部）,大前キャンパス,栃木県足利市大前町268-1,
2026/02/01,栃木県,大学,足利大学,一般選抜A/B/C/D（看護学部）,本城キャンパス,栃木県足利市本城3-2100-1,
2026/02/01,千葉県,大学,立命館アジア太平洋大学,スタンダード3/英語重視/共テ+英・国,柏の葉カンファレンスセンター,柏市若柴178-4 ホテル＆レジデンス棟2階,
2026/02/01,千葉県,大学,立命館大学,一般選抜（試験地）,柏の葉カンファレンスセンター,柏市若柴178-4 ホテル＆レジデンス棟2階,
2026/02/01,千葉県,大学,拓殖大学,全学部統一全国選抜,柏会場　ザ・クレストホテル柏,柏市末広町14-1,
2026/02/01,北海道,大学,北海道科学大学,一般選抜前期,函館会場（プレミアホテル -CABIN PRESIDENT- 函館）,函館市若松町14-10,
2026/02/01,東京都,大学,拓殖大学,全学部統一全国選抜,八王子　京王プラザホテル八王子,八王子市旭町14-1,
2026/02/01,静岡県,大学,名城大学,一般選抜 地区別会場,プレスタワー17階 静岡新聞ホール,浜松市中央区旭町11-1,
2026/02/01,静岡県,大学,名城大学,一般選抜 地区別会場,えんてつホール,浜松市中央区旭町12-1 遠鉄百貨店新館8階,
2026/02/01,静岡県,大学,愛知淑徳大学,一般選抜（前期）,浜松会場,浜松市中央区東伊場1-1-26,
2026/02/01,静岡県,大学,立命館アジア太平洋大学,スタンダード3/英語重視/共テ+英・国,オークラアクトシティホテル浜松,浜松市中央区板屋町111-2,
2026/02/01,静岡県,大学,立命館大学,一般選抜（試験地）,オークラアクトシティホテル浜松,浜松市中央区板屋町111-2,
2026/02/01,静岡県,大学,名城大学,一般選抜 地区別会場,浜北文化センター,浜松市浜名区貴布祢291-1,
2026/02/01,富山県,大学,仁愛大学,一般前期・スカラ等,ボルファートとやま,富山県富山市奥田新町8-1,
2026/02/01,富山県,大学,新潟産業大学,一般選抜 前期,富山会場（ボルファートとやま）,富山県富山市奥田新町8-1,
2026/02/01,富山県,大学,千葉工業大学,A/SA・B/SB日程サテライト,富山試験場（富山県民会館）,富山県富山市新総曲輪4-18,
2026/02/01,富山県,大学,名古屋葵大学,一般選抜I期,富山会場（富山県民会館）,富山県富山市新総曲輪4-18,
2026/02/01,富山県,大学,愛知大学,一般選抜（前期・各方式）,富山県民会館,富山県富山市新総曲輪4-18,
2026/02/01,富山県,大学,金沢工業大学,一般試験A,富山県民会館,富山県富山市新総曲輪4-18,
2026/02/01,富山県,大学,中京学院大学,一般選抜 前期（併願）,富山会場,富山県富山市新総曲輪4-18,
2026/02/01,富山県,大学,中京学院大学,一般選抜（地方会場）,富山会場,富山県富山市新総曲輪4-18,
2026/02/01,富山県,大学,金城大学,推薦(11/16)・一般(2/1・2/2),富山会場（富山県民会館）,富山県富山市新総曲輪4番18号,
2026/02/01,富山県,大学,北陸大学,一般選抜A/B日程,富山商工会議所,富山県富山市総曲輪2-1-3,
2026/02/01,富山県,大学,大東文化大学,奨学金・全学統一前期,北陸会場（富山）ボルファートとやま,富山市奥田新町8-1,
2026/02/01,富山県,大学,文教大学,全国入試,富山会場 タワー111,富山市牛島新町5-5,
2026/02/01,富山県,大学,名城大学,一般選抜 地区別会場,富山県中小企業研修センター,富山市赤江町1-7,
2026/02/01,福井県,大学,仁愛大学,一般前期・スカラ等、後期,本学会場（仁愛大学）,福井県越前市大手町3-1-1,
2026/02/01,福井県,大学,北陸大学,一般選抜A日程,福井県自治会館,福井県福井市開発4-202-1,
2026/02/01,福井県,大学,金沢工業大学,一般試験A,福井商工会議所ビル,福井県福井市西木田2-8-1,
2026/02/01,福井県,大学,花園大学,一般選抜B日程,福井会場,福井県福井市宝永3丁目 1-1 2F,
2026/02/01,福井県,大学,立命館アジア太平洋大学,スタンダード3,福井市地域交流プラザ（AOSSA6F）,福井市手寄1-4-1 AOSSA,
2026/02/01,福井県,大学,立命館大学,一般選抜（試験地）,福井市地域交流プラザ（AOSSA6F）,福井市手寄1-4-1 AOSSA,
2026/02/01,福井県,大学,名城大学,一般選抜 地区別会場,福井県繊協ビル,福井市大手3-7-1,
2026/02/01,福島県,大学,専修大学,,駿優予備学校 郡山校,福島県郡山市駅前1-12-6,
2026/02/01,福島県,大学,新潟産業大学,一般選抜 前期,郡山会場（セルフミーティングルーム虎丸）,福島県郡山市虎丸町15-4,
2026/02/01,福島県,大学,千葉工業大学,A/SA・B/SB日程サテライト,郡山試験場（郡山商工会議所）,福島県郡山市清水台1-3-8,
2026/02/01,福島県,大学,足利大学,一般選抜A（工学部）,郡山試験場（郡山商工会議所）,福島県郡山市清水台1-3-8,
2026/02/01,福島県,大学,日本大学,N全学統一方式第1期・第2期,郡山試験場（工学部公社1号館）,福島県郡山市田村町徳定字中川原1,
2026/02/01,愛知県,大学,愛知淑徳大学,一般選抜（前期）,豊橋会場（豊橋商工会議所）,豊橋市花田町字石塚42-1,
2026/02/01,北海道,大学,北海道科学大学,一般選抜前期・後期,本学会場（前田キャンパス）,北海道札幌市手稲区前田7条15丁目4-1,
2026/02/01,北海道,大学,専修大学,,TKPガーデンシティ札幌駅前,北海道札幌市中央区北2条西2-19,
2026/02/01,北海道,大学,金沢工業大学,一般試験A,TKP札幌カンファレンスセンター北3条,北海道札幌市中央区北3条西3-1-6 札幌小暮ビル7階,
2026/02/01,北海道,大学,日本大学,N全学統一方式第1期,札幌試験場（ACU-A アスティ45）,北海道札幌市中央区北4条西5,
2026/02/01,北海道,大学,東京都市大学,一般選抜 前期のみ,札幌会場（会議・研修施設 ACU-A）,北海道札幌市中央区北4条西5丁目 アスティ45 12F・16F,
2026/02/01,北海道,大学,明治学院大学,一般選抜：全学部日程（学外会場）,札幌会場（ACU-A（アスティ45ビル））,北海道札幌市中央区北4条西5丁目1,
2026/02/01,北海道,大学,芝浦工業大学,一般選抜（前期/全学統一）,札幌会場（TKP札幌ビジネスセンター赤れんが前）,北海道札幌市中央区北4条西6丁目1,
2026/02/01,北海道,大学,関西学院大学,全学部日程のみ,札幌駅前ビジネススペース,北海道札幌市中央区北5条西6丁目1-23 第二北海道通信ビル2F,
2026/02/01,北海道,大学,東北学院大学,一般選抜前期A日程,札幌商工会議所（北海道経済センター）,北海道札幌市中央区北一条西二丁目,
2026/02/01,北海道,大学,日本体育大学,一般選抜A・B日程,札幌会場（アスティ45）,北海道札幌市中央区北四条西5-1 アスティ45,
2026/02/01,北海道,国家試験,札幌コンベンションセンター,歯科医師,,北海道札幌市白石区東札幌6条1-1-1,
2026/02/01,北海道,大学,千葉工業大学,A/SA・B/SB・C日程サテライト,札幌試験場（北海道自治労会館）,北海道札幌市北区北6条西7-5-3,
2026/02/01,北海道,大学,産業能率大学,前期3のみ,札幌会場（代々木ゼミナール 札幌校）,北海道札幌市北区北7条西2-5,
2026/02/01,北海道,大学,帝京大学,奨学特待生・一般選抜Ⅰ期,札幌試験場（TKP札幌カンファレンスセンター）,北海道札幌市北区北7条西2-9,
2026/02/01,北海道,大学,獨協大学,全学科統一前期・学科別/外検+実施,札幌会場（代々木ゼミナール札幌校）,北海道札幌市北区北七条西2-5,
2026/02/01,北海道,大学,東北学院大学,一般選抜前期A日程,函館北洋ビル,北海道函館市若松町15-7,
2026/02/01,北海道,大学,青森大学,一般選抜I期・II期,函館会場（フレックステイイン函館駅前）,北海道函館市若松町20-11,
2026/02/01,北海道,大学,北海道科学大学,一般選抜前期,北見会場（北見プラザホテル）,北見市とん田東町617-139,
2026/02/01,愛知県,大学,立命館アジア太平洋大学,スタンダード3/英語重視,愛知県武道館,名古屋市港区丸池町1-1-4,
2026/02/01,愛知県,大学,立命館大学,一般選抜（試験地）,愛知県武道館,名古屋市港区丸池町1-1-4,
2026/02/01,愛知県,大学,名古屋葵大学,総合型I/II・育成型・推薦・一般I/II等,本学 試験会場,名古屋市瑞穂区汐路町3-40,
2026/02/01,愛知県,大学,拓殖大学,全学部統一全国選抜,名古屋会場　名古屋ガーデンパレス,名古屋市中区錦3-11-13,
2026/02/01,愛知県,大学,大東文化大学,全学統一前期,名古屋会場　イオンコンパス 名古屋駅前会議室,名古屋市中村区椿町18-22 ロータスビル5階,
2026/02/01,愛知県,大学,立命館アジア太平洋大学,スタンダード3/英語重視/共テ+英・国/後期,愛知県産業労働センター（ウインクあいち）,名古屋市中村区名駅4-4-38,
2026/02/01,愛知県,大学,立命館大学,一般選抜（試験地）,愛知県産業労働センター（ウインクあいち）,名古屋市中村区名駅4-4-38,
2026/02/01,愛知県,大学,名城大学,一般選抜 名古屋会場,天白キャンパス,名古屋市天白区塩釜口一丁目501番地,
2026/02/01,愛知県,大学,名城大学,一般選抜 名古屋会場,八事キャンパス,名古屋市天白区八事山150,
2026/02/01,愛知県,大学,文教大学,全国入試,名古屋会場 imy会議室,名古屋市東区葵3-7-14,
2026/02/01,愛知県,大学,名城大学,一般選抜 名古屋会場,ナゴヤドーム前キャンパス,名古屋市東区矢田南4-102-9,
2026/02/01,三重県,大学,名城大学,一般選抜 地区別会場,ホテルグリーンパーク鈴鹿,鈴鹿市白子4-15-20,
2026/02/01,愛知県,中学校,滝中学校,,本校,愛知県江南市古知野町久保見194,
2026/02/01,愛知県,中学校,滝中学校,,愛知大,愛知県名古屋市東区筒井2丁目10-31,
2026/02/01,愛知県,大学,名古屋外国語大学,一般選抜前期Ｍ3方式、一般選抜前期Ｍ2方式,名古屋外国語大学　日進キャンパス,愛知県日進市岩崎町竹ノ山57,
2026/02/01,茨城県,大学,大正大学,一般前期,水戸会場（茨城県薬剤師会館）,茨城県水戸市笠原町978番47,
2026/02/01,茨城県,大学,秀明大学,一般選抜2期,茨城会場（駿優教育会館）,茨城県水戸市三の丸1丁目1-42,
2026/02/01,岩手県,大学,北海道科学大学,一般選抜前期,ホテルメトロポリタン盛岡 NEW WING,岩手県盛岡市盛岡駅前北通2番27号,
2026/02/01,岐阜県,大学,名古屋外国語大学,一般選抜前期Ｍ3方式、一般選抜前期Ｍ2方式,OKBふれあい会館,岐阜県岐阜市薮田南5-14-53,
2026/02/01,宮城県,大学,大正大学,一般前期,仙台会場（宮城県婦人会館）,宮城県仙台市宮城野区榴ケ岡5,
2026/02/01,宮城県,大学,北海道科学大学,一般選抜前期,TKPガーデンシティPREMIUM仙台西口,宮城県仙台市青葉区花京院1-2-15,
2026/02/01,宮城県,大学,秀明大学,一般選抜2期,宮城会場（TKPガーデンシティPREMIUM仙台西口）,宮城県仙台市青葉区花京院1-2-15ソララプラザ,
2026/02/01,石川県,大学,佛教大学,一般選抜（Ａ日程）,金沢勤労者プラザ,金沢市北安江3-2-20,
2026/02/01,群馬県,大学,大正大学,一般前期,高崎会場（新島学園短期大学）,群馬県高崎市昭和町53番地,
2026/02/01,埼玉県,大学,日本医療科学大学,一般選抜（Ⅰ期A・B日程・Ⅱ期）,日本医療科学大学（本学）,埼玉県入間郡毛呂山町下川原1276,
2026/02/01,三重県,大学,名古屋外国語大学,一般選抜前期Ｍ3方式、一般選抜前期Ｍ2方式,三重県勤労者福祉会館,三重県津市栄町1-891,
2026/02/01,新潟県,大学,大正大学,一般前期,新潟会場（新潟ユニゾンプラザ）,新潟県新潟市中央区上所2-2-2,
2026/02/01,新潟県,大学,秀明大学,一般選抜2期,新潟会場（NST新潟総合テレビ）,新潟県新潟市中央区八千代2-3-1,
2026/02/01,神奈川県,大学,大正大学,一般前期,横浜会場（株式会社新井清太郎商店　館内新井ホール）,神奈川県横浜市中区尾上町1-8 関内新井ビル11階,
2026/02/01,青森県,大学,北海道科学大学,一般選抜前期,ウェディングプラザアラスカ,青森県青森市新町1丁目11-22,
2026/02/01,静岡県,大学,大正大学,一般前期,静岡会場（レイアップ御幸町ビル）,静岡県静岡市葵区御幸町11-8,
2026/02/01,静岡県,大学,佛教大学,一般選抜（Ａ日程）,浜松市総合産業展示館,静岡県浜松市中央区流通元町20-2,
2026/02/01,静岡県,大学,名古屋外国語大学,一般選抜前期Ｍ3方式、一般選抜前期Ｍ2方式,秀英予備校 浜松本部校,静岡県浜松市中央区連尺町309-11,
2026/02/01,石川県,大学,名古屋外国語大学,一般選抜前期Ｍ3方式、一般選抜前期Ｍ2方式,協同組合金沢問屋センター金沢流通会館,石川県金沢市問屋町2-61,
2026/02/01,千葉県,大学,大正大学,一般前期,千葉会場（トーセイホテル＆セミナー幕張）,千葉県習志野市茜浜2-3-2,
2026/02/01,長野県,大学,秀明大学,一般選抜2期,長野会場（ホテル信濃路）,長野県長野市御所岡田町131-4,
2026/02/01,東京都,大学,名古屋外国語大学,一般選抜前期Ｍ3方式、一般選抜前期Ｍ2方式,味覚糖UHA館　TKP 浜松町カンファレンスセンター,東京都港区浜松町1-26-1,
2026/02/01,東京都,大学,南九州大学,一般選抜 I 期,味覚糖UHA館TKP浜松町カンファレンスセンター,東京都港区浜松町1-26-1 味覚糖UHA館3～6階,
2026/02/01,東京都,大学,東北学院大学,一般前期A日程・東日本地域別スカラシップ選抜,TKP新宿カンファレンスセンター,東京都新宿区西新宿1丁目14-11 Daiwa西新宿ビル,
2026/02/01,東京都,大学,佛教大学,一般選抜（Ａ日程）,TKP東京駅大手町カンファレンスセンター,東京都千代田区大手町1-8-1 KDDI大手町ビル22F,
2026/02/01,東京都,大学,北海道科学大学,一般選抜前期,オフィス東京,東京都中央区京橋1丁目6-8 コルマ京橋ビル,
2026/02/01,栃木県,大学,大正大学,一般前期,宇都宮会場（栃木県総合文化センター）,栃木県宇都宮市本町1-8,
2026/02/01,北海道,大学,北海道科学大学,一般選抜前期,旭川北洋ビル,北海道旭川市4条通9丁目1703番地,
2026/02/01,北海道,大学,北海道科学大学,一般選抜前期,道東経済センタービル,北海道釧路市大町1-1-1,
2026/02/01,北海道,大学,東北学院大学,一般前期B日程,札幌商工会議所（北海道経済センター）,北海道札幌市中央区北一条西二丁目,
2026/02/01,北海道,大学,北海道科学大学,一般選抜前期,帯広経済センタービル（帯広商工会議所）,北海道帯広市西3条南9丁目23番地,
2026/02/01,北海道,大学,北海道科学大学,一般選抜前期,プレミアホテル -CABIN PRESIDENT- 函館,北海道函館市若松町14-10,
2026/02/01,北海道,大学,北海道科学大学,一般選抜前期,北見プラザホテル,北海道北見市とん田東町617-139,
2026/02/01,愛知県,大学,佛教大学,一般選抜（Ａ日程）,AP名古屋,名古屋市中村区名駅4丁目10番25号名駅IMAIビル,
2026/02/01,福島県,大学,東北学院大学,一般前期A日程・東日本地域別スカラシップ選抜,郡山市労働福祉会館,福島県郡山市虎丸町7-7,
2026/02/01,福島県,大学,秀明大学,一般選抜2期,福島会場（郡山ビューホテルアネックス）,福島県郡山市中町10-10,
2026/02/01,福島県,大学,東北学院大学,一般前期A日程・東日本地域別スカラシップ選抜,ラコパふくしま,福島県福島市仲間町4-8,
2026/02/01,東京都,国家試験,早稲田大学（早稲田キャンパス）,社会福祉士国家試験,早稲田大学（早稲田キャンパス）,東京都新宿区西早稲田一丁目6番,
2026/02/01,神奈川県,中学校,函嶺白百合学園中学校,国・算入試,本校,神奈川県足柄郡下箱根町強羅1320,
2026/02/01,神奈川県,中学校,函嶺白百合学園中学校,国・算・英入試,小田原お堀端コンベンションホール,神奈川県小田原市栄町1丁目14-48 ジャンボーナックビル5F,
2026/02/01,岐阜県,大学,岐阜聖徳学園大学,一般選抜看護個別,本学（岐阜キャンパス）,岐阜県岐阜市中鶉一丁目38番地,
2026/02/01,東京都,中学校,東京都立白鷗高等学校・附属中学校,特別,西校舎,東京都台東区元浅草1-6-22,
2026/02/01,東京都,中学校,早稲田大学 高等学院 中学部,,高等学校校舎,東京都練馬区上石神井3-31-1,
