日付,都道府県,学校種,学校名,試験名,試験地,住所,時間
2026/02/02,東京都,中学校,愛国,２回,本校,東京都江戸川区西小岩5-7-1,
2026/02/02,東京都,中学校,青山学院,一般(男子),本校,東京都渋谷区渋谷4-4-25,
2026/02/02,東京都,中学校,青山学院,一般(女子),本校,東京都渋谷区渋谷4-4-25,
2026/02/02,東京都,中学校,足立学園,２回,本校,東京都足立区千住旭町40-24,
2026/02/02,東京都,中学校,足立学園,特奨②,本校,東京都足立区千住旭町40-24,PM
2026/02/02,東京都,中学校,跡見学園,一般②,本校,東京都文京区大塚1-5-9,AM
2026/02/02,東京都,中学校,跡見学園,特待②,本校,東京都文京区大塚1-5-9,PM
2026/02/02,東京都,中学校,郁文館,２科選抜②,本校,東京都文京区向丘2-19-1,
2026/02/02,東京都,中学校,郁文館,ｸﾞﾛｰﾊﾞﾙ特待②,本校,東京都文京区向丘2-19-1,
2026/02/02,東京都,中学校,穎明館,３回(一般),本校,東京都八王子市館町2600,AM
2026/02/02,東京都,中学校,穎明館,４回(総合),本校,東京都八王子市館町2600,PM
2026/02/02,東京都,中学校,英明フロンティア (2026～女子→共学),３回,本校,東京都練馬区関町北4丁目16-11,AM
2026/02/02,東京都,中学校,英明フロンティア (2026～女子→共学),４回,本校,東京都練馬区関町北4丁目16-11,PM
2026/02/02,東京都,中学校,江戸川女子,一般(4科②･英語特化①),本校,東京都江戸川区東小岩5-22-1,AM
2026/02/02,東京都,中学校,江戸川女子,一般基礎学力②,本校,東京都江戸川区東小岩5-22-1,PM
2026/02/02,東京都,中学校,桜美林,２回,本校,東京都町田市常盤町3758,PM
2026/02/02,東京都,中学校,大妻,２回,本校,東京都千代田区三番町12,
2026/02/02,東京都,中学校,大妻多摩,第３回(午後),本校,東京都多摩市唐木田2-7-1,PM
2026/02/02,東京都,中学校,大妻中野,３回,本校,東京都中野区上高田2-3-7,PM
2026/02/02,東京都,中学校,開智日本橋学園,２回,本校,東京都中央区日本橋馬喰町2-7-6,PM
2026/02/02,東京都,中学校,かえつ有明,2日AM,本校,東京都江東区東雲2-16-1,AM
2026/02/02,東京都,中学校,かえつ有明,2日PM(特待),本校,東京都江東区東雲2-16-1,PM
2026/02/02,東京都,中学校,学習院,１回,本校,東京都豊島区目白1丁目5-1,
2026/02/02,東京都,中学校,川村,ｾﾚｸﾄ②,本校,東京都豊島区目白2-22-3,PM
2026/02/02,東京都,中学校,神田女学園,３回(特待選抜),本校,東京都千代田区神田猿楽町2-3-6,AM
2026/02/02,東京都,中学校,神田女学園,４回,本校,東京都千代田区神田猿楽町2-3-6,PM
2026/02/02,東京都,中学校,北里大学附属順天 (2026～順天から校名変更),２回Ａ,本校,東京都北区王子本町1-17-13,AM
2026/02/02,東京都,中学校,北里大学附属順天 (2026～順天から校名変更),２回Ｂ,本校,東京都北区王子本町1-17-13,PM
2026/02/02,東京都,中学校,北豊島,好きなこと①,本校,東京都荒川区東尾久6-34-24,PM
2026/02/02,東京都,中学校,北豊島,特待②,本校,東京都荒川区東尾久6-34-24,PM
2026/02/02,東京都,中学校,吉祥寺学園   (2026～武蔵野東から校名変更),２日ＡＭ,本校,東京都小金井市緑町2-6-4,AM
2026/02/02,東京都,中学校,吉祥寺学園   (2026～武蔵野東から校名変更),２日ＰＭ,本校,東京都小金井市緑町2-6-4,PM
2026/02/02,東京都,中学校,吉祥女子,２回,本校,東京都武蔵野市吉祥寺東町4-12-20,
2026/02/02,東京都,中学校,共栄学園,３回,本校,東京都葛飾区お花茶屋2-6-1,
2026/02/02,東京都,中学校,暁星,１回,本校,東京都千代田区富士見1-2-5,
2026/02/02,東京都,中学校,共立女子,2/2入試,本校,東京都千代田区一ツ橋2-2-1,
2026/02/02,東京都,中学校,共立女子第二,②ＡＭ,本校,東京都八王子市元八王子町1-710,AM
2026/02/02,東京都,中学校,共立女子第二,②ＰＭ,本校,東京都八王子市元八王子町1-710,PM
2026/02/02,東京都,中学校,京華,２回,本校,東京都文京区白山5-6-6,PM
2026/02/02,東京都,中学校,京華女子,②ＡＭ(2科･英検，4科),本校,東京都文京区白山5-6-6,AM
2026/02/02,東京都,中学校,京華女子,②ＰＭ(2科･4科),本校,東京都文京区白山5-6-6,PM
2026/02/02,東京都,中学校,恵泉女学園,２回,本校,東京都世田谷区船橋5-8-1,
2026/02/02,東京都,中学校,啓明学園,②ＡＭ,本校,東京都昭島市拝島町5-11-15,AM
2026/02/02,東京都,中学校,啓明学園,②ＰＭ･得意,本校,東京都昭島市拝島町5-11-15,PM
2026/02/02,東京都,中学校,小石川淑徳学園,適性ﾌﾟﾚﾐｱﾑ,本校,東京都文京区小石川3-14-3,AM
2026/02/02,東京都,中学校,小石川淑徳学園,２回ｽｶﾗｼｯﾌﾟ,本校,東京都文京区小石川3-14-3,PM
2026/02/02,東京都,中学校,光塩女子学院,２回(４科型),本校,東京都杉並区高円寺南2-33-28,
2026/02/02,東京都,中学校,晃華学園,３回,本校,東京都調布市佐須町5-28-1,
2026/02/02,東京都,中学校,工学院大学附属,２回Ａ,本校,東京都八王子市中野町2647-2,AM
2026/02/02,東京都,中学校,工学院大学附属,２回Ｂ,本校,東京都八王子市中野町2647-2,PM
2026/02/02,東京都,中学校,攻玉社,２回,本校,東京都品川区西五反田5-14-2,
2026/02/02,東京都,中学校,麴町学園女子,２回ＡＭ,本校,東京都千代田区麹町3丁目8,AM
2026/02/02,東京都,中学校,麴町学園女子,２回ＰＭ(特待),本校,東京都千代田区麹町3丁目8,PM
2026/02/02,東京都,中学校,佼成学園,２回,本校,東京都杉並区和田2-6-29,AM
2026/02/02,東京都,中学校,佼成学園,１回(特奨),本校,東京都杉並区和田2-6-29,PM
2026/02/02,東京都,中学校,佼成学園女子,②ＡＭ(一般･適性),本校,東京都世田谷区給田2-1-1,AM
2026/02/02,東京都,中学校,佼成学園女子,②ＰＭ(特待･英),本校,東京都世田谷区給田2-1-1,PM
2026/02/02,東京都,中学校,佼成学園女子,②ＰＭ(英語),本校,東京都世田谷区給田2-1-1,PM
2026/02/02,東京都,中学校,香蘭女学校,２回,本校,東京都品川区旗の台6-22-21,PM
2026/02/02,東京都,中学校,国学院大学久我山,２回,本校,東京都杉並区久我山1-9-1,
2026/02/02,東京都,中学校,国士舘,２回,本校,東京都世田谷区若林4-32-1,AM
2026/02/02,東京都,中学校,国士舘,３回,本校,東京都世田谷区若林4-32-1,PM
2026/02/02,東京都,中学校,駒込,３回,本校,東京都文京区千駄木5-6-25,AM
2026/02/02,東京都,中学校,駒込,４回(特待),本校,東京都文京区千駄木5-6-25,PM
2026/02/02,東京都,中学校,駒沢学園女子,２回ＡＭ,本校,東京都稲城市坂浜238,AM
2026/02/02,東京都,中学校,駒沢学園女子,２回ＰＭ,本校,東京都稲城市坂浜238,PM
2026/02/02,東京都,中学校,桜丘,３回(2･4科，適性),本校,東京都北区滝野川1-51-12,AM
2026/02/02,東京都,中学校,桜丘,４回(特待，英検),本校,東京都北区滝野川1-51-12,PM
2026/02/02,東京都,中学校,サレジアン国際学園,３回,本校,東京都北区赤羽台4-2-14,AM
2026/02/02,東京都,中学校,サレジアン国際学園,４回,本校,東京都北区赤羽台4-2-14,PM
2026/02/02,東京都,中学校,サレジアン国際学園世田谷,３回(特待),本校,東京都世田谷区大蔵2-8-1,PM
2026/02/02,東京都,中学校,サレジオ,一次,本校,東京都小平市上水南町4-7-1,
2026/02/02,東京都,中学校,実践学園,教科２回,本校,東京都中野区中央2-34-2,AM
2026/02/02,東京都,中学校,実践女子学園,③ＡＭ,本校,東京都渋谷区東1-1-11,AM
2026/02/02,東京都,中学校,実践女子学園,④ＰＭ･英語資格②,本校,東京都渋谷区東1-1-11,PM
2026/02/02,東京都,中学校,品川翔英,３回,本校,東京都品川区西大井1-6-13,AM
2026/02/02,東京都,中学校,品川翔英,４回,本校,東京都品川区西大井1-6-13,PM
2026/02/02,東京都,中学校,品川女子学院,２回,本校,東京都品川区北品川3-3-12,
2026/02/02,東京都,中学校,芝浦工業大学附属,２回,本校,東京都江東区豊洲6-2-7,AM
2026/02/02,東京都,中学校,芝浦工業大学附属,言語･探究,本校,東京都江東区豊洲6-2-7,PM
2026/02/02,東京都,中学校,芝浦工業大学附属,英語,本校,東京都江東区豊洲6-2-7,PM
2026/02/02,東京都,中学校,芝国際,2/2午後(特待),本校,東京都港区芝4-1-30,PM
2026/02/02,東京都,中学校,渋谷教育学園渋谷,２回,本校,東京都渋谷区渋谷1-21-18,
2026/02/02,東京都,中学校,修徳,３回,本校,東京都葛飾区青戸8-10-1,AM
2026/02/02,東京都,中学校,修徳,４回,本校,東京都葛飾区青戸8-10-1,PM
2026/02/02,東京都,中学校,十文字,３回,本校,東京都豊島区北大塚1-10-33,AM
2026/02/02,東京都,中学校,十文字,４回,本校,東京都豊島区北大塚1-10-33,PM
2026/02/02,東京都,中学校,淑徳,②東大選抜･特待,本校,東京都板橋区前野町5-14-1,PM
2026/02/02,東京都,中学校,淑徳巣鴨,２回,本校,東京都豊島区西巣鴨2-22-16,PM
2026/02/02,東京都,中学校,淑徳巣鴨,２回(未来力),本校,東京都豊島区西巣鴨2-22-16,AM
2026/02/02,東京都,中学校,順天堂大学系属理数インター,適性②,本校,東京都中野区中央2-28-3,AM
2026/02/02,東京都,中学校,順天堂大学系属理数インター,新４科,本校,東京都中野区中央2-28-3,PM
2026/02/02,東京都,中学校,順天堂大学系属理数インター,英語型,本校,東京都中野区中央2-28-3,PM
2026/02/02,東京都,中学校,城西大学附属城西,２回,本校,東京都豊島区千早1-10-26,
2026/02/02,東京都,中学校,城西大学附属城西,２回(適性検査),本校,東京都豊島区千早1-10-26,
2026/02/02,東京都,中学校,聖徳学園,ＡＭ①,本校,東京都武蔵野市境南町2-11-8,AM
2026/02/02,東京都,中学校,聖徳学園,ﾌﾟﾛｸﾞﾗﾐﾝｸﾞ,本校,東京都武蔵野市境南町2-11-8,AM
2026/02/02,東京都,中学校,聖徳学園,特奨②･ＰＭ②,本校,東京都武蔵野市境南町2-11-8,PM
2026/02/02,東京都,中学校,城北,２回,本校,東京都板橋区東新町2-28-1,
2026/02/02,東京都,中学校,昭和女子大附属昭和,Ｂ,本校,東京都世田谷区太子堂1-7-57,
2026/02/02,東京都,中学校,昭和女子大附属昭和,ＧＢ,本校,東京都世田谷区太子堂1-7-57,
2026/02/02,東京都,中学校,昭和女子大附属昭和,ＳＢ,本校,東京都世田谷区太子堂1-7-57,
2026/02/02,東京都,中学校,女子学院,一般,本校,東京都千代田区一番町22-10,
2026/02/02,東京都,中学校,女子聖学院,表現力(ＢａＭ),本校,東京都北区中里3-12-2,AM
2026/02/02,東京都,中学校,女子聖学院,３回,本校,東京都北区中里3-12-2,PM
2026/02/02,東京都,中学校,女子美術大学付属,２回(自己表現),本校,東京都杉並区和田1-49-8,
2026/02/02,東京都,中学校,白梅学園清修,２回ＡＭ,本校,東京都小平市小川町1-830,AM
2026/02/02,東京都,中学校,白梅学園清修,２回ＰＭ,本校,東京都小平市小川町1-830,PM
2026/02/02,東京都,中学校,白百合学園,一般,本校,東京都千代田区九段北2-4-1,
2026/02/02,東京都,中学校,白百合学園,帰国２回,本校,東京都千代田区九段北2-4-1,
2026/02/02,東京都,中学校,巣鴨,Ⅱ期,本校,東京都豊島区上池袋1-21-1,
2026/02/02,東京都,中学校,駿台学園,３回,本校,東京都北区王子6-1-10,
2026/02/02,東京都,中学校,聖学院,②ｱﾄﾞﾊﾞﾝｽﾄ,本校,東京都北区中里3-12-1,PM
2026/02/02,東京都,中学校,聖学院,ﾃﾞｻﾞｲﾝ思考力,本校,東京都北区中里3-12-1,PM
2026/02/02,東京都,中学校,聖学院,一般②,本校,東京都北区中里3-12-1,AM
2026/02/02,東京都,中学校,聖ドミニコ学園,３回,本校,東京都世田谷区岡本1-10-1,
2026/02/02,東京都,中学校,成立学園,３回,本校,東京都北区東十条6-9-13,AM
2026/02/02,東京都,中学校,成立学園,４回(特待),本校,東京都北区東十条6-9-13,PM
2026/02/02,東京都,中学校,青稜,２回Ａ,本校,東京都品川区二葉1-6-6,AM
2026/02/02,東京都,中学校,青稜,２回Ｂ,本校,東京都品川区二葉1-6-6,PM
2026/02/02,東京都,中学校,世田谷学園,２次,本校,東京都世田谷区三宿1-16-31,
2026/02/02,東京都,中学校,高輪,Ｂ日程,本校,東京都港区高輪2-1-32,AM
2026/02/02,東京都,中学校,高輪,算数午後,本校,東京都港区高輪2-1-32,PM
2026/02/02,東京都,中学校,瀧野川女子学園,３回,本校,東京都北区上中里1-27-7,AM
2026/02/02,東京都,中学校,瀧野川女子学園,４回,本校,東京都北区上中里1-27-7,PM
2026/02/02,東京都,中学校,玉川学園,３回,本校,東京都町田市玉川学園6-1-1,AM
2026/02/02,東京都,中学校,玉川学園,４回,本校,東京都町田市玉川学園6-1-1,PM
2026/02/02,東京都,中学校,玉川学園,２回,本校,東京都町田市玉川学園6-1-1,AM
2026/02/02,東京都,中学校,玉川聖学院,１回,本校,東京都世田谷区奥沢7-11-22,AM
2026/02/02,東京都,中学校,玉川聖学院,適性検査型,本校,東京都世田谷区奥沢7-11-22,AM
2026/02/02,東京都,中学校,玉川聖学院,２回,本校,東京都世田谷区奥沢7-11-22,PM
2026/02/02,東京都,中学校,玉川聖学院,多文化共生入試,本校,東京都世田谷区奥沢7-11-22,PM
2026/02/02,東京都,中学校,多摩大学附属聖ヶ丘,３回,本校,東京都多摩市聖ヶ丘4-1-1,
2026/02/02,東京都,中学校,多摩大学目黒,特待･特進２回,本校,東京都目黒区下目黒4-10-24,PM
2026/02/02,東京都,中学校,多摩大学目黒,２回,本校,東京都目黒区下目黒4-10-24,AM
2026/02/02,東京都,中学校,千代田,４回,本校,東京都千代田区四番町11,PM
2026/02/02,東京都,中学校,千代田,３回,本校,東京都千代田区四番町11,AM
2026/02/02,東京都,中学校,帝京,２回ＡＭ,本校,東京都板橋区稲荷台27-1,AM
2026/02/02,東京都,中学校,帝京,２回ＰＭ,本校,東京都板橋区稲荷台27-1,PM
2026/02/02,東京都,中学校,帝京大学,２回(特待･一般),本校,東京都八王子市越野322,
2026/02/02,東京都,中学校,帝京八王子,２回Ａ,本校,東京都八王子市上川町3766,AM
2026/02/02,東京都,中学校,帝京八王子,２回Ｂ,本校,東京都八王子市上川町3766,PM
2026/02/02,東京都,中学校,貞静学園,２科②･適性①,本校,東京都文京区大塚1-2-10,AM
2026/02/02,東京都,中学校,貞静学園,１科②,本校,東京都文京区大塚1-2-10,PM
2026/02/02,東京都,中学校,田園調布学園,２回,本校,東京都世田谷区東玉川2-21-8,
2026/02/02,東京都,中学校,東海大学菅生,２回Ａ,本校,東京都あきる野市菅生1468,AM
2026/02/02,東京都,中学校,東海大学菅生,２回Ｂ,本校,東京都あきる野市菅生1468,PM
2026/02/02,東京都,中学校,東京家政学院,２回,本校,東京都千代田区三番町22,
2026/02/02,東京都,中学校,東京家政大学附属女子,３回,本校,東京都板橋区加賀1-18-1,AM
2026/02/02,東京都,中学校,東京家政大学附属女子,４回,本校,東京都板橋区加賀1-18-1,PM
2026/02/02,東京都,中学校,東京純心女子,３回,本校,東京都八王子市滝山町2-600,AM
2026/02/02,東京都,中学校,東京純心女子,数的処理･ﾌﾟﾚｾﾞﾝ,本校,東京都八王子市滝山町2-600,PM
2026/02/02,東京都,中学校,東京女学館,３回,本校,東京都渋谷区広尾3-7-16,PM
2026/02/02,東京都,中学校,東京女学館,一般２回,本校,東京都渋谷区広尾3-7-16,PM
2026/02/02,東京都,中学校,東京成徳大学,②一般選抜,本校,東京都北区豊島8-26-9,AM
2026/02/02,東京都,中学校,東京成徳大学,②特待選抜,本校,東京都北区豊島8-26-9,PM
2026/02/02,東京都,中学校,東京電機大学,３回,本校,東京都小金井市梶野町4-8-1,
2026/02/02,東京都,中学校,東京都市大学等々力,２回,本校,東京都世田谷区等々力8-10-1,PM
2026/02/02,東京都,中学校,東京農業大学第一,３回,本校,東京都世田谷区桜3-33-1,PM
2026/02/02,東京都,中学校,東京立正,２回ＡＭ,本校,東京都杉並区堀ノ内2-41-15,AM
2026/02/02,東京都,中学校,東京立正,２回ＰＭ,本校,東京都杉並区堀ノ内2-41-15,PM
2026/02/02,東京都,中学校,東星学園,得意２科,本校,東京都清瀬市梅園3-14-47,AM
2026/02/02,東京都,中学校,東星学園,２回,本校,東京都清瀬市梅園3-14-47,PM
2026/02/02,東京都,中学校,桐朋,２回,本校,東京都国立市中3-1-10,
2026/02/02,東京都,中学校,桐朋女子,Creative English入試,本校,東京都調布市若葉町1-41-1,AM
2026/02/02,東京都,中学校,桐朋女子,Ｂ入試,本校,東京都調布市若葉町1-41-1,PM
2026/02/02,東京都,中学校,東洋英和女学院,Ａ日程,本校,東京都港区六本木5-14-40,
2026/02/02,東京都,中学校,東洋英和女学院,帰国,本校,東京都港区六本木5-14-40,
2026/02/02,東京都,中学校,東洋大学京北,３回,本校,東京都文京区白山2-36-5,
2026/02/02,東京都,中学校,トキワ松学園,３回,本校,東京都目黒区碑文谷4-17-16,PM
2026/02/02,東京都,中学校,豊島岡女子学園,1回(4科),本校,東京都豊島区東池袋1-25-22,
2026/02/02,東京都,中学校,豊島岡女子学園,1回(算数･英語資格),本校,東京都豊島区東池袋1-25-22,
2026/02/02,東京都,中学校,獨協,３回,本校,東京都文京区関口3-8-1,
2026/02/02,東京都,中学校,ドルトン東京学園,３回,本校,東京都調布市入間町二丁目28番20号,AM
2026/02/02,東京都,中学校,ドルトン東京学園,３回(英語･思考表現),本校,東京都調布市入間町二丁目28番20号,AM
2026/02/02,東京都,中学校,ドルトン東京学園,４回(特待),本校,東京都調布市入間町二丁目28番20号,PM
2026/02/02,東京都,中学校,中村,一般②,本校,東京都江東区清澄2-3-15,AM
2026/02/02,東京都,中学校,中村,特待②,本校,東京都江東区清澄2-3-15,PM
2026/02/02,東京都,中学校,日本工業大学駒場,③教科型･適性型,本校,東京都目黒区駒場1-35-32,AM
2026/02/02,東京都,中学校,日本工業大学駒場,④教科型･ ﾌﾟﾚｾﾞﾝ型,本校,東京都目黒区駒場1-35-32,PM
2026/02/02,東京都,中学校,日本体育大学桜華,２回(一般･ＡＯ),本校,東京都東村山市富士見町2-5-1,
2026/02/02,東京都,中学校,新渡戸文化,ｸﾞﾙｰﾌﾟﾜｰｸ,本校,東京都中野区本町6-38-1,AM
2026/02/02,東京都,中学校,新渡戸文化,２科②,本校,東京都中野区本町6-38-1,PM
2026/02/02,東京都,中学校,日本大学第一,４科２回,本校,東京都墨田区横網1-5-2,
2026/02/02,東京都,中学校,日本大学第三,２回,本校,東京都町田市図師町11-2375,
2026/02/02,東京都,中学校,日本大学豊山,２回,本校,東京都文京区大塚5-40-10,PM
2026/02/02,東京都,中学校,日本大学豊山女子,３回,本校,東京都板橋区中台3-15-1,AM
2026/02/02,東京都,中学校,日本大学豊山女子,４回,本校,東京都板橋区中台3-15-1,PM
2026/02/02,東京都,中学校,八王子学園八王子,２日ＡＭ(適性型),本校,東京都八王子市台町4-35-1,AM
2026/02/02,東京都,中学校,八王子学園八王子,２日ＰＭ,本校,東京都八王子市台町4-35-1,PM
2026/02/02,東京都,中学校,八王子実践,ﾌﾟﾚｾﾞﾝ,本校,東京都八王子市台町1-6-15,
2026/02/02,東京都,中学校,広尾学園,医進･ｻｲｴﾝｽ回,本校,東京都港区南麻布5-1-14,PM
2026/02/02,東京都,中学校,広尾学園小石川,国際生ＡＧ,本校,東京都文京区本駒込2-29-1,
2026/02/02,東京都,中学校,富士見,２回(一般･英語資格),本校,東京都練馬区中村北4-8-26,AM
2026/02/02,東京都,中学校,富士見,算数１科,本校,東京都練馬区中村北4-8-26,PM
2026/02/02,東京都,中学校,富士見丘,一般②,本校,東京都渋谷区笹塚3-19-9,AM
2026/02/02,東京都,中学校,富士見丘,一般③,本校,東京都渋谷区笹塚3-19-9,PM
2026/02/02,東京都,中学校,富士見丘,英語資格②,本校,東京都渋谷区笹塚3-19-9,AM
2026/02/02,東京都,中学校,富士見丘,英語資格③,本校,東京都渋谷区笹塚3-19-9,PM
2026/02/02,東京都,中学校,藤村女子,2科③･ﾃﾞｼﾞﾀﾙ,本校,東京都武蔵野市吉祥寺本町2-16-3,AM
2026/02/02,東京都,中学校,藤村女子,ﾀﾞﾝｽ①,本校,東京都武蔵野市吉祥寺本町2-16-3,PM
2026/02/02,東京都,中学校,普連土学園,２日午後２科,本校,東京都港区三田4-14-16,PM
2026/02/02,東京都,中学校,文化学園大学杉並,３回,本校,東京都杉並区阿佐谷南3-48-16,AM
2026/02/02,東京都,中学校,文化学園大学杉並,４回･英語特別②,本校,東京都杉並区阿佐谷南3-48-16,PM
2026/02/02,東京都,中学校,文京学院大学女子,２回,本校,東京都文京区本駒込6-18-3,PM
2026/02/02,東京都,中学校,文京学院大学女子,英語ｲﾝﾀﾗｸﾃｨﾌﾞ,本校,東京都文京区本駒込6-18-3,PM
2026/02/02,東京都,中学校,文教大学付属,３回,本校,東京都品川区旗の台3-2-17,AM
2026/02/02,東京都,中学校,文教大学付属,４回,本校,東京都品川区旗の台3-2-17,PM
2026/02/02,東京都,中学校,本郷,２回,本校,東京都豊島区駒込4-11-1,
2026/02/02,東京都,中学校,三田国際科学学園,３回,本校,東京都世田谷区用賀2-16-1,PM
2026/02/02,東京都,中学校,明星学園,Ｃ入試,本校,東京都三鷹市井の頭5-7-7,PM
2026/02/02,東京都,中学校,三輪田学園,２回,本校,東京都千代田区九段北3-3-15,
2026/02/02,東京都,中学校,武蔵野,２回,本校,東京都北区西ヶ原4-56-20,
2026/02/02,東京都,中学校,武蔵野大学,３回,本校,東京都西東京市新町1-1-20,AM
2026/02/02,東京都,中学校,武蔵野大学,４回,本校,東京都西東京市新町1-1-20,PM
2026/02/02,東京都,中学校,明治学院,２回,本校,東京都東村山市富士見町1-12-3,
2026/02/02,東京都,中学校,明治大学付属中野,１回,本校,東京都中野区東中野3-3-4,
2026/02/02,東京都,中学校,明治大学付属明治,１回(男子),本校,東京都調布市富士見町4-23-25,
2026/02/02,東京都,中学校,明治大学付属明治,１回(女子),本校,東京都調布市富士見町4-23-25,
2026/02/02,東京都,中学校,明星,３回,本校,東京都府中市栄町1-1,
2026/02/02,東京都,中学校,明法,２回ＡＭ,本校,東京都東村山市富士見町2-4-12,AM
2026/02/02,東京都,中学校,明法,２回ＰＭ,本校,東京都東村山市富士見町2-4-12,PM
2026/02/02,東京都,中学校,目黒日本大学,３回,本校,東京都目黒区目黒1-6-15,
2026/02/02,東京都,中学校,目黒日本大学,３回(適性),本校,東京都目黒区目黒1-6-15,
2026/02/02,東京都,中学校,目白研心,一般③･英語資格,本校,東京都新宿区中落合4-31-1,AM
2026/02/02,東京都,中学校,目白研心,英語ｱﾄﾞﾊﾞﾝｽﾄ･,本校,東京都新宿区中落合４－３１－１,PM
2026/02/02,東京都,中学校,八雲学園,特待ﾁｬﾚﾝｼﾞ,本校,東京都目黒区八雲２－１４－１,PM
2026/02/02,東京都,中学校,安田学園,３回,本校,東京都墨田区横網２－２－２５,AM
2026/02/02,東京都,中学校,安田学園,４回,本校,東京都墨田区横網２－２－２５,PM
2026/02/02,東京都,中学校,山脇学園,Ｂ(一般･英語),本校,東京都港区赤坂４－１０－３６,PM
2026/02/02,東京都,中学校,立教池袋,１回,本校,東京都豊島区西池袋５－１６－５,
2026/02/02,東京都,中学校,立教女学院,一般,本校,東京都杉並区久我山４－２９－６０,
2026/02/02,東京都,中学校,立教女学院,帰国,本校,東京都杉並区久我山４－２９－６０,
2026/02/02,東京都,中学校,立正大学付属立正,２回,本校,東京都大田区西馬込１－５－１,
2026/02/02,東京都,中学校,和洋九段女子,３回,本校,東京都千代田区九段北１－１２－１２,PM
2026/02/02,神奈川県,中学校,アレセイア湘南,２回ＡＭ,本校,神奈川県茅ヶ崎市富士見町５－２,
2026/02/02,神奈川県,中学校,栄光学園,一般,本校,神奈川県鎌倉市玉縄４－１－１,
2026/02/02,神奈川県,中学校,大西学園,Ｂ日程,本校,神奈川県川崎市中原区小杉町２－２８４,
2026/02/02,神奈川県,中学校,神奈川学園,Ｂ日程,本校,神奈川県横浜市神奈川区沢渡１８,
2026/02/02,神奈川県,中学校,神奈川大学附属,２回,本校,神奈川県横浜市緑区台村町８００,
2026/02/02,神奈川県,中学校,鎌倉学園,２次,本校,神奈川県鎌倉市山ノ内１１０,
2026/02/02,神奈川県,中学校,鎌倉国際文理,2/2ＡＭ,本校,神奈川県鎌倉市岩瀬1420,
2026/02/02,神奈川県,中学校,鎌倉女学院,２次,本校,神奈川県鎌倉市由比ガ浜２－１０－４,
2026/02/02,神奈川県,中学校,カリタス女子,３回,本校,神奈川県川崎市多摩区中野島４－６－１,
2026/02/02,神奈川県,中学校,関東学院六浦,Ｂ１日程,本校,神奈川県横浜市金沢区六浦東１－５０－１,
2026/02/02,神奈川県,中学校,函嶺白百合学園,３回,本校,神奈川県足柄下郡箱根町強羅１３２０,
2026/02/02,神奈川県,中学校,北鎌倉女子学園,２科②,本校,神奈川県鎌倉市山ノ内９１３,
2026/02/02,神奈川県,中学校,慶應義塾湘南藤沢,一般１次,本校,神奈川県藤沢市遠藤５４６６,
2026/02/02,神奈川県,中学校,相模女子大学,３回,本校,神奈川県相模原市南区文京２－１－１,
2026/02/02,神奈川県,中学校,自修館中等教育学校,Ｂ１,本校,神奈川県伊勢原市見附島411,
2026/02/02,神奈川県,中学校,湘南学園,Ｂ日程,本校,神奈川県藤沢市鵠沼松が岡３－４－２７,
2026/02/02,神奈川県,中学校,湘南白百合学園,４教科,本校,神奈川県藤沢市片瀬目白山４－１,
2026/02/02,神奈川県,中学校,聖光学院,１回,本校,神奈川県横浜市中区滝之上１００,
2026/02/02,神奈川県,中学校,星槎,２回,本校,神奈川県横浜市緑区霧が丘６－１３,
2026/02/02,神奈川県,中学校,聖セシリア女子,Ａ方式２次,本校,神奈川県大和市南林間３－１０－１,
2026/02/02,神奈川県,中学校,清泉女学院,３期,本校,神奈川県鎌倉市城廻２００,
2026/02/02,神奈川県,中学校,聖ヨゼフ学園,２回,本校,神奈川県横浜市鶴見区東寺尾北台１１－１,
2026/02/02,神奈川県,中学校,聖和学院,２回,本校,神奈川県逗子市久木２－２－１,
2026/02/02,神奈川県,中学校,洗足学園,２回,本校,神奈川県川崎市高津区久本２－３－１,
2026/02/02,神奈川県,中学校,捜真女学校,ｽｶﾗｼｯﾌﾟA3,本校,神奈川県横浜市神奈川区中丸８,
2026/02/02,神奈川県,中学校,相洋,２回Ａ,本校,神奈川県小田原市城山４－１３－３３,
2026/02/02,神奈川県,中学校,中央大学附属横浜,２回,本校,神奈川県横浜市都筑区牛久保東１－１４－１,
2026/02/02,神奈川県,中学校,鶴見大学附属,２次,本校,神奈川県横浜市鶴見区鶴見２－２－１,
2026/02/02,神奈川県,中学校,桐蔭学園,２回,本校,神奈川県横浜市青葉区鉄町１６１４,
2026/02/02,神奈川県,中学校,桐光学園,２回,本校,神奈川県川崎市麻生区栗木3-12-1,
2026/02/02,神奈川県,中学校,藤嶺学園藤沢,2科②,本校,神奈川県藤沢市西富1-7-1,
2026/02/02,神奈川県,中学校,日本大学,Ｂ日程,本校,神奈川県横浜市港北区箕輪町2-9-1,
2026/02/02,神奈川県,中学校,日本大学藤沢,２回,本校,神奈川県藤沢市亀井野1866,
2026/02/02,神奈川県,中学校,法政大学第二,１回(男子),本校,神奈川県川崎市中原区木月大町6-1,
2026/02/02,神奈川県,中学校,聖園女学院,３次,本校,神奈川県藤沢市みその台1-4,
2026/02/02,神奈川県,中学校,森村学園,２回,本校,神奈川県横浜市緑区長津田町2695,
2026/02/02,神奈川県,中学校,山手学院,特待選抜Ⅱ,本校,神奈川県横浜市栄区上郷町460,
2026/02/02,神奈川県,中学校,横須賀学院,２次,本校,神奈川県横須賀市稲岡町82,
2026/02/02,神奈川県,中学校,横浜共立学園,Ａ方式,本校,神奈川県横浜市中区山手町212,
2026/02/02,神奈川県,中学校,横浜女学院,Ｃ①,本校,神奈川県横浜市中区山手町203,
2026/02/02,神奈川県,中学校,横浜翠陵,一般③･英語資格②,本校,神奈川県横浜市緑区三保町1,
2026/02/02,神奈川県,中学校,横浜創英,３回,本校,神奈川県横浜市神奈川区西大口28,
2026/02/02,神奈川県,中学校,横浜隼人,２回,本校,神奈川県横浜市瀬谷区阿久和南1-3-1,
2026/02/02,神奈川県,中学校,横浜富士見丘学園,３回,本校,神奈川県横浜市旭区中沢1-24-1,
2026/02/02,神奈川県,中学校,横浜雙葉,一般(２期),本校,神奈川県横浜市中区山手町88,
2026/02/02,埼玉県,高等学校,叡明,,本校,埼玉県越谷市レイクタウン7-2-1,
2026/02/02,栃木県,高等学校,宇都宮文星女子,,本校,栃木県宇都宮市北一の沢24-35,
2026/02/02,栃木県,高等学校,宇都宮短大附属,,本校,栃木県宇都宮市睦町1-35,
2026/02/02,栃木県,高等学校,文星芸術大学附属,,本校,栃木県宇都宮市睦町1-4,
2026/02/02,宮城県,高等学校,大崎中央,一般Ｂ日程,本校,宮城県大崎市古川福沼1-27-1,
2026/02/02,宮城県,高等学校,尚絅学院,一般Ｂ日程,本校,宮城県仙台市青葉区八幡1-9-27,
2026/02/02,宮城県,高等学校,聖ウルスラ学院英智,一般Ｂ日程,本校,宮城県仙台市若林区一本杉町1-2,
2026/02/02,宮城県,高等学校,聖ドミニコ学院,一般Ｂ日程,本校,宮城県仙台市青葉区角五郎2-2-14,
2026/02/02,宮城県,高等学校,聖和学園薬師堂ｷｬﾝﾊﾟｽ,一般Ｂ日程,本校,宮城県仙台市若林区木ノ下3丁目4-1,
2026/02/02,宮城県,高等学校,聖和学園三神峯ｷｬﾝﾊﾟｽ,一般Ｂ日程,本校,宮城県仙台市太白区土手内2丁目1-1,
2026/02/02,宮城県,高等学校,仙台育英学園,一般Ｂ日程(専願･併願),本校,宮城県仙台市宮城野区宮城野2-4-1,
2026/02/02,宮城県,高等学校,仙台城南,前期一般(Ｂ日程),本校,宮城県仙台市太白区八木山松波町5-1,
2026/02/02,宮城県,高等学校,仙台白百合学園,専願Ｂ日程,本校,宮城県仙台市泉区紫山1-2-1,
2026/02/02,宮城県,高等学校,仙台大学附属明成,一般Ｂ日程,本校,宮城県仙台市青葉区川平2-26-1,
2026/02/02,宮城県,高等学校,東北,一般Ｂ日程,本校,宮城県仙台市青葉区小松島4-3-1,
2026/02/02,宮城県,高等学校,東北学院,一般Ｂ日程,本校,宮城県仙台市宮城野区小鶴字高野123-1,
2026/02/02,宮城県,高等学校,東北学院榴ケ岡,一般Ｂ日程,本校,宮城県仙台市泉区天神沢二丁目1-1,
2026/02/02,宮城県,高等学校,東北生活文化大学,専願･一般Ｂ日程,本校,宮城県仙台市泉区虹の丘1-18,
2026/02/02,宮城県,高等学校,常盤木学園,一般Ｂ日程,本校,宮城県仙台市青葉区小田原4-3-20,
2026/02/02,宮城県,高等学校,古川学園,一般Ｂ日程,本校,宮城県大崎市古川中里6-2-8,
2026/02/02,宮城県,高等学校,宮城学院,Ｂ日程,本校,宮城県仙台市青葉区桜ヶ丘9-1-1,
2026/02/02,千葉県,中学校,渋谷教育学園幕張,,本校,千葉県千葉市美浜区若葉1-3,
2026/02/02,埼玉県,大学,立命館大学,一般選抜（試験地）,ソニックシティ,さいたま市大宮区桜木町1-7-5 ソニックシティビル棟7F 〜9F,
2026/02/02,埼玉県,大学,立命館アジア太平洋大学,スタンダード3/英語重視/後期,ソニックシティ,さいたま市大宮区桜木町1-7-5 ソニックシティビル棟7F〜9F,
2026/02/02,埼玉県,大学,玉川大学,全学統一等（2/2-2/3のみ）,大宮会場（埼玉カンファレンスセンター大宮西口ＤＯＭⅡ）,さいたま市大宮区桜木町2-6,
2026/02/02,埼玉県,大学,東京電機大学,一般選抜 前期/英語外部/情報系外部/後期,河合塾南浦和現役館,さいたま市南区南浦和2-24-6,
2026/02/02,愛知県,大学,人間環境大学,特別奨学生・一般入試I〜IV期,岡崎キャンパス,愛知県岡崎市本宿町上三本松6-2,
2026/02/02,愛知県,大学,中部大学,本学実施の各日程,本学試験場（春日井キャンパス）,愛知県春日井市松本町1200番地,
2026/02/02,愛知県,大学,人間環境大学,特別奨学生・一般入試I〜IV期,大府キャンパス,愛知県大府市江端町3-220,
2026/02/02,愛知県,大学,愛知学院大学,一般選抜（本学会場）,日進キャンパス,愛知県日進市岩崎町阿良池12,
2026/02/02,愛知県,大学,名古屋商科大学,一般前期A/M・後期,日進キャンパス,愛知県日進市米野木町三ヶ峯4-4,
2026/02/02,愛知県,大学,愛知大学,一般選抜（前期・各方式）,豊橋キャンパス,愛知県豊橋市町畑町1-1,
2026/02/02,愛知県,大学,金城学院大学,一般選抜前期・後期、推薦ほか,本学キャンパス,愛知県名古屋市守山区大森二丁目1723番地,
2026/02/02,愛知県,大学,愛知淑徳大学,一般前期・後期,本学（星が丘キャンパス）,愛知県名古屋市千種区桜が丘23,
2026/02/02,愛知県,大学,京都光華大学,基礎学力チャレンジ/一般前期A・B,名古屋市中小企業振興会館,愛知県名古屋市千種区吹上二丁目6番3号,
2026/02/02,愛知県,大学,東京都市大学,一般選抜 前期・中期,名古屋会場（秀英予備校 名古屋本部）,愛知県名古屋市千種区内山3-23-12,
2026/02/02,愛知県,大学,東海大学,医学部一般選抜1次,秀英予備校 名古屋本部校,愛知県名古屋市千種区内山3-23-12,
2026/02/02,愛知県,大学,金沢工業大学,一般試験A・B,秀英予備校名古屋校,愛知県名古屋市千種区内山3-23-12,
2026/02/02,愛知県,大学,徳島文理大学,一般入試会場（詳細要項参照）,名古屋市会場　名古屋クラウンホテル,愛知県名古屋市中区栄1丁目8番33号,
2026/02/02,愛知県,大学,國學院大学,一般選抜A日程（地方会場）,名古屋会場（TKP名古屋栄カンファレンスセンター）,愛知県名古屋市中区栄3-2-3 名古屋日興證券ビル7階,
2026/02/02,愛知県,大学,関西大学,,中日ホール＆カンファレンス,愛知県名古屋市中区栄4丁目1-1,
2026/02/02,愛知県,大学,名古屋商科大学,一般前期A/M・後期,名古屋会場（名古屋キャンパス伏見ビル）,愛知県名古屋市中区錦1-20-1,
2026/02/02,愛知県,大学,北陸大学,一般A日程、推薦第1回（薬・医療）,TKP名古屋伏見ビジネスセンター（宮井名古屋ビル）,愛知県名古屋市中区錦2-8-26 宮井名古屋ビル,
2026/02/02,愛知県,大学,東京理科大学,一般選抜B・S方式,名古屋試験場（河合塾名駅校）,愛知県名古屋市中村区椿町1-12,
2026/02/02,愛知県,大学,東京理科大学,一般選抜B・S方式,名古屋試験場（TKPガーデンシティPREMIUM 名古屋新幹線口）,愛知県名古屋市中村区椿町1-16,
2026/02/02,愛知県,大学,福岡大学,一般選抜（系統別のみ）,名古屋会場（TKP ガーデンシティ PREMIUM名古屋新幹線口）,愛知県名古屋市中村区椿町1-16,
2026/02/02,愛知県,大学,愛知大学,一般選抜（前期・各方式）,名古屋キャンパス,愛知県名古屋市中村区平池町4-60-6,
2026/02/02,愛知県,大学,芝浦工業大学,一般選抜（前期/全学統一）,名古屋会場（JRゲートタワーカンファレンス）,愛知県名古屋市中村区名駅1丁目1-3号 JRゲートタワー,
2026/02/02,愛知県,大学,亜細亜大学,全学統一入試 前期,名古屋会場（タイムオフィス名古屋）,愛知県名古屋市中村区名駅2丁目41-10,
2026/02/02,愛知県,大学,千葉工業大学,A/SA・B/SB・C日程サテライト,名古屋試験場（安保ホール）,愛知県名古屋市中村区名駅3-15-9,
2026/02/02,愛知県,大学,京都先端科学大学,一般A,オフィスパーク名駅カンファレンスセンター,愛知県名古屋市中村区名駅3丁目22-4 名駅前みどりビル5階・7階,
2026/02/02,愛知県,大学,広島工業大学,一般選抜A日程,名古屋会場（ツドイコ名駅東カンファレンスセンター）,愛知県名古屋市中村区名駅3丁目22-8,
2026/02/02,愛知県,大学,関西学院大学,2/1-2/5実施（一般/個別/英数/共通）,愛知県産業労働センター（ウインクあいち）,愛知県名古屋市中村区名駅4-4-38,
2026/02/02,愛知県,大学,中部学院大学,,名古屋会場,愛知県名古屋市中村区名駅二丁目41-10 アストラーレ名駅 4F,
2026/02/02,愛知県,大学,日本体育大学,一般選抜A・B日程,名古屋会場（名城大学 天白キャンパス）,愛知県名古屋市天白区塩釜口1-501 名城大学 天白キャンパス,
2026/02/02,愛知県,大学,専修大学,,imy会議室,愛知県名古屋市東区葵3-7-14,
2026/02/02,愛知県,大学,愛知学院大学,一般選抜（本学会場）,名城公園キャンパス,愛知県名古屋市北区名城3-1-1,
2026/02/02,茨城県,大学,東京都市大学,一般選抜 前期・中期,水戸会場（水戸駿優予備学校本部校舎）,茨城県水戸市三の丸1-1-42,
2026/02/02,茨城県,大学,獨協大学,全学科統一前期・学科別/外検+実施,水戸会場（水戸駿優予備学校本部校舎）,茨城県水戸市三の丸1-1-42,
2026/02/02,茨城県,大学,千葉工業大学,A/SA日程サテライト,水戸試験場（水戸駿優予備学校 2号館）,茨城県水戸市三の丸2-5-36,
2026/02/02,茨城県,大学,芝浦工業大学,一般選抜（前期/全学統一）,水戸会場（伊勢甚中央ビル）,茨城県水戸市泉町2丁目3-2,
2026/02/02,茨城県,大学,亜細亜大学,全学統一入試 前期,水戸会場（中央ビル（水戸駅北口））,茨城県水戸市泉町2丁目3番2号,
2026/02/02,茨城県,大学,流通経済大学,一般選抜(問題見てから選択型),トモスみとビル,茨城県水戸市大工町1-2-3,
2026/02/02,茨城県,大学,流通経済大学,一般選抜(3/2科目・給付・問題選択),流通経済大学 龍ケ崎キャンパス 試験場,茨城県龍ケ崎市120,
2026/02/02,栃木県,大学,東京電機大学,一般選抜 前期/英語外部/情報系外部/後期,栃木県総合文化センター,宇都宮市本町1-8,
2026/02/02,神奈川県,大学,立命館アジア太平洋大学,スタンダード3/英語重視/共テ+英・国,TKPガーデンシティPREMIUM 横浜西口,横浜市西区南幸2-19-9 TKP横浜ビル（旧横浜MKビル、事務所：3F）,
2026/02/02,神奈川県,大学,立命館大学,一般選抜（試験地）,TKP ガーデンシティ PREMIUM 横浜西口,横浜市西区南幸2-19-9 TKP横浜ビル（旧横浜MKビル、事務所：3F）,
2026/02/02,神奈川県,大学,玉川大学,全学統一等（2/2-2/3のみ）,横浜会場（アットビジネスセンター）,横浜市西区北幸1-8-4,
2026/02/02,岩手県,大学,金沢工業大学,一般試験A,いわて県民情報交流センター キオクシア アイーナ,岩手県盛岡市盛岡駅西通1丁目7番1号,
2026/02/02,岩手県,大学,北海道情報大学,一般1期/英語外部,ホテルパールシティ盛岡,岩手県盛岡市大通3丁目7番19号,
2026/02/02,岐阜県,大学,中部学院大学,一般選抜（本学会場）,関キャンパス,岐阜県関市桐ヶ丘二丁目1番地,
2026/02/02,岐阜県,大学,愛知大学,一般選抜（前期・各方式）,岐阜商工会議所,岐阜県岐阜市神田町2丁目2番地,
2026/02/02,岐阜県,大学,愛知淑徳大学,一般選抜（前期）,岐阜会場,岐阜市金町5-7-2,
2026/02/02,宮城県,大学,東京理科大学,一般選抜B・S方式,仙台試験場（駿台予備学校仙台校）,宮城県仙台市宮城野区榴岡1-5-11,
2026/02/02,宮城県,大学,千葉工業大学,A/SA・B/SB・C日程サテライト,仙台試験場（東北福祉大学 仙台駅東口キャンパス）,宮城県仙台市宮城野区榴岡2-5-26,
2026/02/02,宮城県,大学,専修大学,スカラシップ・全国入試,東北福祉大学 仙台駅東口キャンパス,宮城県仙台市宮城野区榴岡2-5-26,
2026/02/02,宮城県,大学,金沢工業大学,一般A・B/総合選抜,東北福祉大学 仙台駅東口キャンパス,宮城県仙台市宮城野区榴岡2-5-26,
2026/02/02,宮城県,大学,亜細亜大学,全学統一入試 前期,仙台会場（東北福祉大学仙台駅東口キャンパス）,宮城県仙台市宮城野区榴岡2丁目5-26,
2026/02/02,宮城県,大学,東京都市大学,一般選抜 前期・中期,仙台会場（仙台ガーデンパレス）,宮城県仙台市宮城野区榴岡4丁目1-5,
2026/02/02,宮城県,大学,上武大学,一般選抜 全学統一,仙台会場（ホテルＪＡＬシティ仙台）,宮城県仙台市青葉区花京院1-2-12,
2026/02/02,宮城県,大学,國學院大学,一般選抜A日程（地方会場）,仙台会場（TKPガーデンシティPREMIUM仙台西口）,宮城県仙台市青葉区花京院1-2-15 ソララプラザ,
2026/02/02,宮城県,大学,芝浦工業大学,一般選抜（前期/全学統一）,仙台会場（ショーケー本館ビル）,宮城県仙台市青葉区五橋2-11-1,
2026/02/02,宮城県,大学,ものつくり大学,一般A・学力特待・自己推薦II,宮城県地方会場,宮城県仙台市青葉区中央1-10-1,
2026/02/02,宮城県,大学,獨協大学,全学科統一前期・学科別/外検+実施,仙台会場（フォレスト仙台）,宮城県仙台市青葉区柏木1丁目2-45,
2026/02/02,宮城県,大学,流通経済大学,一般選抜(3/2科目・給付・問題選択),TKP仙台西口 ビジネスセンター,宮城県仙台市青葉区本町1-5-31,
2026/02/02,石川県,大学,立命館アジア太平洋大学,スタンダード3/英語重視/共テ+英・国/後期,石川県地場産業振興センター（本館）,金沢市鞍月2-1,
2026/02/02,石川県,大学,立命館大学,一般選抜（試験地）,石川県地場産業振興センター（本館）,金沢市鞍月2-1,
2026/02/02,石川県,大学,名城大学,一般選抜 地区別会場,フレンドパーク石川,金沢市西念3-3-5,
2026/02/02,石川県,大学,愛知淑徳大学,一般選抜（前期）,金沢会場（ITビジネスプラザ武蔵）,金沢市武蔵町14-31,
2026/02/02,石川県,大学,中部大学,特別奨学生・前期A/B・共通テ+,金沢医療技術専門学校,金沢市堀川新町7-1,
2026/02/02,群馬県,大学,東京都市大学,一般選抜 前期・中期,高崎会場（小野池學院）,群馬県高崎市栄町15-3,
2026/02/02,群馬県,大学,日本体育大学,一般選抜A・B日程,高崎会場（エテルナ高崎）,群馬県高崎市栄町22-30 エテルナ高崎,
2026/02/02,群馬県,大学,金沢工業大学,一般試験A,大原スポーツ医療保育専門学校高崎校（大原学園高崎校）,群馬県高崎市下和田町5-3-16,
2026/02/02,群馬県,大学,専修大学,,Gメッセ群馬,群馬県高崎市岩押町12-24,
2026/02/02,群馬県,大学,獨協大学,全学科統一前期・学科別/外検+実施,高崎会場（Gメッセ群馬）,群馬県高崎市岩押町12-24,
2026/02/02,群馬県,大学,芝浦工業大学,一般選抜（前期/全学統一）,高崎会場（Gメッセ群馬）,群馬県高崎市岩押町12-24,
2026/02/02,群馬県,大学,上武大学,一般選抜 全学統一,本学（高崎キャンパス）,群馬県高崎市新町270-1,
2026/02/02,群馬県,大学,千葉工業大学,A/SA・B/SB日程サテライト,高崎試験場（ビエント高崎）,群馬県高崎市問屋町2-7,
2026/02/02,群馬県,大学,流通経済大学,一般選抜(3/2科目・給付・問題選択),ビエント高崎,群馬県高崎市問屋町2-7,
2026/02/02,群馬県,大学,亜細亜大学,全学統一入試 前期,高崎会場（ビエント高崎）,群馬県高崎市問屋町2丁目7,
2026/02/02,東京都,大学,名城大学,一般選抜 地区別会場,TKP新橋汐留カンファレンスセンター,港区東新橋1-1-16 汐留FSビル,
2026/02/02,群馬県,大学,東京電機大学,一般選抜 前期/英語外部/情報系外部/後期,小野池學院,高崎市栄町15-3,
2026/02/02,群馬県,大学,玉川大学,全学統一等（2/2-2/3のみ）,高崎会場（小野池學院）,高崎市栄町15-3,
2026/02/02,埼玉県,大学,東京都市大学,一般選抜 前期・中期,浦和会場（埼玉教育会館）,埼玉県さいたま市浦和区高砂3-12-24,
2026/02/02,埼玉県,大学,芝浦工業大学,一般選抜（前期/全学統一）,大宮キャンパス,埼玉県さいたま市見沼区深作307,
2026/02/02,埼玉県,大学,千葉工業大学,A/SA2-3日目・B/SBサテライト,大宮試験場（駿台予備学校 大宮校）,埼玉県さいたま市大宮区桜木町1-235-3,
2026/02/02,埼玉県,大学,亜細亜大学,全学統一入試 前期・中期,さいたま会場（TKP大宮駅西口カンファレンスセンター）,埼玉県さいたま市大宮区桜木町1丁目8-1 ベルヴュオフィス大宮,
2026/02/02,埼玉県,大学,金沢工業大学,一般試験A,JA共済埼玉ビルディング株式会社,埼玉県さいたま市大宮区土手町1-2,
2026/02/02,埼玉県,大学,成城大学,S方式（全学部統一選抜）,TOIRO さいたまスーパーアリーナ4F,埼玉県さいたま市中央区新都心8番地,
2026/02/02,埼玉県,大学,文教大学,全国/文理2/A/C日程,越谷キャンパス,埼玉県越谷市南荻島3337,
2026/02/02,埼玉県,大学,ものつくり大学,一般A/B/C・小論文面接・自己推薦,ものつくり大学（本学キャンパス）,埼玉県行田市前谷333番地,
2026/02/02,埼玉県,大学,獨協大学,全学科統一前期/後期・学科別/外検+,本学キャンパス,埼玉県草加市学園町1-1,
2026/02/02,埼玉県,大学,埼玉医科大学,保健医療:総合I/II/III・推薦・一般,日高キャンパス,埼玉県日高市山根1397-1,
2026/02/02,埼玉県,大学,東京電機大学,一般選抜 前期/英語外部/情報系外部/後期,埼玉鳩山キャンパス,埼玉県比企郡鳩山町石坂,
2026/02/02,北海道,大学,立命館大学,一般選抜（試験地）,TKPガーデンシティPREMIUM札幌大通,札幌市中央区南1条西1丁目8番地2 高桑ビル5F 〜7F,
2026/02/02,北海道,大学,立命館アジア太平洋大学,スタンダード3,TKPガーデンシティPREMIUM 札幌大通,札幌市中央区南1条西1丁目8番地2 高桑ビル5F〜7F,
2026/02/02,北海道,大学,玉川大学,全学統一等（2/2-2/3のみ）,札幌会場（TKP 札幌カンファレンスセンター北3条）,札幌市中央区北3条西3-1-6 札幌小暮ビル6・7階,
2026/02/02,北海道,大学,名城大学,一般選抜 地区別会場,札幌国際ビル,札幌市中央区北4条西4-1,
2026/02/02,三重県,大学,愛知大学,一般選抜（前期・各方式）,秀英予備校四日市校,三重県四日市市鵜の森1丁目4番1号,
2026/02/02,三重県,大学,大阪産業大学,一般前期A/B/C,アスト津 4階,三重県津市羽所町700番地 アストプラザ,
2026/02/02,三重県,大学,名古屋葵大学,一般選抜I期,津会場（三重県教育文化会館）,三重県津市桜橋2-142,
2026/02/02,三重県,大学,愛知大学,一般選抜（前期・各方式）,三重県教育文化会館,三重県津市桜橋2-142,
2026/02/02,三重県,大学,関西学院大学,全学部日程のみ,プラザ洞津,三重県津市新町1丁目6-28,
2026/02/02,三重県,大学,金沢工業大学,一般試験A,三重電気会館,三重県津市垂水字焼尾2612-93,
2026/02/02,山形県,大学,金沢工業大学,一般試験A,食糧会館,山形県山形市旅篭町3-1-4,
2026/02/02,山梨県,大学,専修大学,,秀英予備学校 山梨本部校,山梨県甲府市丸の内2-15-12,
2026/02/02,山梨県,大学,山梨学院大学,一般選抜（個別）前期・後期、ILA本学,本学会場（山梨学院大学）,山梨県甲府市酒折2-4-5,
2026/02/02,山梨県,大学,千葉工業大学,A/SA・B/SB日程サテライト,甲府試験場（甲斐大学予備校）,山梨県甲府市武田1-2-20,
2026/02/02,三重県,大学,愛知淑徳大学,一般選抜（前期）,四日市会場（じばさん）,四日市市安島1-3-18,
2026/02/02,千葉県,大学,玉川大学,全学統一等（2/2-2/3のみ）,千葉会場（千葉工業大学）,習志野市津田沼2-17-1,
2026/02/02,長野県,大学,愛知淑徳大学,一般選抜（前期）,松本会場（ホテルモンターニュ松本）,松本市巾上3-2,
2026/02/02,長野県,大学,名城大学,一般選抜 地区別会場,松本市駅前会館　松本市歯科医師会館,松本市深志2-3-21,
2026/02/02,長野県,大学,山梨学院大学,一般選抜（個別）前期（松本）,松本会場　信州予備学校,松本市深志2-4-1,
2026/02/02,長野県,大学,中部大学,前期A/B・共通テ+,キッセイ文化ホール,松本市水汲69-2,
2026/02/02,新潟県,大学,金城大学,一般選抜のみ（2/2）,上越会場（上越商工会議所）,新潟県上越市新光町1丁目10-20,
2026/02/02,新潟県,大学,千葉工業大学,A/SA・B/SB日程サテライト,新潟試験場（GARESSO HALL）,新潟県新潟市中央区花園1-2-2 コープシティ花園「ガレッソ」4階,
2026/02/02,新潟県,大学,金沢工業大学,一般試験A,新潟テルサ,新潟県新潟市中央区鐘木185-18,
2026/02/02,新潟県,大学,國學院大学,一般選抜A日程（地方会場）,新潟会場（代々木ゼミナール新潟校）,新潟県新潟市中央区弁天1-4-18,
2026/02/02,新潟県,大学,東京都市大学,一般選抜 前期・中期,新潟会場（代々木ゼミナール新潟校）,新潟県新潟市中央区弁天1-4-18,
2026/02/02,新潟県,大学,獨協大学,全学科統一前期・学科別/外検+実施,新潟会場（代々木ゼミナール新潟校）,新潟県新潟市中央区弁天1-4-18,
2026/02/02,新潟県,大学,北陸大学,一般選抜A日程,新潟法律大学校,新潟県新潟市中央区弁天2-4-21,
2026/02/02,新潟県,大学,成城大学,S方式（全学部統一選抜）,新潟公務員専門学校,新潟県新潟市中央区弁天2-4-21,
2026/02/02,新潟県,大学,上武大学,一般選抜 全学統一,新潟会場（万代シルバーホテル）,新潟県新潟市中央区万代1-3-30,
2026/02/02,新潟県,大学,専修大学,,朱鷺メッセ 新潟コンベンションセンター,新潟県新潟市中央区万代島6-1,
2026/02/02,新潟県,大学,亜細亜大学,全学統一入試 前期,新潟会場（朱鷺メッセ）,新潟県新潟市中央区万代島6番1号,
2026/02/02,新潟県,大学,東京電機大学,一般選抜 前期/英語外部/情報系外部,代々木ゼミナール 新潟校,新潟市中央区弁天1-4-18,
2026/02/02,新潟県,大学,玉川大学,全学統一等（2/2-2/3のみ）,新潟会場（新潟日報メディアシップ）,新潟市中央区万代3-1-1,
2026/02/02,神奈川県,大学,芝浦工業大学,一般選抜（前期/全学統一）,横浜会場（神奈川大学横浜キャンパス）,神奈川県横浜市神奈川区六角橋3-27-1,
2026/02/02,神奈川県,大学,東海大学,医学部一般選抜1次,TKPガーデンシティPREMIUMみなとみらい,神奈川県横浜市西区みなとみらい3-6-3 MMパークビル5-6F,
2026/02/02,神奈川県,大学,東海大学,全学部統一選抜（前期）,TKPガーデンシティPREMIUMみなとみらい,神奈川県横浜市西区みなとみらい3-6-3 MMパークビル5-6F,
2026/02/02,神奈川県,大学,成城大学,S方式（全学部統一選抜）,ビジョンセンター横浜（西口）,神奈川県横浜市西区北幸2-5-15 プレミア横浜西口ビル2F-4F,
2026/02/02,神奈川県,大学,千葉工業大学,A/SA・B/SB日程サテライト,横浜試験場（AP横浜）,神奈川県横浜市西区北幸2-6-1 ONEST横浜西口ビル6階,
2026/02/02,神奈川県,大学,亜細亜大学,全学統一入試 前期・中期,横浜会場（MEET SPACE AP横浜）,神奈川県横浜市西区北幸2丁目6-1 Onest 横浜西口ビル,
2026/02/02,神奈川県,大学,國學院大学,一般選抜A日程・B日程,横浜たまプラーザキャンパス,神奈川県横浜市青葉区新石川三丁目22-1,
2026/02/02,神奈川県,大学,横浜商科大学,一般選抜A・B・C日程,つるみキャンパス,神奈川県横浜市鶴見区東寺尾4-11-1,
2026/02/02,神奈川県,大学,東京都市大学,一般選抜 前期・中期／予備試験場,予備試験場（横浜キャンパス）,神奈川県横浜市都筑区牛久保西3-3-1,
2026/02/02,神奈川県,大学,星槎道都大学,関東(横浜)会場,星槎国際高等学校 横浜鴨居学習センター,神奈川県横浜市都筑区池辺町4654,
2026/02/02,神奈川県,大学,文教大学,文理2/A/B/C日程,湘南キャンパス,神奈川県茅ヶ崎市行谷1100,
2026/02/02,神奈川県,大学,東京都市大学,一般選抜 前期のみ,小田原会場（報徳会館）,神奈川県小田原市城内8-10,
2026/02/02,神奈川県,大学,専修大学,E方式等 一部方式限定,専修大学 生田キャンパス,神奈川県川崎市多摩区東三田2-1-1,
2026/02/02,神奈川県,大学,東京都市大学,一般選抜 前期・中期,藤沢会場（藤沢商工会議所）,神奈川県藤沢市藤沢607-1 藤沢商工会館ミナパーク,
2026/02/02,神奈川県,大学,東海大学,医学部一般選抜1次,湘南キャンパス,神奈川県平塚市北金目4-1-1,
2026/02/02,茨城県,大学,玉川大学,全学統一等（2/2-2/3のみ）,水戸会場（MYM ビル）,水戸市宮町1-2,
2026/02/02,茨城県,大学,東京電機大学,一般選抜 前期/英語外部/情報系外部,駿優教育会館,水戸市三の丸1-1-42,
2026/02/02,青森県,大学,北海道文教大学,一般選抜A日程 青森会場,ハートピアローフク（青森県労働福祉会館）,青森県青森市本町3丁目3-11,
2026/02/02,静岡県,大学,順天堂大学,保健看護AO/推薦/一般A/B/共テ二次,三島キャンパス,静岡県三島市大宮町3-7-33,
2026/02/02,静岡県,大学,流通経済大学,一般選抜(3/2科目・給付・問題選択),沼津リバーサイドホテル,静岡県沼津市上土町100-1,
2026/02/02,静岡県,大学,横浜商科大学,一般選抜A・B日程,静岡会場,静岡県静岡市葵区呉服町2-3-1,
2026/02/02,静岡県,大学,ものつくり大学,一般A・学力特待・自己推薦II,静岡県地方会場,静岡県静岡市葵区御幸町11-8,
2026/02/02,静岡県,大学,國學院大学,一般選抜A日程（地方会場）,静岡会場（レイアップ御幸町ビル）,静岡県静岡市葵区御幸町11-8,
2026/02/02,静岡県,大学,福山平成大学,一般選抜 前期A日程,レイアップ御幸町ビル,静岡県静岡市葵区御幸町11-8,
2026/02/02,静岡県,大学,関西学院大学,全学部日程のみ,静岡商工会議所 静岡事務所,静岡県静岡市葵区黒金町20-8,
2026/02/02,静岡県,大学,千葉工業大学,A/SA・B/SB日程サテライト,静岡試験場（秀英予備校 静岡本部校1号館）,静岡県静岡市葵区鷹匠2-7-1,
2026/02/02,静岡県,大学,東京都市大学,一般選抜 前期・中期,静岡会場（秀英予備校 静岡本部）,静岡県静岡市葵区鷹匠2-7-1,
2026/02/02,静岡県,大学,関西大学,,もくせい会館,静岡県静岡市葵区鷹匠3丁目6-1 もくせい会館,
2026/02/02,静岡県,大学,獨協大学,全学科統一前期・学科別/外検+実施,静岡会場（ツインメッセ静岡）,静岡県静岡市駿河区曲金3-1-10,
2026/02/02,静岡県,大学,専修大学,,グランシップ（静岡県コンベンションアーツセンター）,静岡県静岡市駿河区東静岡2-3-1,
2026/02/02,静岡県,大学,芝浦工業大学,一般選抜（前期/全学統一）,静岡会場（グランシップ）,静岡県静岡市駿河区東静岡2-3-1,
2026/02/02,静岡県,大学,成城大学,S方式（全学部統一選抜）,静岡県コンベンションアーツセンター(グランシップ),静岡県静岡市駿河区東静岡二丁目3番1号,
2026/02/02,静岡県,大学,金沢工業大学,一般試験A・B,学校法人第三静岡学園 静岡学園なごみ高等学校,静岡県静岡市駿河区八幡1-1-1,
2026/02/02,静岡県,大学,亜細亜大学,全学統一入試 前期,静岡会場（静岡学園 なごみ高等学校）,静岡県静岡市駿河区八幡1丁目1-1,
2026/02/02,静岡県,大学,静岡理工科大学,公募制給費/一般前期A・B/後期A・B,本学会場（静岡理工科大学）,静岡県袋井市豊沢2200-2,
2026/02/02,静岡県,大学,人間環境大学,一般入試I期,浜松会場（遠鉄百貨店新館13階会議室）,静岡県浜松市中央区旭町12-1,
2026/02/02,静岡県,大学,名古屋葵大学,総合型I期・一般選抜I期,浜松会場（遠鉄百貨店新館）,静岡県浜松市中央区旭町12-1,
2026/02/02,静岡県,大学,愛知大学,一般選抜（前期・各方式）,浜松労政会館（浜松商工会議所会館7階）,静岡県浜松市中央区東伊場2-7-1,
2026/02/02,静岡県,大学,愛知大学,一般選抜（前期・各方式）,浜松商工会議所会館,静岡県浜松市中央区東伊場2-7-1,
2026/02/02,静岡県,大学,関西学院大学,全学部日程のみ,アクトシティ浜松（コングレスセンター）,静岡県浜松市中央区板屋町111-1,
2026/02/02,静岡県,大学,中部学院大学,,浜松会場,静岡県浜松市中区中央3-9-1,
2026/02/02,静岡県,大学,立命館大学,一般選抜（試験地）,レイアップ御幸町ビル,静岡市葵区御幸町11-8 レイアップ御幸町ビル 5・6・7階（受付2階）,
2026/02/02,静岡県,大学,立命館アジア太平洋大学,スタンダード3/英語重視,レイアップ御幸町ビル,静岡市葵区御幸町11-8 レイアップ御幸町ビル5・6・7階（受付2階）,
2026/02/02,静岡県,大学,東京電機大学,一般選抜 前期/英語外部/情報系外部,静岡労政会館,静岡市葵区黒金町5-1 静岡県勤労者総合会館,
2026/02/02,静岡県,大学,立命館アジア太平洋大学,スタンダード3/英語重視/共テ+英・国,クーポール会館,静岡市葵区紺屋町2-2,
2026/02/02,静岡県,大学,立命館大学,一般選抜（試験地）,クーポール会館,静岡市葵区紺屋町2-2,
2026/02/02,静岡県,大学,名城大学,一般選抜 地区別会場,秀英予備校　静岡校,静岡市葵区鷹匠2-7-1,
2026/02/02,静岡県,大学,名城大学,一般選抜 地区別会場,学校法人名古屋大原学園静岡校,静岡市葵区柚木103-1,
2026/02/02,静岡県,大学,福山大学,一般選抜 前期A日程（静岡）,レイアップ御幸町ビル,静岡市御幸町11-8,
2026/02/02,静岡県,大学,山梨学院大学,一般選抜（個別）前期,静岡会場　グランシップ,静岡市駿河区東静岡2-3-1,
2026/02/02,静岡県,大学,中部大学,特別奨学生・前期A/B・共通テ+,静岡学園なごみ高等学校,静岡市駿河区八幡1-1-1,
2026/02/02,静岡県,大学,玉川大学,全学統一等（2/2-2/3のみ）,静岡会場（静岡学園なごみ高等学校）,静岡市駿河区八幡1-1-1,
2026/02/02,石川県,大学,京都光華大学,基礎学力チャレンジ/一般前期A・B,金沢歌劇座,石川県金沢市下本多町6番丁27番地,
2026/02/02,石川県,大学,大阪商業大学,一般入試 前期,大原ビジネス公務員専門学校 金沢校,石川県金沢市広岡1-1-15,
2026/02/02,石川県,大学,東京都市大学,一般選抜 前期のみ,金沢会場（大原簿記法律観光専門学校金沢校）,石川県金沢市広岡1-1-15,
2026/02/02,石川県,大学,関西学院大学,全日程（一般/個別/英数/共通併用）,大原簿記法律観光専門学校 金沢校,石川県金沢市広岡1-1-15,
2026/02/02,石川県,大学,関西大学,,金沢文化ホール,石川県金沢市高岡町15-1,
2026/02/02,石川県,大学,北陸大学,総合型・推薦・一般A/Bの本学会場,北陸大学 太陽が丘キャンパス,石川県金沢市太陽が丘1-1,
2026/02/02,石川県,大学,京都先端科学大学,一般A(2/2-3)・B・C,石川県文教会館,石川県金沢市尾山町10-5,
2026/02/02,石川県,大学,大阪産業大学,一般前期A/B/C,金沢商工会議所,石川県金沢市尾山町9-13,
2026/02/02,石川県,大学,専修大学,,ホテル金沢,石川県金沢市堀川新町1-1,
2026/02/02,石川県,大学,芝浦工業大学,一般選抜（前期/全学統一）,金沢会場（TKP新幹線口会議室）,石川県金沢市堀川新町2-1 井門金沢ビル,
2026/02/02,石川県,大学,金城大学,総合型・推薦・一般（後期含む）,本学会場（笠間キャンパス）,石川県白山市笠間町1200番地,
2026/02/02,石川県,大学,金沢工業大学,一般A・B/総合・自己推薦,金沢工業大学,石川県野々市市扇が丘7-1,
2026/02/02,宮城県,大学,名城大学,一般選抜 地区別会場,エスポールみやぎ,仙台市宮城野区幸町4-5-1,
2026/02/02,宮城県,大学,東京電機大学,一般選抜 前期/英語外部/情報系外部,東北福祉大学 仙台駅東口キャンパス,仙台市宮城野区榴岡2-5-26,
2026/02/02,宮城県,大学,玉川大学,全学統一等（2/2-2/3のみ）,仙台会場（TKP 仙台青葉通カンファレンスセンター）,仙台市青葉区一番町2-4-1,
2026/02/02,宮城県,大学,北海道科学大学,一般選抜前期,仙台会場（TKPガーデンシティPREMIUM仙台西口）,仙台市青葉区花京院1-2-15 ソララプラザ4階～8階,
2026/02/02,宮城県,大学,立命館アジア太平洋大学,スタンダード3,ハーネル仙台,仙台市青葉区本町2-12-7,
2026/02/02,宮城県,大学,立命館大学,一般選抜（試験地）,ハーネル仙台,仙台市青葉区本町2-12-7,
2026/02/02,東京都,大学,立命館アジア太平洋大学,スタンダード3/後期,大手町プレイス ホール＆カンファレンス,千代田区大手町2-3-1 大手町プレイス（イーストタワー）1F/2F,
2026/02/02,東京都,大学,立命館大学,一般選抜（試験地）,大手町プレイスホール＆カンファレンス,千代田区大手町2-3-1 大手町プレイス（イーストタワー）1F/2F,
2026/02/02,千葉県,大学,順天堂大学,A日程,さくらキャンパス,千葉県印西市平賀学園台1-1,
2026/02/02,千葉県,大学,順天堂大学,薬学部総合型/推薦/一般A/B,浦安・日の出キャンパス,千葉県浦安市日の出6-8-1,
2026/02/02,千葉県,大学,千葉工業大学,本学試験場（津田沼超過時）,新習志野キャンパス,千葉県習志野市芝園2-1-1,
2026/02/02,千葉県,大学,千葉工業大学,A/SA/B/SB/C日程 本学試験場,津田沼キャンパス,千葉県習志野市津田沼2-17-1,
2026/02/02,千葉県,大学,流通経済大学,一般選抜(3/2科目・給付・問題選択・小論文),流通経済大学 新松戸キャンパス1号館 試験場,千葉県松戸市新松戸3-2-1,
2026/02/02,千葉県,大学,国際医療福祉大学,医学部 一般選抜一次・二次,成田試験場（国際医療福祉大学 成田キャンパス）,千葉県成田市公津の杜4-3,
2026/02/02,千葉県,大学,東京都市大学,一般選抜 前期・中期,千葉会場（ペリエホール）,千葉県千葉市中央区新千葉1-1-1 ペリエ千葉7F,
2026/02/02,千葉県,大学,亜細亜大学,全学統一入試 前期・中期,千葉会場（TKP千葉駅東口ビジネスセンター）,千葉県千葉市中央区新町1-20 江澤ビル,
2026/02/02,千葉県,大学,芝浦工業大学,一般選抜（前期/全学統一）,千葉会場（TKPガーデンシティ千葉）,千葉県千葉市中央区問屋町1-45千葉ポートスクエア内,
2026/02/02,千葉県,大学,成城大学,S方式（全学部統一選抜）,幕張メッセ国際会議場,千葉県千葉市美浜区中瀬2-1,
2026/02/02,千葉県,大学,獨協大学,全学科統一前期・学科別/外検+実施,千葉会場（幕張メッセ国際会議場）,千葉県千葉市美浜区中瀬2-1,
2026/02/02,千葉県,大学,東京理科大学,一般選抜B・S方式,野田試験場（野田キャンパス）,千葉県野田市山崎2641,
2026/02/02,神奈川県,大学,東京電機大学,一般選抜 前期/英語外部/情報系外部,川崎市コンベンションホール,川崎市中原区小杉町2丁目276番地1,
2026/02/02,長野県,大学,松本歯科大学,一般選抜Ⅰ期・Ⅱ期・Ⅲ期,松本歯科大学（創立30年記念棟）,長野県塩尻市広丘郷原1780,
2026/02/02,長野県,大学,中部学院大学,,松本会場,長野県松本市中央1-18-1,
2026/02/02,長野県,大学,名古屋葵大学,一般選抜I期,松本会場（長野県理容会館）,長野県松本市中央1-21-3,
2026/02/02,長野県,大学,北陸大学,一般選抜A日程,信濃教育会館,長野県長野市旭町1098,
2026/02/02,長野県,大学,成城大学,S方式（全学部統一選抜）,長野ターミナル会館,長野県長野市岡田町178-2 長野ターミナル会館,
2026/02/02,長野県,大学,亜細亜大学,全学統一入試 前期,長野会場（JA長野県ビル）,長野県長野市大字南長野北石堂町1177-3,
2026/02/02,長野県,大学,千葉工業大学,A/SA日程サテライト,長野試験場（JA長野県ビル アクティーホール）,長野県長野市大字南長野北石堂町1177-3,
2026/02/02,長野県,大学,國學院大学,一般選抜A日程（地方会場）,長野会場（長野ターミナル会館）,長野県長野市中御所岡田178-2,
2026/02/02,長野県,大学,専修大学,,ホテル信濃路,長野県長野市中御所岡田町131-4,
2026/02/02,長野県,大学,東京都市大学,一般選抜 前期・中期,長野会場（ホテル信濃路）,長野県長野市中御所岡田町131-4,
2026/02/02,長野県,大学,獨協大学,全学科統一前期・学科別/外検+実施,長野会場（信学会長野予備学校）,長野県長野市北石堂町1022,
2026/02/02,長野県,大学,金沢工業大学,一般試験A・B,信学会 長野予備学校,長野県長野市北石堂町1022,
2026/02/02,長野県,大学,ものつくり大学,一般A・学力特待・自己推薦II,長野県地方会場,長野県長野市末広町1356,
2026/02/02,長野県,大学,上武大学,一般選抜 全学統一,長野会場（ホテルＪＡＬシティ長野）,長野県長野市問御所町1221,
2026/02/02,長野県,大学,山梨学院大学,一般選抜（個別）前期,長野会場　長野市生涯学習センター,長野市大字鶴賀問御所町1271-3,
2026/02/02,長野県,大学,玉川大学,全学統一等（2/2-2/3のみ）,長野会場（JA 長野県ビル）,長野市大字南長野北石堂町1177-3,
2026/02/02,長野県,大学,東京電機大学,一般選抜 前期/英語外部/情報系外部,JA長野県ビル,長野市北石堂町1177-3,
2026/02/02,三重県,大学,名城大学,一般選抜 地区別会場,津第一ビル,津市羽所町345,
2026/02/02,三重県,大学,名城大学,一般選抜 地区別会場,ホテルグリーンパーク津,津市羽所町700,
2026/02/02,三重県,大学,名城大学,一般選抜 地区別会場,津商工会館,津市丸之内29-14,
2026/02/02,三重県,大学,立命館アジア太平洋大学,スタンダード3,メッセウイングNHW（津市産業・スポーツセンター）,津市北河路町19-1,
2026/02/02,三重県,大学,立命館大学,一般選抜（試験地）,メッセウイングNHW（津市産業・スポーツセンター）,津市北河路町19-1,
2026/02/02,東京都,大学,東京理科大学,一般選抜B・S方式,葛飾試験場（葛飾キャンパス）,東京都葛飾区新宿6-3-1,
2026/02/02,東京都,大学,福岡大学,一般選抜（系統別・前期）,東京会場（タイム 24 ビル）,東京都江東区青海2-4-32,
2026/02/02,東京都,大学,芝浦工業大学,一般選抜（前期/全学統一）,豊洲キャンパス,東京都江東区豊洲3-7-5,
2026/02/02,東京都,大学,東海大学,医学部一般選抜1次,TOC有明（コンベンションホール）,東京都江東区有明3-5-7,
2026/02/02,東京都,大学,吉備国際大学,一般前期AⅠ/AⅡ/B/C,東京会場（TKP品川カンファレンスセンター）,東京都港区高輪3-25-23,
2026/02/02,東京都,大学,北陸大学,一般選抜A日程,TKP品川カンファレンスセンター,東京都港区高輪3-25-23 京急第2ビル,
2026/02/02,東京都,大学,九州医療科学大学,一般選抜前期,TKP品川カンファレンスセンター,東京都港区高輪3丁目25番23号 京急第2ビル,
2026/02/02,東京都,大学,中部大学,特別奨学生・前期A/B・共通テ+,AP新橋,東京都港区新橋1-12-9,
2026/02/02,東京都,大学,国際医療福祉大学,医学部 一般選抜一次・二次,東京試験場①（東京赤坂キャンパス）,東京都港区赤坂4-1-26,
2026/02/02,東京都,大学,聖心女子大学,AO/探究/英外/一般3教科/総合小論,本学キャンパス,東京都渋谷区広尾4-3-1,
2026/02/02,東京都,大学,國學院大学,渋谷近隣会場（2/2のみ実施の可能性）,青山学院大学 青山キャンパス（女子短期大学北校舎・南校舎）,東京都渋谷区渋谷4-4-25,
2026/02/02,東京都,大学,関西学院大学,全日程（一般/個別/英数/共通併用）,代々木ゼミナール本部校 代ゼミタワー,東京都渋谷区代々木2-25-7,
2026/02/02,東京都,大学,実践女子大学,一般選抜Ⅰ〜Ⅲ期,渋谷キャンパス,東京都渋谷区東1-1-49,
2026/02/02,東京都,大学,日本医科大学,一般選抜 前期1次 東京会場,ベルサール渋谷ファースト,東京都渋谷区東1-2-20 住友不動産渋谷ファーストタワーB1・2F,
2026/02/02,東京都,大学,國學院大学,一般選抜A日程・B日程,渋谷キャンパス,東京都渋谷区東四丁目10-28,
2026/02/02,東京都,大学,東京理科大学,一般選抜B・S方式,神楽坂試験場（神楽坂キャンパス）,東京都新宿区神楽坂1-3,
2026/02/02,東京都,大学,山梨学院大学,一般選抜（個別）前期・一部2/6,東京会場　TKP飯田橋ビジネスセンター,東京都新宿区西五軒町3-2,
2026/02/02,東京都,大学,東北学院大学,一般選抜前期B日程,TKP新宿カンファレンスセンター,東京都新宿区西新宿1丁目14-11 Daiwa西新宿ビル,
2026/02/02,東京都,大学,獨協大学,全学科統一前期・学科別/外検+実施,新宿会場（ベルサール新宿グランド）,東京都新宿区西新宿8丁目17-3,
2026/02/02,東京都,大学,順天堂大学,保健医療一般A/B日程,ベルサール高田馬場,東京都新宿区大久保3-8-2 住友不動産新宿ガーデンタワーB2・1F,
2026/02/02,東京都,大学,東京都市大学,一般選抜 前期(2/1-2/3)・中期,本学会場（世田谷キャンパス）,東京都世田谷区玉堤1-28-1,
2026/02/02,東京都,大学,日本体育大学,一般選抜A・B日程,本学会場（東京・世田谷キャンパス）,東京都世田谷区深沢7-1-1,
2026/02/02,東京都,大学,成城大学,S方式・A方式会場,成城大学キャンパス,東京都世田谷区成城6-1-20,
2026/02/02,東京都,大学,東京都市大学,一般選抜 前期のみ,秋葉原会場（UDXカンファレンス）,東京都千代田区外神田4-14-1 秋葉原UDX 6F,
2026/02/02,東京都,大学,松本歯科大学,一般選抜Ⅰ期・Ⅱ期・Ⅲ期,トラストシティカンファレンス・丸の内,東京都千代田区丸の内1-8-1 丸の内トラストタワーN館 11階,
2026/02/02,東京都,大学,獨協大学,全学科統一前期・学科別/外検+実施,東京会場（サピアタワー）,東京都千代田区丸の内1丁目7-12,
2026/02/02,東京都,大学,北海道文教大学,一般選抜A日程 東京会場,アルカディア市ケ谷 私学会館,東京都千代田区九段北4-2-25,
2026/02/02,東京都,大学,二松学舎大学,一般選抜S/A/B/E/G・D方式,九段キャンパス,東京都千代田区三番町6-16,
2026/02/02,東京都,大学,東京歯科大学,全入試の東京会場（推薦～一般I/II等）,水道橋校舎本館（東京会場）,東京都千代田区神田三崎町2-9-18,
2026/02/02,東京都,大学,金沢工業大学,一般試験A・B,駿台予備学校お茶の水校1号館,東京都千代田区神田駿河台2-12,
2026/02/02,東京都,大学,専修大学,前期 学部個別ほか,専修大学 神田キャンパス,東京都千代田区神田神保町3-8,
2026/02/02,東京都,大学,人間環境大学,一般入試I期,東京会場（大原学園 西神田校舎）,東京都千代田区西神田1-3-4,
2026/02/02,東京都,大学,関西大学,,TKP新橋カンファレンスセンター,東京都千代田区内幸町1丁目3-1 新幸橋ビルディング,
2026/02/02,東京都,大学,上武大学,一般選抜 全学統一,東京会場（都市センターホテル）,東京都千代田区平河町2-4-1,
2026/02/02,東京都,大学,文教大学,文理2/A/B/C日程,東京あだちキャンパス,東京都足立区花畑5-6-1,
2026/02/02,東京都,大学,東京電機大学,一般選抜 前期/英語外部/情報系外部/後期,東京千住キャンパス,東京都足立区千住旭町5番,
2026/02/02,東京都,大学,徳島文理大学,一般入試会場（詳細要項参照）,東京都会場　AP東京八重洲,東京都中央区京橋1-10-7,
2026/02/02,東京都,大学,芝浦工業大学,一般選抜（前期/全学統一）,予備会場（KPP八重洲ビル　AP東京八重洲）,東京都中央区京橋1丁目10-7,
2026/02/02,東京都,大学,北海道科学大学,一般選抜前期,東京会場（オフィス東京）,東京都中央区京橋1丁目6-8 コルマ京橋ビル,
2026/02/02,東京都,大学,京都先端科学大学,公募推薦A、一般A・B,ビジョンセンター東京 京橋,東京都中央区京橋3-7-1 相互館110タワー4F・8F,
2026/02/02,東京都,大学,広島工業大学,一般選抜A日程,東京会場（ビジョンセンター東京 京橋）,東京都中央区京橋3丁目7-1,
2026/02/02,東京都,大学,順天堂大学,医療看護一般A日程一次,ベルサール東京日本橋,東京都中央区日本橋2-7-1 東京日本橋タワーB2・4F・5F,
2026/02/02,東京都,大学,聖路加国際大学,一般選抜A方式(1次・2次)/B方式,本学キャンパス,東京都中央区明石町10-1,
2026/02/02,東京都,大学,北海道情報大学,一般1期/2期・英語外部・推薦1期,eDCビル（東京）,東京都中野区中野5丁目62番地1号,
2026/02/02,東京都,大学,玉川大学,全学統一/地域創生/給付型/実技本学,本学キャンパス,東京都町田市玉川学園6-1-1,
2026/02/02,東京都,大学,芝浦工業大学,一般選抜（前期/全学統一）,町田会場（町田市文化交流センター）,東京都町田市原町田4-1-14 プラザ町田,
2026/02/02,東京都,大学,実践女子大学,一般選抜Ⅰ〜Ⅲ期,日野キャンパス,東京都日野市大坂上4-1-1,
2026/02/02,東京都,大学,京都光華大学,一般前期A・B,きゅりあん（品川区立総合区民会館）,東京都品川区東大井5-18-1,
2026/02/02,東京都,大学,亜細亜大学,一般入試/全学統一(前中後)/DS後期,武蔵野キャンパス,東京都武蔵野市境5-8,
2026/02/02,東京都,大学,日本医科大学,一般選抜 前期1次・後期1次,日本医科大学 武蔵境校舎,東京都武蔵野市境南町1-7-1,
2026/02/02,東京都,大学,文京学院大学,全学統一選抜・一般選抜I〜III期,本郷キャンパス,東京都文京区向丘1-19-1,
2026/02/02,東京都,大学,順天堂大学,国際教養前期/中期/後期・医学部二次,本郷・お茶の水キャンパス,東京都文京区本郷2-1-1,
2026/02/02,東京都,大学,東京都市大学,一般選抜 前期・中期,池袋会場（ステーションコンファレンス池袋）,東京都豊島区西池袋1-11-1 メトロポリタンプラザビル2F・12F,
2026/02/02,東京都,大学,千葉工業大学,A/SA・B/SB日程サテライト,東京スカイツリータウン®キャンパス試験場,東京都墨田区押上1-1-2 東京スカイツリータウン® 8階,
2026/02/02,東京都,大学,東京都市大学,一般選抜 前期のみ,立川会場（me:rise TACHIKAWA）,東京都立川市曙町2-8-28 TAMA MIRAI SQUARE 3階,
2026/02/02,東京都,大学,武蔵大学,一般方式（全学部統一等）・共通テスト,武蔵大学 江古田キャンパス,東京都練馬区豊玉上1-26-1,
2026/02/02,神奈川県,大学,東京電機大学,一般選抜 前期/英語外部/情報系外部,藤沢商工会議所,藤沢市藤沢607-1,
2026/02/02,栃木県,大学,専修大学,,TKP宇都宮カンファレンスセンター,栃木県宇都宮市駅前通り1-3-1 KDX宇都宮ビル B1階,
2026/02/02,栃木県,大学,千葉工業大学,A/SA・B/SB日程サテライト,宇都宮試験場（ライトキューブ宇都宮）,栃木県宇都宮市宮みらい1-20,
2026/02/02,栃木県,大学,上武大学,一般選抜 全学統一,宇都宮会場（ホテルマイステイズ宇都宮）,栃木県宇都宮市東宿郷2-4-1,
2026/02/02,栃木県,大学,獨協大学,全学科統一前期・学科別/外検+実施,宇都宮会場（ホテルマイステイズ宇都宮）,栃木県宇都宮市東宿郷2-4-1,
2026/02/02,栃木県,大学,東京都市大学,一般選抜 前期・中期,宇都宮会場（大原簿記情報ビジネス医療専門学校 宇都宮校）,栃木県宇都宮市東宿郷2-5-4,
2026/02/02,栃木県,大学,亜細亜大学,全学統一入試 前期,宇都宮会場（TKPガーデンシティ宇都宮）,栃木県宇都宮市東宿郷2丁目4-4,
2026/02/02,栃木県,大学,足利大学,一般選抜A/B/C/D（工学部）,大前キャンパス,栃木県足利市大前町268-1,
2026/02/02,栃木県,大学,足利大学,一般選抜A/B/C/D（看護学部）,本城キャンパス,栃木県足利市本城3-2100-1,
2026/02/02,千葉県,大学,立命館アジア太平洋大学,スタンダード3/英語重視/共テ+英・国,柏の葉カンファレンスセンター,柏市若柴178-4 ホテル＆レジデンス棟2階,
2026/02/02,千葉県,大学,立命館大学,一般選抜（試験地）,柏の葉カンファレンスセンター,柏市若柴178-4 ホテル＆レジデンス棟2階,
2026/02/02,千葉県,大学,立命館アジア太平洋大学,スタンダード3/英語重視,ハート柏迎賓館,柏市柏233,
2026/02/02,千葉県,大学,立命館大学,一般選抜（試験地）,ハート柏迎賓館,柏市柏233,
2026/02/02,静岡県,大学,名城大学,一般選抜 地区別会場,プレスタワー17階 静岡新聞ホール,浜松市中央区旭町11-1,
2026/02/02,静岡県,大学,名城大学,一般選抜 地区別会場,えんてつホール,浜松市中央区旭町12-1 遠鉄百貨店新館8階,
2026/02/02,静岡県,大学,愛知淑徳大学,一般選抜（前期）,浜松会場,浜松市中央区東伊場1-1-26,
2026/02/02,静岡県,大学,立命館アジア太平洋大学,スタンダード3/英語重視/共テ+英・国,オークラアクトシティホテル浜松,浜松市中央区板屋町111-2,
2026/02/02,静岡県,大学,立命館大学,一般選抜（試験地）,オークラアクトシティホテル浜松,浜松市中央区板屋町111-2,
2026/02/02,静岡県,大学,名城大学,一般選抜 地区別会場,浜北文化センター,浜松市浜名区貴布祢291-1,
2026/02/02,富山県,大学,亜細亜大学,全学統一入試 前期,富山会場（ボルファートとやま）,富山県富山市奥田新町8-1,
2026/02/02,富山県,大学,千葉工業大学,A/SA・B/SB日程サテライト,富山試験場（富山県民会館）,富山県富山市新総曲輪4-18,
2026/02/02,富山県,大学,金沢工業大学,一般試験A,富山県民会館,富山県富山市新総曲輪4-18,
2026/02/02,富山県,大学,金城大学,推薦(11/16)・一般(2/1・2/2),富山会場（富山県民会館）,富山県富山市新総曲輪4番18号,
2026/02/02,富山県,大学,北陸大学,一般選抜A/B日程,富山商工会議所,富山県富山市総曲輪2-1-3,
2026/02/02,富山県,大学,中部学院大学,,富山会場,富山県富山市総曲輪4-18,
2026/02/02,富山県,大学,名城大学,一般選抜 地区別会場,富山県中小企業研修センター,富山市赤江町1-7,
2026/02/02,福井県,大学,北陸大学,一般選抜A日程,福井県自治会館,福井県福井市開発4-202-1,
2026/02/02,福井県,大学,金沢工業大学,一般試験A,福井商工会議所ビル,福井県福井市西木田2-8-1,
2026/02/02,福井県,大学,立命館アジア太平洋大学,スタンダード3,福井市地域交流プラザ（AOSSA6F）,福井市手寄1-4-1 AOSSA,
2026/02/02,福井県,大学,立命館大学,一般選抜（試験地）,福井市地域交流プラザ（AOSSA6F）,福井市手寄1-4-1 AOSSA,
2026/02/02,福井県,大学,名城大学,一般選抜 地区別会場,福井県繊協ビル,福井市大手3-7-1,
2026/02/02,福島県,大学,専修大学,,駿優予備学校 郡山校,福島県郡山市駅前1-12-6,
2026/02/02,福島県,大学,東北学院大学,一般選抜前期B日程,郡山市労働福祉会館,福島県郡山市虎丸町7-7,
2026/02/02,福島県,大学,千葉工業大学,A/SA・B/SB日程サテライト,郡山試験場（郡山商工会議所）,福島県郡山市清水台1-3-8,
2026/02/02,福島県,大学,東北学院大学,一般選抜前期B日程,ラコパふくしま,福島県福島市仲間町4-8,
2026/02/02,愛知県,大学,愛知淑徳大学,一般選抜（前期）,豊橋会場（豊橋商工会議所）,豊橋市花田町字石塚42-1,
2026/02/02,東京都,大学,玉川大学,全学統一等（2/2-2/3のみ）,池袋会場（アットビジネスセンター池袋駅前別館）,豊島区東池袋1-6-4伊藤ビル,
2026/02/02,北海道,大学,星槎道都大学,旭川会場,星槎国際高等学校 旭川学習センター,北海道旭川市2条通11丁目237-1,
2026/02/02,北海道,大学,北海道情報大学,一般1期/英語外部・推薦1期,旭川北洋ビル,北海道旭川市4条通9丁目1703番地,
2026/02/02,北海道,大学,北海道文教大学,本学会場（一般選抜A日程）,北海道文教大学（恵庭キャンパス）,北海道恵庭市黄金中央5丁目196番地の1,
2026/02/02,北海道,大学,北海道情報大学,総合型特別/起業AO・推薦・一般,本学（北海道情報大学）,北海道江別市西野幌59番2,
2026/02/02,北海道,大学,専修大学,,TKPガーデンシティ札幌駅前,北海道札幌市中央区北2条西2-19,
2026/02/02,北海道,大学,金沢工業大学,一般試験A,TKP札幌カンファレンスセンター北3条,北海道札幌市中央区北3条西3-1-6 札幌小暮ビル7階,
2026/02/02,北海道,大学,成城大学,S方式（全学部統一選抜）,ACU-A（アスティ45ビル）,北海道札幌市中央区北4条西5丁目 アスティ45 12F・16F,
2026/02/02,北海道,大学,東京都市大学,一般選抜 前期のみ,札幌会場（会議・研修施設 ACU-A）,北海道札幌市中央区北4条西5丁目 アスティ45 12F・16F,
2026/02/02,北海道,大学,芝浦工業大学,一般選抜（前期/全学統一）,札幌会場（TKP札幌ビジネスセンター赤れんが前）,北海道札幌市中央区北4条西6丁目1,
2026/02/02,北海道,大学,関西学院大学,全学部日程のみ,札幌駅前ビジネススペース,北海道札幌市中央区北5条西6丁目1-23 第二北海道通信ビル2F,
2026/02/02,北海道,大学,日本体育大学,一般選抜A・B日程,札幌会場（アスティ45）,北海道札幌市中央区北四条西5-1 アスティ45,
2026/02/02,北海道,大学,亜細亜大学,全学統一入試 前期,札幌会場（ACU-A）,北海道札幌市中央区北四条西5丁目 アスティ45,
2026/02/02,北海道,大学,日本医療大学,一般選抜 前期・後期,札幌会場（月寒本キャンパス）,北海道札幌市豊平区月寒東3条11丁目1番50号,
2026/02/02,北海道,大学,千葉工業大学,A/SA・B/SB・C日程サテライト,札幌試験場（北海道自治労会館）,北海道札幌市北区北6条西7-5-3,
2026/02/02,北海道,大学,國學院大学,一般選抜A日程（地方会場）,札幌会場（代々木ゼミナール札幌校）,北海道札幌市北区北7条西2-5,
2026/02/02,北海道,大学,東京理科大学,一般選抜B・S方式,札幌試験場（代々木ゼミナール札幌校）,北海道札幌市北区北7条西2-5,
2026/02/02,北海道,大学,獨協大学,全学科統一前期・学科別/外検+実施,札幌会場（代々木ゼミナール札幌校）,北海道札幌市北区北七条西2-5,
2026/02/02,北海道,大学,北海道情報大学,一般1期/英語外部,ホテルグランテラス帯広,北海道帯広市西1条南11丁目2番地,
2026/02/02,北海道,大学,北海道文教大学,一般選抜A日程 帯広会場,とかちプラザ,北海道帯広市西4条南13丁目1,
2026/02/02,北海道,大学,日本医療大学,一般選抜 前期,帯広会場（ソネビル本館）,北海道帯広市西6条南6丁目3,
2026/02/02,北海道,大学,星槎道都大学,帯広会場,とかち館,北海道帯広市西7条南6丁目2番地,
2026/02/02,北海道,大学,星槎道都大学,函館会場,サン・リフレ函館,北海道函館市大森町2番14号,
2026/02/02,北海道,大学,日本医療大学,一般選抜 前期,函館会場（函館市民会館）,北海道函館市湯川町1丁目32-1,
2026/02/02,北海道,大学,北海道情報大学,一般1期/英語外部・推薦1期,ホテル法華クラブ函館,北海道函館市本町27-1,
2026/02/02,北海道,大学,星槎道都大学,本学会場,星槎道都大学,北海道北広島市中の沢149番地,
2026/02/02,愛知県,大学,立命館アジア太平洋大学,スタンダード3/英語重視,愛知県武道館,名古屋市港区丸池町1-1-4,
2026/02/02,愛知県,大学,立命館大学,一般選抜（試験地）,愛知県武道館,名古屋市港区丸池町1-1-4,
2026/02/02,愛知県,大学,名古屋葵大学,総合型I/II・育成型・推薦・一般I/II等,本学 試験会場,名古屋市瑞穂区汐路町3-40,
2026/02/02,愛知県,大学,玉川大学,全学統一等（2/2-2/3のみ）,名古屋会場（代々木ゼミナール）,名古屋市中村区則武1-5-7,
2026/02/02,愛知県,大学,立命館アジア太平洋大学,スタンダード3/英語重視/共テ+英・国/後期,愛知県産業労働センター（ウインクあいち）,名古屋市中村区名駅4-4-38,
2026/02/02,愛知県,大学,立命館大学,一般選抜（試験地）,愛知県産業労働センター（ウインクあいち）,名古屋市中村区名駅4-4-38,
2026/02/02,愛知県,大学,名城大学,一般選抜 名古屋会場,天白キャンパス,名古屋市天白区塩釜口一丁目501番地,
2026/02/02,愛知県,大学,名城大学,一般選抜 名古屋会場,八事キャンパス,名古屋市天白区八事山151,
2026/02/02,愛知県,大学,名城大学,一般選抜 名古屋会場,ナゴヤドーム前キャンパス,名古屋市東区矢田南4-102-10,
2026/02/02,東京都,大学,玉川大学,全学統一等（2/2-2/3のみ）,立川会場（駿台予備学校立川校）,立川市柴崎町3-5-17,
2026/02/02,三重県,大学,名城大学,一般選抜 地区別会場,ホテルグリーンパーク鈴鹿,鈴鹿市白子4-15-20,
2026/02/02,愛知県,大学,名古屋外国語大学,一般選抜前期Ｍ3方式、一般選抜前期Ｍ2方式,名古屋外国語大学　日進キャンパス,愛知県日進市岩崎町竹ノ山57,
2026/02/02,茨城県,大学,大正大学,一般前期,水戸会場（茨城県薬剤師会館）,茨城県水戸市笠原町978番47,
2026/02/02,茨城県,大学,東海大学,全学部統一前期,水戸,茨城県水戸市宫町1-2-22,
2026/02/02,岩手県,大学,東北学院大学,一般前期B日程,アイーナ（いわて県民情報交流センター,岩手県盛岡市盛岡駅西通一丁目7-1,
2026/02/02,岩手県,大学,北海道科学大学,一般選抜前期,ホテルメトロポリタン盛岡 NEW WING,岩手県盛岡市盛岡駅前北通2番27号,
2026/02/02,岐阜県,大学,名古屋外国語大学,一般選抜前期Ｍ3方式、一般選抜前期Ｍ2方式,OKBふれあい会館,岐阜県岐阜市薮田南5-14-53,
2026/02/02,宮城県,大学,大正大学,一般前期,仙台会場（宮城県婦人会館）,宮城県仙台市宮城野区榴ケ岡5,
2026/02/02,宮城県,大学,北海道科学大学,一般選抜前期,TKPガーデンシティPREMIUM仙台西口,宮城県仙台市青葉区花京院1-2-15,
2026/02/02,宮城県,大学,東海大学,全学部統一前期,仙台,宮城県仙台市青葉区中央1-3-1 AER,
2026/02/02,石川県,大学,佛教大学,一般選抜（Ｂ日程）,金沢勤労者プラザ,金沢市北安江3-2-20,
2026/02/02,群馬県,大学,東海大学,全学部統一前期,高崎,群馬県高崎市栄町22-30,
2026/02/02,群馬県,大学,大正大学,一般前期,高崎会場（新島学園短期大学）,群馬県高崎市昭和町53番地,
2026/02/02,埼玉県,大学,東海大学,全学部統一前期,さいたま,埼玉県さいたま市大宮区仲町2-26 富士ソフトビル,
2026/02/02,三重県,大学,名古屋外国語大学,一般選抜前期Ｍ3方式、一般選抜前期Ｍ2方式,三重県勤労者福祉会館,三重県津市栄町1-891,
2026/02/02,山形県,大学,東北学院大学,一般前期B日程,大手門パルズ,山形県山形市木の実町12-37,
2026/02/02,山形県,大学,東北学院大学,一般前期B日程,東京第一ホテル鶴岡,山形県鶴岡市錦町2-10,
2026/02/02,秋田県,大学,東北学院大学,一般前期B日程,秋田県総合保健センター,秋田県秋田市千秋久保田町6-6,
2026/02/02,新潟県,大学,大正大学,一般前期,新潟会場（新潟ユニゾンプラザ）,新潟県新潟市中央区上所2-2-2,
2026/02/02,新潟県,大学,東海大学,全学部統一前期,新潟,新潟県新潟市中央区弁天1-2-4,
2026/02/02,神奈川県,大学,大正大学,一般前期,横浜会場（株式会社新井清太郎商店　館内新井ホール）,神奈川県横浜市中区尾上町1-8 関内新井ビル11階,
2026/02/02,青森県,大学,東北学院大学,一般前期B日程,アスパム（青森県観光物産館）,青森県青森市安方一丁目1-40,
2026/02/02,青森県,大学,北海道科学大学,一般選抜前期,ウェディングプラザアラスカ,青森県青森市新町1丁目11-22,
2026/02/02,青森県,大学,東北学院大学,一般前期B日程,ユートリー,青森県八戸市一番町一丁目9-22,
2026/02/02,静岡県,大学,静岡福祉大学,一般前期,沼津会場（プラザヴェルデ4F）,静岡県沼津市大手町1-1-4,
2026/02/02,静岡県,大学,大正大学,一般前期,静岡会場（レイアップ御幸町ビル）,静岡県静岡市葵区御幸町11-8,
2026/02/02,静岡県,大学,東海大学,全学部統一前期,静岡,静岡県静岡市清水区折3-20-1,
2026/02/02,静岡県,大学,静岡福祉大学,一般前期,浜松会場（ホテルクラウンパレス浜松5F）,静岡県浜松市中央区板屋町110-17,
2026/02/02,静岡県,大学,佛教大学,一般選抜（Ｂ日程）,浜松市総合産業展示館,静岡県浜松市中央区流通元町20-2,
2026/02/02,静岡県,大学,名古屋外国語大学,一般選抜前期Ｍ3方式、一般選抜前期Ｍ2方式,秀英予備校 浜松本部校,静岡県浜松市中央区連尺町309-11,
2026/02/02,石川県,大学,東海大学,全学部統一前期,金沢,石川県金沢市上堤町1-33 金沢,
2026/02/02,石川県,大学,名古屋外国語大学,一般選抜前期Ｍ3方式、一般選抜前期Ｍ2方式,協同組合金沢問屋センター金沢流通会館,石川県金沢市問屋町2-61,
2026/02/02,東京都,大学,愛知学院大学,,東京,千代田区神田 三崎町2-7-10 帝都三崎町ビル,
2026/02/02,千葉県,大学,大正大学,一般前期,千葉会場（トーセイホテル＆セミナー幕張）,千葉県習志野市茜浜2-3-2,
2026/02/02,千葉県,大学,東海大学,全学部統一前期,津田沼,千葉県習志野市谷津1-15-33,
2026/02/02,東京都,大学,名古屋外国語大学,一般選抜前期Ｍ3方式、一般選抜前期Ｍ2方式,味覚糖UHA館　TKP 浜松町カンファレンスセンター,東京都港区浜松町1-26-1,
2026/02/02,東京都,大学,佛教大学,一般選抜（Ｂ日程）,TKP東京駅大手町カンファレンスセンター,東京都千代田区大手町1-8-1 KDDI大手町ビル22F,
2026/02/02,東京都,大学,北海道科学大学,一般選抜前期,オフィス東京,東京都中央区京橋1丁目6-8 コルマ京橋ビル,
2026/02/02,東京都,大学,杏林大学,,五反田TOC,東京都品川区西五反田7-22-17,
2026/02/02,栃木県,大学,大正大学,一般前期,宇都宮会場（栃木県総合文化センター）,栃木県宇都宮市本町1-8,
2026/02/02,北海道,大学,北海道科学大学,一般選抜前期,旭川北洋ビル,北海道旭川市4条通9丁目1703番地,
2026/02/02,北海道,大学,北海道科学大学,一般選抜前期,道東経済センタービル,北海道釧路市大町1-1-1,
2026/02/02,北海道,大学,東海大学,全学部統一前期,札幌,北海道札幌市南区南沢5条1-1-1,
2026/02/02,北海道,大学,北海道科学大学,一般選抜前期,帯広経済センタービル（帯広商工会議所）,北海道帯広市西3条南9丁目23番地,
2026/02/02,北海道,大学,北海道科学大学,一般選抜前期,プレミアホテル -CABIN PRESIDENT- 函館,北海道函館市若松町14-10,
2026/02/02,北海道,大学,東北学院大学,一般前期B日程,函館北洋ビル,北海道函館市若松町15-7,
2026/02/02,北海道,大学,北海道科学大学,一般選抜前期,北見プラザホテル,北海道北見市とん田東町617-139,
2026/02/02,愛知県,大学,佛教大学,一般選抜（Ｂ日程）,AP名古屋,名古屋市中村区名駅4丁目10番25号名駅IMAIビル,
