日付,都道府県,学校種,学校名,試験名,試験地,住所,時間
2026/02/03,東京都,中学校,お茶の水女子大学附属,一般(男子),本校,東京都文京区大塚2-1-1,
2026/02/03,東京都,中学校,お茶の水女子大学附属,一般(女子),本校,東京都文京区大塚2-1-1,
2026/02/03,東京都,中学校,筑波大学附属,一般(男子),本校,東京都文京区大塚1-9-1,
2026/02/03,東京都,中学校,筑波大学附属,一般(女子),本校,東京都文京区大塚1-9-1,
2026/02/03,東京都,中学校,筑波大学附属駒場,２次(学力),本校,東京都世田谷区池尻4-7-1,
2026/02/03,東京都,中学校,東京学芸大学附属小金井,一般,本校,東京都小金井市貫井北町4-1-1,
2026/02/03,東京都,中学校,東京学芸大学附属国際中等教育学校,Ａ方式,本校,東京都練馬区東大泉5丁目22-1,
2026/02/03,東京都,中学校,東京学芸大学附属国際中等教育学校,Ｂ方式,本校,東京都練馬区東大泉5丁目22-1,
2026/02/03,東京都,中学校,東京学芸大学附属世田谷,一般(男子),本校,東京都世田谷区深沢4-3-1,
2026/02/03,東京都,中学校,東京学芸大学附属世田谷,一般(女子),本校,東京都世田谷区深沢4-3-1,
2026/02/03,東京都,中学校,東京学芸大学附属竹早,一般(男子),本校,東京都文京区小石川4-2-1,
2026/02/03,東京都,中学校,東京学芸大学附属竹早,一般(女子),本校,東京都文京区小石川4-2-1,
2026/02/03,東京都,中学校,東京大学教育学部附属中等教育学校,一般児(男子),本校,東京都中野区南台1丁目15-1,
2026/02/03,東京都,中学校,東京大学教育学部附属中等教育学校,一般児(女子),本校,東京都中野区南台1丁目15-1,
2026/02/03,東京都,中学校,東京大学教育学部附属中等教育学校,双生児･三つ子,本校,東京都中野区南台1丁目15-1,
2026/02/03,東京都,中学校,桜修館中等教育学校,一般,本校,東京都目黒区八雲1-1-2,
2026/02/03,東京都,中学校,小石川中等教育学校,一般,本校,東京都文京区本駒込2-29-29,
2026/02/03,東京都,中学校,立川国際中等教育学校,一般,本校,東京都立川市曙町3-29-37,
2026/02/03,東京都,中学校,白鴎高校附属,一般,本校,台東区元浅草1-6-22,
2026/02/03,東京都,中学校,富士高校附属,一般,本校,東京都中野区弥生町5-21-1,
2026/02/03,東京都,中学校,三鷹中等教育学校,一般,本校,東京都三鷹市新川6-21-21,
2026/02/03,東京都,中学校,南多摩中等教育学校,一般,本校,東京都八王子市明神町4-20-1,
2026/02/03,東京都,中学校,武蔵高校附属,一般,本校,東京都武蔵野市境4-13-28,
2026/02/03,東京都,中学校,両国高校附属,一般,本校,東京都墨田区江東橋1-7-14,
2026/02/03,東京都,中学校,区立,区分Ａ,本校,東京都千代田区九段北２丁目２−１,
2026/02/03,東京都,中学校,区立,区分Ｂ,本校,東京都千代田区九段北2丁目2-1,
2026/02/03,東京都,中学校,愛国,３回,本校,東京都江戸川区西小岩5-7-1,
2026/02/03,東京都,中学校,足立学園,３回,本校,東京都足立区千住旭町40-24,
2026/02/03,東京都,中学校,足立学園,特奨③,本校,東京都足立区千住旭町40-24,PM
2026/02/03,東京都,中学校,郁文館,iP class選抜②,本校,東京都文京区向丘2-19-1,PM
2026/02/03,東京都,中学校,郁文館,２科･４科選抜①,本校,東京都文京区向丘2-19-1,AM
2026/02/03,東京都,中学校,上野学園,３日,本校,東京都台東区東上野4-24-12,
2026/02/03,東京都,中学校,上野学園,３回,本校,東京都台東区東上野4-24-12,
2026/02/03,東京都,中学校,江戸川女子,一般4科③,本校,東京都江戸川区東小岩5-22-1,
2026/02/03,東京都,中学校,桜美林,３回,本校,東京都町田市常盤町3758,PM
2026/02/03,東京都,中学校,鴎友学園女子,２回,本校,東京都世田谷区宮坂1-5-30,
2026/02/03,東京都,中学校,大妻,３回,本校,東京都千代田区三番町12,
2026/02/03,東京都,中学校,大妻中野,４回,本校,東京都中野区上高田2-3-7,
2026/02/03,東京都,中学校,大妻中野,２回,本校,東京都中野区上高田2-3-7,
2026/02/03,東京都,中学校,海城,一般２回,本校,東京都新宿区大久保3-6-1,
2026/02/03,東京都,中学校,開智日本橋学園,３回,本校,東京都中央区日本橋馬喰町2-7-6,PM
2026/02/03,東京都,中学校,かえつ有明,3日PM(特待),本校,東京都江東区東雲2-16-1,PM
2026/02/03,東京都,中学校,かえつ有明,AL思考力,本校,東京都江東区東雲2-16-1,PM
2026/02/03,東京都,中学校,学習院,２回,本校,東京都豊島区目白1丁目5-1,
2026/02/03,東京都,中学校,学習院女子,一般Ｂ,本校,東京都新宿区戸山3丁目20-1,
2026/02/03,東京都,中学校,川村,ｾﾚｸﾄ③,本校,東京都豊島区目白2-22-3,
2026/02/03,東京都,中学校,共栄学園,４回,本校,東京都葛飾区お花茶屋2-6-1,
2026/02/03,東京都,中学校,暁星,２回,本校,東京都千代田区富士見1-2-5,PM
2026/02/03,東京都,中学校,共立女子,2/3午後入試,本校,東京都千代田区一ツ橋２－２－１,PM
2026/02/03,東京都,中学校,共立女子,2/3午後入試(合科型),本校,東京都千代田区一ツ橋２－２－１,PM
2026/02/03,東京都,中学校,共立女子第二,③ＡＭ,本校,東京都八王子市元八王子町１－７１０,
2026/02/03,東京都,中学校,国立音楽大学附属,２回(総合音楽),本校,東京都国立市西２－１２－１９,
2026/02/03,東京都,中学校,国本女子,３回,本校,東京都世田谷区喜多見８－１５－３３,PM
2026/02/03,東京都,中学校,慶應義塾中等部,１次(男子),本校,東京都港区三田２丁目１７−１０,
2026/02/03,東京都,中学校,慶應義塾中等部,１次(女子),本校,東京都港区三田２丁目１７−１０,
2026/02/03,東京都,中学校,京華,３回,本校,東京都文京区白山５－６－６,
2026/02/03,東京都,中学校,京華女子,③ＰＭ(2科･得意),本校,東京都文京区白山５－６－６,PM
2026/02/03,東京都,中学校,恵泉女学園,３回,本校,東京都世田谷区船橋５－８－１,PM
2026/02/03,東京都,中学校,小石川淑徳学園,３回ｽｶﾗｼｯﾌﾟ,本校,東京都文京区小石川３－１４－３,PM
2026/02/03,東京都,中学校,工学院大学附属,３回,本校,東京都八王子市中野町２６４７－２,PM
2026/02/03,東京都,中学校,麴町学園女子,３回,本校,東京都千代田区麹町３丁目８,
2026/02/03,東京都,中学校,佼成学園,３回,本校,東京都杉並区和田２－６－２９,
2026/02/03,東京都,中学校,佼成学園,ＳＥ入試,本校,東京都杉並区和田２－６－２９,
2026/02/03,東京都,中学校,佼成学園女子,③ＡＭ(一般),本校,東京都世田谷区給田２－１－１,AM
2026/02/03,東京都,中学校,佼成学園女子,③ＰＭ(特待･ﾌﾟﾚｾﾞﾝ),本校,東京都世田谷区給田２－１－１,PM
2026/02/03,東京都,中学校,佼成学園女子,③ＰＭ(特待),本校,東京都世田谷区給田２－１－１,PM
2026/02/03,東京都,中学校,国学院大学久我山,２回,本校,東京都杉並区久我山１－９－１,PM
2026/02/03,東京都,中学校,サレジアン国際学園,５回(ｽｶﾗｼｯﾌﾟ),本校,東京都北区赤羽台４－２－１４,PM
2026/02/03,東京都,中学校,サレジアン国際学園世田谷,４回(MEDICO),本校,東京都世田谷区大蔵２－８－１,
2026/02/03,東京都,中学校,実践学園,教科３回,本校,東京都中野区中央２－３４－２,AM
2026/02/03,東京都,中学校,実践学園,給費生選抜２回,本校,東京都中野区中央２－３４－２,PM
2026/02/03,東京都,中学校,実践女子学園,⑤ＰＭ,本校,東京都渋谷区東１－１－１１,PM
2026/02/03,東京都,中学校,品川翔英,５回,本校,東京都品川区西大井１－６－１３,PM
2026/02/03,東京都,中学校,芝国際,2/3午後(特待),本校,東京都港区芝４－１－３０,PM
2026/02/03,東京都,中学校,修徳,５回,本校,東京都葛飾区青戸８－１０－１,PM
2026/02/03,東京都,中学校,十文字,得意型,本校,東京都豊島区北大塚１－１０－３３,PM
2026/02/03,東京都,中学校,淑徳,③東大選抜･特待,本校,東京都板橋区前野町５－１４－１,PM
2026/02/03,東京都,中学校,淑徳,②ｽｰﾊﾟｰ特進,本校,東京都板橋区前野町５－１４－１,AM
2026/02/03,東京都,中学校,淑徳巣鴨,３回,本校,東京都豊島区西巣鴨２－２２－１６,
2026/02/03,東京都,中学校,聖徳学園,ＡＭ②,本校,東京都武蔵野市境南町２－１１－８,
2026/02/03,東京都,中学校,女子聖学院,４回,本校,東京都北区中里３－１２－２,AM
2026/02/03,東京都,中学校,女子聖学院,５回,本校,東京都北区中里３－１２－２,PM
2026/02/03,東京都,中学校,女子美術大学付属,３回,本校,東京都杉並区和田１－４９－８,
2026/02/03,東京都,中学校,聖学院,③ｱﾄﾞﾊﾞﾝｽﾄ,本校,東京都北区中里３－１２－１,PM
2026/02/03,東京都,中学校,聖学院,ｸﾞﾛｰﾊﾞﾙ思考力,本校,東京都北区中里３－１２－１,PM
2026/02/03,東京都,中学校,成城,２回,本校,東京都新宿区原町３－８７,
2026/02/03,東京都,中学校,成城学園,２回(男子),本校,東京都世田谷区成城６－１－２０,
2026/02/03,東京都,中学校,成城学園,２回(女子),本校,東京都世田谷区成城６－１－２０,
2026/02/03,東京都,中学校,聖ドミニコ学園,４回,本校,東京都世田谷区岡本１－１０－１,PM
2026/02/03,東京都,中学校,成立学園,５回(特待),本校,東京都北区東十条６－９－１３,PM
2026/02/03,東京都,中学校,創価,ﾌﾟﾚｾﾞﾝ型入試,本校,東京都小平市小川町１－８６０,
2026/02/03,東京都,中学校,瀧野川女子学園,５回,本校,東京都北区上中里１－２７－７,
2026/02/03,東京都,中学校,玉川聖学院,３回,本校,東京都世田谷区奥沢７－１１－２２,
2026/02/03,東京都,中学校,多摩大学附属聖ヶ丘,４回(ﾘｽﾆﾝｸﾞ),本校,東京都多摩市聖ヶ丘４－１－１,PM
2026/02/03,東京都,中学校,多摩大学目黒,特待･特進３回,本校,東京都目黒区下目黒４－１０－２４,PM
2026/02/03,東京都,中学校,帝京大学,３回,本校,東京都八王子市越野３２２,PM
2026/02/03,東京都,中学校,貞静学園,２科③,本校,東京都文京区大塚１－２－１０,AM
2026/02/03,東京都,中学校,貞静学園,１科③,本校,東京都文京区大塚１－２－１０,PM
2026/02/03,東京都,中学校,東海大学付属高輪台,２回,本校,東京都港区高輪２－２－１６,
2026/02/03,東京都,中学校,東京家政学院,３回,本校,東京都千代田区三番町２２,PM
2026/02/03,東京都,中学校,東京家政大学附属女子,５回,本校,東京都板橋区加賀１－１８－１,PM
2026/02/03,東京都,中学校,東京女学館,４回,本校,東京都渋谷区広尾３－７－１６,
2026/02/03,東京都,中学校,東京都市大学等々力,２回(Ｓ特選ﾁｬﾚﾝｼﾞ),本校,東京都世田谷区等々力８－１０－１,PM
2026/02/03,東京都,中学校,東京都市大学付属,ｸﾞﾛｰﾊﾞﾙ,本校,東京都世田谷区成城１－１３－１,
2026/02/03,東京都,中学校,東京都市大学付属,３回,本校,東京都世田谷区成城１－１３－１,
2026/02/03,東京都,中学校,東洋英和女学院,Ｂ日程,本校,東京都港区六本木５－１４－４０,
2026/02/03,東京都,中学校,トキワ松学園,４回,本校,東京都目黒区碑文谷４－１７－１６,PM
2026/02/03,東京都,中学校,豊島岡女子学園,2回(4科),本校,東京都豊島区東池袋１－２５－２２,
2026/02/03,東京都,中学校,豊島岡女子学園,2回(算数･英語資格),本校,東京都豊島区東池袋１－２５－２２,
2026/02/03,東京都,中学校,日本工業大学駒場,⑤教科型,本校,東京都目黒区駒場１－３５－３２,
2026/02/03,東京都,中学校,新渡戸文化,ﾏｲ探究,本校,東京都中野区本町６－３８－１,PM
2026/02/03,東京都,中学校,日本大学第一,２科１回,本校,東京都墨田区横網１－５－２,
2026/02/03,東京都,中学校,日本大学第二,２回(男子),本校,東京都杉並区天沼１－４５－３３,
2026/02/03,東京都,中学校,日本大学第二,２回(女子),本校,東京都杉並区天沼１－４５－３３,
2026/02/03,東京都,中学校,日本大学第三,３回,本校,東京都町田市図師町１１－２３７５,
2026/02/03,東京都,中学校,日本大学豊山,３回,本校,東京都文京区大塚５－４０－１０,AM
2026/02/03,東京都,中学校,日本大学豊山,４回,本校,東京都文京区大塚５－４０－１０,PM
2026/02/03,東京都,中学校,八王子学園八王子,特進入試,本校,東京都八王子市台町４－３５－１,PM
2026/02/03,東京都,中学校,広尾学園,国際生AG,本校,東京都港区南麻布５－１－１４,
2026/02/03,東京都,中学校,広尾学園小石川,３回,本校,東京都文京区本駒込２－２９－１,PM
2026/02/03,東京都,中学校,富士見,３回(一般･英語資格),本校,東京都練馬区中村北４－８－２６,
2026/02/03,東京都,中学校,富士見丘,一般④,本校,東京都渋谷区笹塚３－１９－９,PM
2026/02/03,東京都,中学校,富士見丘,英語資格④,本校,東京都渋谷区笹塚３－１９－９,PM
2026/02/03,東京都,中学校,藤村女子,2科④･英語,本校,東京都武蔵野市吉祥寺本町２－１６－３,
2026/02/03,東京都,中学校,文化学園大学杉並,５回,本校,東京都杉並区阿佐谷南３－４８－１６,
2026/02/03,東京都,中学校,文京学院大学女子,３回,本校,東京都文京区本駒込６－１８－３,PM
2026/02/03,東京都,中学校,法政大学,２回(男子),本校,東京都三鷹市牟礼４－３－１,
2026/02/03,東京都,中学校,法政大学,２回(女子),本校,東京都三鷹市牟礼４－３－１,
2026/02/03,東京都,中学校,三田国際科学学園,ＭＳＴ入試,本校,東京都世田谷区用賀２－１６－１,PM
2026/02/03,東京都,中学校,三輪田学園,３回,本校,東京都千代田区九段北３－３－１５,
2026/02/03,東京都,中学校,武蔵野大学,ｳｪﾙﾋﾞｰｲﾝｸﾞ,本校,東京都西東京市新町１－１－２０,PM
2026/02/03,東京都,中学校,明治大学付属八王子,Ａ方式２回(男子),本校,東京都八王子市戸吹町１１００,
2026/02/03,東京都,中学校,明治大学付属八王子,Ａ方式２回(女子),本校,東京都八王子市戸吹町１１００,
2026/02/03,東京都,中学校,明治大学付属明治,２回(男子),本校,東京都調布市富士見町４－２３－２５,
2026/02/03,東京都,中学校,明治大学付属明治,２回(女子),本校,東京都調布市富士見町４－２３－２５,
2026/02/03,東京都,中学校,明星,４回,本校,東京都府中市栄町１－１,AM
2026/02/03,東京都,中学校,明星,５回,本校,東京都府中市栄町１－１,PM
2026/02/03,東京都,中学校,目黒学院,３回,本校,東京都目黒区中目黒１－１－５０,PM
2026/02/03,東京都,中学校,八雲学園,得意２科,本校,東京都目黒区八雲２－１４－１,PM
2026/02/03,東京都,中学校,安田学園,５回,本校,東京都墨田区横網２－２－２５,
2026/02/03,東京都,中学校,山脇学園,理数探究,本校,東京都港区赤坂４－１０－３６,PM
2026/02/03,東京都,中学校,立正大学付属立正,３回,本校,東京都大田区西馬込１－５－１,
2026/02/03,東京都,中学校,早稲田,２回,本校,東京都新宿区馬場下町６２,
2026/02/03,東京都,中学校,和洋九段女子,４回,本校,東京都千代田区九段北１－１２－１２,AM
2026/02/03,東京都,中学校,和洋九段女子,５回,本校,東京都千代田区九段北１－１２－１２,PM
2026/02/03,神奈川県,中学校,横浜国立大学,一般,本校,神奈川県鎌倉市雪ノ下3-5-10,
2026/02/03,神奈川県,中学校,横浜国立大学,一般,本校,神奈川県横浜市南区大岡２－３１－３,
2026/02/03,神奈川県,中学校,相模原中等教育学校,一般,本校,神奈川県相模原市南区相模大野４丁目１−１,
2026/02/03,神奈川県,中学校,平塚中等教育学校,一般,本校,神奈川県平塚市大原１−１３,
2026/02/03,神奈川県,中学校,川崎市立川崎高校附属,一般,本校,神奈川県川崎市川崎区中島３丁目３−１,
2026/02/03,神奈川県,中学校,横浜市立南高校附属,一般,本校,神奈川県横浜市港南区東永谷２丁目１−１,
2026/02/03,神奈川県,中学校,横浜市立横浜ｻｲｴﾝｽﾌﾛﾝﾃｨｱ,一般,本校,神奈川県横浜市鶴見区小野町6−６,
2026/02/03,神奈川県,中学校,青山学院横浜英和,Ｂ日程,本校,神奈川県横浜市南区蒔田町１２４,
2026/02/03,神奈川県,中学校,浅野,一般,本校,神奈川県横浜市神奈川区子安台１－３－１,
2026/02/03,神奈川県,中学校,大西学園,Ｃ日程,本校,神奈川県川崎市中原区小杉町２－２８４,
2026/02/03,神奈川県,中学校,鎌倉国際文理,2/3ＡＭ,本校,神奈川県鎌倉市岩瀬1420,
2026/02/03,神奈川県,中学校,鎌倉女学院,３次,本校,神奈川県鎌倉市由比ガ浜２－１０－４,
2026/02/03,神奈川県,中学校,カリタス女子,４回,本校,神奈川県川崎市多摩区中野島４－６－１,
2026/02/03,神奈川県,中学校,関東学院,一期Ｃ,本校,神奈川県横浜市南区三春台４,
2026/02/03,神奈川県,中学校,関東学院六浦,自己ｱﾋﾟｰﾙ型,本校,神奈川県横浜市金沢区六浦東１－５０－１,
2026/02/03,神奈川県,中学校,北鎌倉女子学園,国①･算①,本校,神奈川県鎌倉市山ノ内９１３,
2026/02/03,神奈川県,中学校,公文国際学園,Ｂ入試,本校,神奈川県横浜市戸塚区小雀町７７７,
2026/02/03,神奈川県,中学校,自修館中等教育学校,Ｃ,本校,神奈川県伊勢原市見附島411,
2026/02/03,神奈川県,中学校,湘南学園,Ｃ日程,本校,神奈川県藤沢市鵠沼松が岡３－４－２７,
2026/02/03,神奈川県,中学校,逗子開成,２次,本校,神奈川県逗子市新宿２－５－１,
2026/02/03,神奈川県,中学校,星槎,３回,本校,神奈川県横浜市緑区霧が丘６－１３,
2026/02/03,神奈川県,中学校,聖セシリア女子,Ａ方式３次,本校,神奈川県大和市南林間３－１０－１,
2026/02/03,神奈川県,中学校,清泉女学院,ＳＰ,本校,神奈川県鎌倉市城廻２００,
2026/02/03,神奈川県,中学校,聖ヨゼフ学園,３回,本校,神奈川県横浜市鶴見区東寺尾北台１１－１,
2026/02/03,神奈川県,中学校,聖和学院,３回,本校,神奈川県逗子市久木２－２－１,
2026/02/03,神奈川県,中学校,捜真女学校,対話学力,本校,神奈川県横浜市神奈川区中丸８,
2026/02/03,神奈川県,中学校,東海大学付属相模,Ｂ試験,本校,神奈川県相模原市南区相南３－３３－１,
2026/02/03,神奈川県,中学校,桐光学園,３回,本校,神奈川県川崎市麻生区栗木３－１２－１,
2026/02/03,神奈川県,中学校,藤嶺学園藤沢,得意2科Ａ,本校,神奈川県藤沢市西富１－７－１,
2026/02/03,神奈川県,中学校,日本女子大学附属,３回,本校,神奈川県川崎市多摩区西生田１－１－１,
2026/02/03,神奈川県,中学校,武相,２回,本校,神奈川県横浜市港北区仲手原２－３４－１,
2026/02/03,神奈川県,中学校,聖園女学院,国算ﾊｰﾌ①,本校,神奈川県藤沢市みその台１－４,
2026/02/03,神奈川県,中学校,山手学院,Ｂ日程,本校,神奈川県横浜市栄区上郷町４６０,
2026/02/03,神奈川県,中学校,横須賀学院,３次,本校,神奈川県横須賀市稲岡町８２,
2026/02/03,神奈川県,中学校,横浜共立学園,Ｂ方式,本校,神奈川県横浜市中区山手町２１２,
2026/02/03,神奈川県,中学校,横浜女学院,Ｅ①,本校,神奈川県横浜市中区山手町２０３,
2026/02/03,神奈川県,中学校,横浜翠陵,一般④,本校,神奈川県横浜市緑区三保町１,
2026/02/03,神奈川県,中学校,横浜創英,４回(ｺﾝﾋﾟﾃﾝｼｰ),本校,神奈川県横浜市神奈川区西大口２８,
2026/02/03,神奈川県,高等学校,法政大学国際,推薦,本校,神奈川県横浜市鶴見区岸谷１－１３－１,
2026/02/03,千葉県,中学校,東海大学付属浦安,後期,本校,千葉県浦安市東野３－１１－１,
2026/02/03,千葉県,中学校,千葉明徳,２回,本校,千葉県千葉市中央区南生実町１４１２,
2026/02/03,千葉県,中学校,千葉明徳,３回Ａ,本校,千葉県千葉市中央区南生実町１４１２,
2026/02/03,千葉県,中学校,千葉明徳,３回Ｂ,本校,千葉県千葉市中央区南生実町１４１２,
2026/02/03,埼玉県,高等学校,筑波大学附属坂戸,,本校,埼玉県坂戸市千代田１－２４－１,
2026/02/03,静岡県,高等学校,常葉大学附属菊川,文理ｺｰｽ,本校,静岡県菊川市半済１５５０,
2026/02/03,静岡県,高等学校,御殿場西,ﾌﾛﾝﾃｨｱ探究ｺｰｽ進学選抜,本校,静岡県御殿場市ぐみ沢６４４－１,
2026/02/03,静岡県,高等学校,日本大学三島,総合進学ｺｰｽ,本校,静岡県三島市文教町２－３１－１４５,
2026/02/03,静岡県,高等学校,知徳,大進ｺｰｽ,本校,静岡県駿東郡長泉町竹原３５４,
2026/02/03,静岡県,高等学校,加藤学園暁秀,特進ｺｰｽ,本校,静岡県沼津市岡宮字中見代１３６１－１,
2026/02/03,静岡県,高等学校,桐陽,英数進学ｺｰｽ,本校,静岡県沼津市高島本町８－５２,
2026/02/03,静岡県,高等学校,誠恵,ｽﾀﾝﾀﾞｰﾄﾞ,本校,静岡県沼津市沼北町２－９－１２,
2026/02/03,静岡県,高等学校,沼津中央,普通,本校,静岡県沼津市杉崎町１１－２０,
2026/02/03,静岡県,高等学校,加藤学園,αｺｰｽ,本校,静岡県沼津市大岡自由ヶ丘１９７９,
2026/02/03,静岡県,高等学校,飛龍,総合ｽﾎﾟｰﾂｺｰｽ,本校,静岡県沼津市東熊堂４９１,
2026/02/03,静岡県,高等学校,焼津,総合,本校,静岡県焼津市中港１－１－８,
2026/02/03,静岡県,高等学校,不二聖心女子学院,普通,本校,静岡県裾野市桃園１９８,
2026/02/03,静岡県,高等学校,常葉大学附属常葉,普通,本校,静岡県静岡市葵区水落町１番３０号,
2026/02/03,静岡県,高等学校,常葉大学附属橘,総合芸術ｺｰｽ,本校,静岡県静岡市葵区瀬名2-1-1,
2026/02/03,静岡県,高等学校,静岡北,普通,本校,静岡県静岡市葵区瀬名5-14-1,
2026/02/03,静岡県,高等学校,静岡英和女学院,普通,本校,静岡県静岡市葵区西草深町8-1,
2026/02/03,静岡県,高等学校,静岡大成,進学ｺｰｽ,本校,静岡県静岡市葵区鷹匠2-4-18,
2026/02/03,静岡県,高等学校,静岡学園,教養科学,本校,静岡県静岡市葵区東鷹匠町25,
2026/02/03,静岡県,高等学校,静岡聖光学院,普通,本校,静岡県静岡市駿河区小鹿1440番地,
2026/02/03,静岡県,高等学校,城南静岡,ICT,本校,静岡県静岡市駿河区南八幡町1-1,
2026/02/03,静岡県,高等学校,静岡女子,普通,本校,静岡県静岡市駿河区八幡3丁目6番1号,
2026/02/03,静岡県,高等学校,東海大学付属静岡翔洋,ｱｸｾﾙｺｰｽ,本校,静岡県静岡市清水区折戸3-20-1,
2026/02/03,静岡県,高等学校,静岡サレジオ,ｿﾌｨｱｺｰｽ,本校,静岡県静岡市清水区中之郷3-2-1,
2026/02/03,静岡県,高等学校,清水国際,普通,本校,静岡県静岡市清水区天神1-4-1,
2026/02/03,静岡県,高等学校,島田樟誠,特別進学ｺｰｽ,本校,静岡県島田市伊太2075-1,
2026/02/03,静岡県,高等学校,藤枝順心,ｷｬﾘｱ創造ｺｰｽ,本校,静岡県藤枝市前島2-3-1,
2026/02/03,静岡県,高等学校,藤枝明誠,普通,本校,静岡県藤枝市大洲2-2-1,
2026/02/03,静岡県,高等学校,静清,文理探究,本校,静岡県藤枝市潮87,
2026/02/03,静岡県,高等学校,磐田東,特別選抜ｺｰｽ,本校,静岡県磐田市見付180-5,
2026/02/03,静岡県,高等学校,浜松学芸,探究創造,本校,静岡県浜松市中央区下池川町３４－３,
2026/02/03,静岡県,高等学校,浜松修学舎,夢みらい,本校,静岡県浜松市中央区向宿２－２０－１,
2026/02/03,静岡県,高等学校,浜松学院興誠,特進ｺｰｽ(Ⅰ類･Ⅱ類),本校,静岡県浜松市中央区高林１－１７－２,
2026/02/03,静岡県,高等学校,静岡県西遠女子学園,普通,本校,静岡県浜松市中央区佐藤三丁目20-1,
2026/02/03,静岡県,高等学校,浜松啓陽,情報ｺﾐｭﾆｹｰｼｮﾝ,本校,静岡県浜松市中央区三幸町421,
2026/02/03,静岡県,高等学校,聖隷クリストファー,英数,本校,静岡県浜松市中央区三方原町3453,
2026/02/03,静岡県,高等学校,浜松開誠館,ｸﾞﾛｰﾊﾞﾙｺｰｽ,本校,静岡県浜松市中央区松城町207-2,
2026/02/03,静岡県,高等学校,浜松日体,選抜ｺｰｽⅠ類,本校,静岡県浜松市中央区半田山3-30-1,
2026/02/03,静岡県,高等学校,オイスカ浜松国際,普通,本校,静岡県浜松市中央区和地町5835番地,
2026/02/03,静岡県,高等学校,浜松聖星,理数ｺｰｽ,本校,静岡県浜松市中央区蜆塚3-14-1,
2026/02/03,静岡県,高等学校,星陵,普通,本校,静岡県富士宮市星山1068,
2026/02/03,静岡県,高等学校,静岡県富士見,特進ｺｰｽ,本校,静岡県富士市平垣町1-1,
2026/02/03,東京都,中学校,不二聖心女子学院,,東京,東京都渋谷区広尾4-3-1,
2026/02/03,静岡県,中学校,不二聖心女子学院,,本校,静岡県裾野市桃園198,
2026/02/03,埼玉県,中学校,聖望学園,,本校,埼玉県飯能市中山292,
2026/02/03,埼玉県,中学校,立教新座,,本校,埼玉県新座市北野1-2-25,
2026/02/03,千葉県,中学校,昭和学院秀英,,本校,千葉県千葉市美浜区若葉1-2,
2026/02/03,千葉県,中学校,専修大学松戸,,本校,千葉県松戸市上本郷2-3621,
2026/02/03,千葉県,中学校,東邦大学付属東邦,,本校,千葉県習志野市泉町2-1-37,
2026/02/03,埼玉県,大学,立命館大学,一般選抜（試験地）,ソニックシティ,さいたま市大宮区桜木町1-7-5 ソニックシティビル棟7F 〜9F,
2026/02/03,埼玉県,大学,立命館アジア太平洋大学,スタンダード3/英語重視/後期,ソニックシティ,さいたま市大宮区桜木町1-7-5 ソニックシティビル棟7F〜9F,
2026/02/03,埼玉県,大学,玉川大学,全学統一等（2/2-2/3のみ）,大宮会場（埼玉カンファレンスセンター大宮西口ＤＯＭⅡ）,さいたま市大宮区桜木町2-6,
2026/02/03,埼玉県,大学,東京電機大学,一般選抜 前期/英語外部/情報系外部/後期,河合塾南浦和現役館,さいたま市南区南浦和2-24-6,
2026/02/03,愛知県,大学,日本福祉大学,一般入学試験 前期,岡崎会場（岡崎市民会館）,愛知県岡崎市六供町出崎15番地1,
2026/02/03,愛知県,大学,日本福祉大学,一般入学試験 前期・中期・後期,本学（東海キャンパス）,愛知県東海市大田町下浜田1071番地,
2026/02/03,愛知県,大学,星城大学,一般選抜前期A〜C・中期・後期,本部東海キャンパス,愛知県東海市富貴ノ台2丁目172番地,
2026/02/03,愛知県,大学,愛知学院大学,一般選抜（本学会場）,日進キャンパス,愛知県日進市岩崎町阿良池12,
2026/02/03,愛知県,大学,名古屋商科大学,一般前期A/M・後期,日進キャンパス,愛知県日進市米野木町三ヶ峯4-4,
2026/02/03,愛知県,大学,聖隷クリストファー大学,奨学生選抜・一般前期,豊橋商工会議所,愛知県豊橋市花田町字石塚42-1,
2026/02/03,愛知県,大学,日本福祉大学,一般入学試験 前期,豊橋会場（ロワジールホテル豊橋）,愛知県豊橋市藤沢町141,
2026/02/03,愛知県,大学,名古屋芸術大学,一般選抜1期・2期・総合型3期・推薦,名古屋芸術大学 東キャンパス,愛知県北名古屋市熊之庄古井281番地,
2026/02/03,愛知県,大学,名古屋芸術大学,一般選抜1期・2期・総合型3期・推薦,名古屋芸術大学 西キャンパス,愛知県北名古屋市徳重西沼65番地,
2026/02/03,愛知県,大学,金城学院大学,一般選抜前期・後期、推薦ほか,本学キャンパス,愛知県名古屋市守山区大森二丁目1723番地,
2026/02/03,愛知県,大学,中京大学,一般前期A/M・後期F／総合型・推薦,名古屋キャンパス,愛知県名古屋市昭和区八事本町101-2,
2026/02/03,愛知県,大学,金沢医科大学,一般選抜前期 一次,名古屋会場（TKPガーデンシティPREMIUM名古屋ルーセントタワー）,愛知県名古屋市西区牛島町6-1 名古屋ルーセントタワー16階,
2026/02/03,愛知県,大学,京都光華大学,基礎学力チャレンジ/一般前期A・B,名古屋市中小企業振興会館,愛知県名古屋市千種区吹上二丁目6番3号,
2026/02/03,愛知県,大学,椙山女学園大学,2026年度入試 全方式の本学会場,星が丘キャンパス,愛知県名古屋市千種区星が丘元町17番3号,
2026/02/03,愛知県,大学,東海大学,医学部一般選抜1次,秀英予備校 名古屋本部校,愛知県名古屋市千種区内山3-23-12,
2026/02/03,愛知県,大学,國學院大学,一般選抜A日程（地方会場）,名古屋会場（TKP名古屋栄カンファレンスセンター）,愛知県名古屋市中区栄3-2-3 名古屋日興證券ビル7階,
2026/02/03,愛知県,大学,関東学院大学,給費生/一般前期A/後期,栄ガスビル,愛知県名古屋市中区栄3丁目15-33,
2026/02/03,愛知県,大学,関西大学,,中日ホール＆カンファレンス,愛知県名古屋市中区栄4丁目1-1,
2026/02/03,愛知県,大学,星城大学,一般選抜前期A〜C,名古屋丸の内キャンパス,愛知県名古屋市中区丸の内1丁目4番10号,
2026/02/03,愛知県,大学,名古屋商科大学,一般前期A/M・後期,名古屋会場（名古屋キャンパス伏見ビル）,愛知県名古屋市中区錦1-20-1,
2026/02/03,愛知県,大学,東京理科大学,一般選抜B・S方式,名古屋試験場（河合塾名駅校）,愛知県名古屋市中村区椿町1-12,
2026/02/03,愛知県,大学,東京理科大学,一般選抜B・S方式,名古屋試験場（TKPガーデンシティPREMIUM 名古屋新幹線口）,愛知県名古屋市中村区椿町1-16,
2026/02/03,愛知県,大学,芝浦工業大学,一般選抜（前期/全学統一）,名古屋会場（JRゲートタワーカンファレンス）,愛知県名古屋市中村区名駅1丁目1-3号 JRゲートタワー,
2026/02/03,愛知県,大学,千葉工業大学,A/SA・B/SB・C日程サテライト,名古屋試験場（安保ホール）,愛知県名古屋市中村区名駅3-15-9,
2026/02/03,愛知県,大学,四日市大学,一般選抜A日程,名古屋会場（安保ホール）,愛知県名古屋市中村区名駅3-15-9,
2026/02/03,愛知県,大学,京都先端科学大学,一般A,オフィスパーク名駅カンファレンスセンター,愛知県名古屋市中村区名駅3丁目22-4 名駅前みどりビル5階・7階,
2026/02/03,愛知県,大学,福井工業大学,一般Ⅰ期・Ⅱ期/推薦Ⅰ・Ⅱ期,AP名古屋（名駅IMAIビル6F・7F・8F）,愛知県名古屋市中村区名駅4-10-25 名駅IMAIビル6F・7F・8F,
2026/02/03,愛知県,大学,福山平成大学,一般選抜 前期A日程,AP名古屋（名駅IMAIビル）,愛知県名古屋市中村区名駅4-10-25 名駅IMAIビル6F・7F・8F,
2026/02/03,愛知県,大学,関西学院大学,2/1-2/5実施（一般/個別/英数/共通）,愛知県産業労働センター（ウインクあいち）,愛知県名古屋市中村区名駅4-4-38,
2026/02/03,愛知県,大学,中部学院大学,,名古屋会場,愛知県名古屋市中村区名駅二丁目41-10 アストラーレ名駅 4F,
2026/02/03,愛知県,大学,東京農業大学,一般選抜A日程,imy会議室（名古屋会場・A日程）,愛知県名古屋市東区葵3-7-14,
2026/02/03,愛知県,大学,愛知学院大学,一般選抜（本学会場）,名城公園キャンパス,愛知県名古屋市北区名城3-1-1,
2026/02/03,茨城県,大学,東京農業大学,一般選抜A日程,河合塾 水戸校（水戸会場）,茨城県水戸市宮町1-2-22,
2026/02/03,茨城県,大学,淑徳大学,一般選抜A,水戸試験場（茨城県産業会館）,茨城県水戸市桜川2-2-35,
2026/02/03,茨城県,大学,医療創生大学,国際看護 一般（前期）,駿優教育会館,茨城県水戸市三の丸1-1-42,
2026/02/03,茨城県,大学,東京情報大学,一般選抜Ⅰ期A/B,水戸会場（駿優教育会館（水戸駿優予備校））,茨城県水戸市三の丸1-1-42,
2026/02/03,茨城県,大学,立正大学,一般選抜2月前期（2/3のみ）,水戸会場（駿優教育会館）,茨城県水戸市三の丸1-1-42,
2026/02/03,茨城県,大学,関東学院大学,給費生/一般前期A,水戸駿優予備学校,茨城県水戸市三の丸1-1-42,
2026/02/03,茨城県,大学,高崎健康福祉大学,一般A日程,水戸駿優予備学校,茨城県水戸市三の丸1-1-42,
2026/02/03,茨城県,大学,芝浦工業大学,一般選抜（前期/全学統一）,水戸会場（伊勢甚中央ビル）,茨城県水戸市泉町2丁目3-2,
2026/02/03,栃木県,大学,東京電機大学,一般選抜 前期/英語外部/情報系外部/後期,栃木県総合文化センター,宇都宮市本町1-8,
2026/02/03,神奈川県,大学,立命館アジア太平洋大学,スタンダード3/英語重視/共テ+英・国,TKPガーデンシティPREMIUM 横浜西口,横浜市西区南幸2-19-9 TKP横浜ビル（旧横浜MKビル、事務所：3F）,
2026/02/03,神奈川県,大学,立命館大学,一般選抜（試験地）,TKP ガーデンシティ PREMIUM 横浜西口,横浜市西区南幸2-19-9 TKP横浜ビル（旧横浜MKビル、事務所：3F）,
2026/02/03,神奈川県,大学,玉川大学,全学統一等（2/2-2/3のみ）,横浜会場（アットビジネスセンター）,横浜市西区北幸1-8-4,
2026/02/03,岩手県,大学,札幌学院大学,一般A日程,アイーナ・いわて県民情報交流センター,岩手県盛岡市盛岡駅西通1丁目7-1,
2026/02/03,岩手県,大学,東北福祉大学,A日程統一・分割,アイーナ,岩手県盛岡市盛岡駅前西通1-7-1,
2026/02/03,岩手県,大学,群馬医療福祉大学,一般選抜 前期,盛岡会場,岩手県盛岡市大通3-3-18 アートホテル盛岡,
2026/02/03,岩手県,大学,北海道情報大学,一般1期/英語外部,ホテルパールシティ盛岡,岩手県盛岡市大通3丁目7番19号,
2026/02/03,岐阜県,大学,椙山女学園大学,一般入試A学外会場（2/3のみ）,岐阜会場,岐阜県岐阜市神田町2-2,
2026/02/03,岐阜県,大学,日本福祉大学,一般入学試験 前期,岐阜会場（大原簿記情報医療専門学校岐阜校）,岐阜県岐阜市西問屋町11番,
2026/02/03,岐阜県,大学,金城学院大学,推薦と一般選抜前期,岐阜会場,岐阜市神田町2丁目2番地,
2026/02/03,岐阜県,大学,中京大学,一般前期A/M・後期F／総合型・推薦,名古屋大原学園 岐阜校,岐阜市西問屋町11,
2026/02/03,宮城県,大学,東北福祉大学,A日程統一・分割,ゲストハウス気仙沼アーバン,宮城県気仙沼市本郷22-5,
2026/02/03,宮城県,大学,東京理科大学,一般選抜B・S方式,仙台試験場（駿台予備学校仙台校）,宮城県仙台市宮城野区榴岡1-5-11,
2026/02/03,宮城県,大学,千葉工業大学,A/SA・B/SB・C日程サテライト,仙台試験場（東北福祉大学 仙台駅東口キャンパス）,宮城県仙台市宮城野区榴岡2-5-26,
2026/02/03,宮城県,大学,立正大学,一般選抜2月前期（2/3のみ）,仙台会場（東北福祉大学 仙台駅東口キャンパス）,宮城県仙台市宮城野区榴岡2-5-26,
2026/02/03,宮城県,大学,医療創生大学,国際看護 一般（前期）,仙台ガーデンパレス,宮城県仙台市宮城野区榴岡4-1-5,
2026/02/03,宮城県,大学,高崎健康福祉大学,一般A日程,長野予備学校,宮城県仙台市宮城野区榴岡4-1-5,
2026/02/03,宮城県,大学,日本福祉大学,一般入学試験 前期,仙台会場（仙台ガーデンパレス）,宮城県仙台市宮城野区榴岡4丁目1番5号,
2026/02/03,宮城県,大学,関東学院大学,一般前期A（2/3のみ）,仙台サンプラザ,宮城県仙台市宮城野区榴岡5丁目11-1,
2026/02/03,宮城県,大学,上武大学,一般選抜 全学統一,仙台会場（ホテルＪＡＬシティ仙台）,宮城県仙台市青葉区花京院1-2-12,
2026/02/03,宮城県,大学,淑徳大学,一般選抜A,仙台試験場（ホテルJALシティ仙台）,宮城県仙台市青葉区花京院1-2-12,
2026/02/03,宮城県,大学,群馬医療福祉大学,一般選抜 前期,仙台会場,宮城県仙台市青葉区花京院1-2-12 ホテルJALCITY仙台,
2026/02/03,宮城県,大学,成蹊大学,E方式・P方式独自試験,仙台会場　TKPガーデンシティPREMIUM仙台西口,宮城県仙台市青葉区花京院1-2-15,
2026/02/03,宮城県,大学,日本赤十字東北看護大学,一般・共テ前期B（小論文）,仙台会場,宮城県仙台市青葉区花京院1-2-15,
2026/02/03,宮城県,大学,國學院大学,一般選抜A日程（地方会場）,仙台会場（TKPガーデンシティPREMIUM仙台西口）,宮城県仙台市青葉区花京院1-2-15 ソララプラザ,
2026/02/03,宮城県,大学,東京農業大学,一般選抜A・B日程,TKPガーデンシティPREMIUM仙台西口（仙台会場）,宮城県仙台市青葉区花京院1-2-15 ソララプラザ,
2026/02/03,宮城県,大学,開志専門職大学,一般選抜,TKPガーデンシティPREMIUM仙台西口,宮城県仙台市青葉区花京院1-2-15 ソララプラザ4～8階,
2026/02/03,宮城県,大学,芝浦工業大学,一般選抜（前期/全学統一）,仙台会場（ショーケー本館ビル）,宮城県仙台市青葉区五橋2-11-1,
2026/02/03,宮城県,大学,東北福祉大学,A日程統一・分割、B日程,東北福祉大学 国見キャンパス,宮城県仙台市青葉区国見1-8-1,
2026/02/03,石川県,大学,立命館アジア太平洋大学,スタンダード3/英語重視/共テ+英・国/後期,石川県地場産業振興センター（本館）,金沢市鞍月2-1,
2026/02/03,石川県,大学,立命館大学,一般選抜（試験地）,石川県地場産業振興センター（本館）,金沢市鞍月2-1,
2026/02/03,石川県,大学,名城大学,一般選抜 地区別会場,フレンドパーク石川,金沢市西念3-3-5,
2026/02/03,石川県,大学,神戸学院大学,公募推薦・一般(前/中期),金沢会場（金沢医療技術専門学校）,金沢市堀川新町7-1,
2026/02/03,群馬県,大学,立正大学,一般選抜2月前期（2/3-5）,高崎会場（小野池學院）,群馬県高崎市栄町15-3,
2026/02/03,群馬県,大学,芝浦工業大学,一般選抜（前期/全学統一）,高崎会場（Gメッセ群馬）,群馬県高崎市岩押町12-24,
2026/02/03,群馬県,大学,上武大学,一般選抜 全学統一,本学（高崎キャンパス）,群馬県高崎市新町270-1,
2026/02/03,群馬県,大学,高崎健康福祉大学,一般A・B・C日程,本学会場（高崎健康福祉大学）,群馬県高崎市中大類町37-1,
2026/02/03,群馬県,大学,千葉工業大学,A/SA・B/SB日程サテライト,高崎試験場（ビエント高崎）,群馬県高崎市問屋町2-7,
2026/02/03,群馬県,大学,群馬医療福祉大学,一般選抜 前期・中期・後期,本学（前橋キャンパス）,群馬県前橋市川曲町191-1,
2026/02/03,東京都,大学,名城大学,一般選抜 地区別会場,TKP新橋汐留カンファレンスセンター,港区東新橋1-1-16 汐留FSビル,
2026/02/03,群馬県,大学,東京電機大学,一般選抜 前期/英語外部/情報系外部/後期,小野池學院,高崎市栄町15-3,
2026/02/03,群馬県,大学,玉川大学,全学統一等（2/2-2/3のみ）,高崎会場（G メッセ群馬）,高崎市岩押町12-24,
2026/02/03,埼玉県,大学,成蹊大学,E方式・P方式独自試験,さいたま会場　ロイヤルパインズホテル浦和,埼玉県さいたま市浦和区仲町2-5-1,
2026/02/03,埼玉県,大学,芝浦工業大学,一般選抜（前期/全学統一）,大宮キャンパス,埼玉県さいたま市見沼区深作307,
2026/02/03,埼玉県,大学,北里大学,理学部 一般前期,駿台予備学校大宮校,埼玉県さいたま市大宮区桜木町1-235-3,
2026/02/03,埼玉県,大学,千葉工業大学,A/SA2-3日目・B/SBサテライト,大宮試験場（駿台予備学校 大宮校）,埼玉県さいたま市大宮区桜木町1-235-3,
2026/02/03,埼玉県,大学,高崎健康福祉大学,一般A日程,駿台予備学校‥大宮校,埼玉県さいたま市大宮区桜木町1-235-3,
2026/02/03,埼玉県,大学,東京農業大学,一般選抜A・B日程,TKP大宮駅西口カンファレンスセンター（大宮会場）,埼玉県さいたま市大宮区桜木町1-8-1 ベルヴュオフィス大宮,
2026/02/03,埼玉県,大学,立正大学,一般選抜2月前期（2/3-5）,さいたま会場（TKPガーデンシティPREMIUM大宮）,埼玉県さいたま市大宮区桜木町4-333-13 大同生命さいたま大宮ビル,
2026/02/03,埼玉県,大学,東京情報大学,一般選抜Ⅰ期A/B,大宮会場（TKP大宮ビジネスセンター）,埼玉県さいたま市大宮区仲町2-26,
2026/02/03,埼玉県,大学,関東学院大学,給費生/一般前期A,JA共済埼玉ビル,埼玉県さいたま市大宮区土手町1丁目2番地,
2026/02/03,埼玉県,大学,立正大学,一般選抜R方式・2月前期・後期・3月,熊谷キャンパス,埼玉県熊谷市万吉1700,
2026/02/03,埼玉県,高等学校,筑波大学附属坂戸,,本校,埼玉県坂戸市千代田1-24-1,
2026/02/03,埼玉県,大学,東京電機大学,一般選抜 前期/英語外部/情報系外部,ウェスタ川越,埼玉県川越市新宿町1-17-17,
2026/02/03,埼玉県,大学,埼玉学園大学,推薦Ⅲ期/総合2月①/一般Ⅰ～Ⅲ期,本学キャンパス,埼玉県川口市木曽呂1510番地,
2026/02/03,埼玉県,大学,淑徳大学,一般選抜A,埼玉試験場（淑徳大学 埼玉キャンパス）,埼玉県入間郡三芳町藤久保1150-1,
2026/02/03,埼玉県,大学,東京電機大学,一般選抜 前期/英語外部/情報系外部/後期,埼玉鳩山キャンパス,埼玉県比企郡鳩山町石坂,
2026/02/03,北海道,大学,立命館大学,一般選抜（試験地）,TKPガーデンシティPREMIUM札幌大通,札幌市中央区南1条西1丁目8番地2 高桑ビル5F 〜7F,
2026/02/03,北海道,大学,立命館アジア太平洋大学,スタンダード3,TKPガーデンシティPREMIUM 札幌大通,札幌市中央区南1条西1丁目8番地2 高桑ビル5F〜7F,
2026/02/03,北海道,大学,玉川大学,全学統一等（2/2-2/3のみ）,札幌会場（TKP 札幌カンファレンスセンター北3条）,札幌市中央区北3条西3-1-6 札幌小暮ビル6・7階,
2026/02/03,北海道,大学,創価大学,全学統一・一般前期・後期CBT,北海道会場,札幌市中央区北3条西3丁目1-6札幌小暮ビル6階,
2026/02/03,三重県,高等学校,三重県立いなべ総合学園高等学校,,,三重県いなべ市員弁町御薗632,
2026/02/03,三重県,高等学校,三重県立上野高等学校,,,三重県伊賀市上野丸之内107,
2026/02/03,三重県,高等学校,三重県立あけぼの学園高等学校,,,三重県伊賀市川東412,
2026/02/03,三重県,高等学校,三重県立伊賀白鳳高等学校,,,三重県伊賀市緑ヶ丘西町2270-1,
2026/02/03,三重県,高等学校,三重県立宇治山田高等学校,,,三重県伊勢市浦口3-13-1,
2026/02/03,三重県,高等学校,三重県立宇治山田商業高等学校,,,三重県伊勢市黒瀬町1193,
2026/02/03,三重県,高等学校,三重県立明野高等学校,,,三重県伊勢市小俣町明野1481,
2026/02/03,三重県,高等学校,三重県立伊勢工業高等学校,,,三重県伊勢市神久2-7-18,
2026/02/03,三重県,高等学校,三重県立伊勢高等学校,,,三重県伊勢市神田久志本町1703-1,
2026/02/03,三重県,高等学校,三重県立亀山高等学校,,,三重県亀山市本町1-10-1,
2026/02/03,三重県,高等学校,三重県立木本高等学校,,,三重県熊野市木本町1101-4,
2026/02/03,三重県,高等学校,三重県立熊野青藍高等学校木本校舎,,,三重県熊野市木本町1101-4,
2026/02/03,三重県,高等学校,三重県立桑名北高等学校,,,三重県桑名市下深谷部字山王2527,
2026/02/03,三重県,高等学校,三重県立桑名西高等学校,,,三重県桑名市大字志知字東山2839,
2026/02/03,三重県,高等学校,三重県立桑名高等学校,,,三重県桑名市東方1795,
2026/02/03,三重県,高等学校,三重県立桑名工業高等学校,,,三重県桑名市芳ヶ崎1330-1,
2026/02/03,三重県,高等学校,三重県立菰野高等学校,,,三重県三重郡菰野町大字福村870番地,
2026/02/03,三重県,高等学校,三重県立川越高等学校,,,三重県三重郡川越町豊田2302-1,
2026/02/03,三重県,高等学校,三重県立四日市農芸高等学校,,,三重県四日市市河原田町2847,
2026/02/03,三重県,大学,四日市大学,一般A・B・C日程、留学生B日程,本学会場（四日市大学）,三重県四日市市萱生町1200,
2026/02/03,三重県,高等学校,三重県立四日市西高等学校,,,三重県四日市市桜町6100番地,
2026/02/03,三重県,大学,日本福祉大学,一般入学試験 前期,四日市会場（SYNTHビジネスセンター近鉄四日市）,三重県四日市市諏訪栄町7番34号,
2026/02/03,三重県,高等学校,三重県立四日市中央工業高等学校,,,三重県四日市市菅原町678,
2026/02/03,三重県,高等学校,三重県立四日市南高等学校,,,三重県四日市市大字日永字岡山4917,
2026/02/03,三重県,高等学校,三重県立北星高等学校,,,三重県四日市市大字茂福字横座668-1,
2026/02/03,三重県,高等学校,三重県立朝明高等学校,,,三重県四日市市中野町2216,
2026/02/03,三重県,高等学校,三重県立四日市四郷高等学校,,,三重県四日市市八王子町字高花1654,
2026/02/03,三重県,高等学校,三重県立四日市商業高等学校,,,三重県四日市市尾平町字永代寺2745,
2026/02/03,三重県,高等学校,三重県立四日市高等学校,,,三重県四日市市富田4-1-43,
2026/02/03,三重県,高等学校,三重県立志摩高等学校,,,三重県志摩市磯部町恵利原1308,
2026/02/03,三重県,高等学校,三重県立水産高等学校,,,三重県志摩市志摩町和具2578,
2026/02/03,三重県,高等学校,三重県立松阪高等学校,,,三重県松阪市垣鼻町1664,
2026/02/03,三重県,高等学校,三重県立松阪工業高等学校,,,三重県松阪市殿町1417番地,
2026/02/03,三重県,高等学校,三重県立松阪商業高等学校,,,三重県松阪市豊原町1600,
2026/02/03,三重県,高等学校,三重県立相可高等学校,,,三重県多気郡多気町相可50,
2026/02/03,三重県,高等学校,三重県立昴学園高等学校,,,三重県多気郡大台町茂原48,
2026/02/03,三重県,高等学校,三重県立鳥羽高等学校,,,三重県鳥羽市安楽島町1459,
2026/02/03,三重県,高等学校,三重県立津東高等学校,,,三重県津市一身田上津部田1470,
2026/02/03,三重県,大学,椙山女学園大学,一般入試A学外会場（2/3のみ）,津会場,三重県津市羽所町345,
2026/02/03,三重県,高等学校,三重県立津西高等学校,,,三重県津市河辺町2210-2,
2026/02/03,三重県,高等学校,三重県立久居農林高等学校,,,三重県津市久居東鷹跡町105,
2026/02/03,三重県,高等学校,三重県立久居高等学校,,,三重県津市戸木町3569-1,
2026/02/03,三重県,大学,星城大学,一般選抜前期Aのみ,津会場,三重県津市桜橋2-142,
2026/02/03,三重県,高等学校,三重県立津商業高等学校,,,三重県津市渋見町699,
2026/02/03,三重県,大学,四日市大学,一般選抜A日程,津会場（プラザ洞津）,三重県津市新町1-6-28,
2026/02/03,三重県,高等学校,三重県立津高等学校,,,三重県津市新町3-1-1,
2026/02/03,三重県,高等学校,三重県立白山高等学校,,,三重県津市白山町大字南家城678,
2026/02/03,三重県,高等学校,三重県立津工業高等学校,,,三重県津市半田534,
2026/02/03,三重県,高等学校,三重県立南伊勢高等学校　南勢校舎,,,三重県度会郡南伊勢町船越2926-1,
2026/02/03,三重県,高等学校,三重県立紀南高等学校,,,三重県南牟婁郡御浜町阿田和1960,
2026/02/03,三重県,高等学校,三重県立尾鷲高等学校,,,三重県尾鷲市古戸野町3-12,
2026/02/03,三重県,高等学校,三重県立名張高等学校,,,三重県名張市東町2067-2,
2026/02/03,三重県,高等学校,三重県立名張青峰高等学校,,,三重県名張市百合が丘東6-1,
2026/02/03,三重県,高等学校,三重県立稲生高等学校,,,三重県鈴鹿市稲生町8232-1,
2026/02/03,三重県,高等学校,三重県立神戸高等学校,,,三重県鈴鹿市神戸4丁目1番80号,
2026/02/03,三重県,高等学校,三重県立石薬師高等学校,,,三重県鈴鹿市石薬師町字寺東452,
2026/02/03,三重県,高等学校,三重県立白子高等学校,,,三重県鈴鹿市白子4-17-1,
2026/02/03,山形県,高等学校,山形市立商業高等学校,,前期Ｂ,山形県山形市あかねヶ丘1-9-1,
2026/02/03,山形県,大学,医療創生大学,国際看護 一般（前期）,ホテルメトロポリタン山形,山形県山形市香澄町1-1-1,
2026/02/03,山形県,高等学校,山形県立霞城学園高等学校,,前期Ｂ,山形県山形市城南町1-1-1,
2026/02/03,山形県,高等学校,山形県立山形南高等学校,,前期Ｂ,山形県山形市東原町4-6-16,
2026/02/03,山形県,大学,東北福祉大学,A日程統一・分割,大手門パルズ,山形県山形市木の実町12-37,
2026/02/03,山形県,高等学校,山形県立山形北高等学校,,前期Ｂ,山形県山形市緑町2ー2-7,
2026/02/03,山形県,高等学校,山形県立酒田西高等学校,,前期Ｂ,山形県酒田市東泉町5-9-5,
2026/02/03,山形県,高等学校,山形県立新庄南高等学校,,前期Ｂ,山形県新庄市城南町5-5,
2026/02/03,山形県,高等学校,山形県立新庄北高等学校,,前期Ｂ,山形県新庄市大字飛田字備前川61,
2026/02/03,山形県,高等学校,山形県立小国高等学校,,前期Ｂ,山形県西置賜郡小国町大字岩井沢621,
2026/02/03,山形県,大学,開志専門職大学,一般選抜,東京第一ホテル鶴岡,山形県鶴岡市錦町2-10,
2026/02/03,山形県,高等学校,山形県立致道館高等学校,,前期Ｂ,山形県鶴岡市若葉町26番31号,
2026/02/03,山形県,大学,東北福祉大学,A日程統一・分割,鶴岡市勤労者会館,山形県鶴岡市泉町8-57,
2026/02/03,山形県,高等学校,山形県立東桜学館高等学校,,前期Ｂ,山形県東根市中央南一丁目7番1号,
2026/02/03,山形県,高等学校,山形県立米沢興譲館高等学校,,前期Ｂ,山形県米沢市大字笹野1101,
2026/02/03,山梨県,大学,山梨学院大学,一般選抜（個別）前期・後期、ILA本学,本学会場（山梨学院大学）,山梨県甲府市酒折2-4-5,
2026/02/03,山梨県,大学,千葉工業大学,A/SA・B/SB日程サテライト,甲府試験場（甲斐大学予備校）,山梨県甲府市武田1-2-20,
2026/02/03,三重県,大学,金城学院大学,推薦と一般選抜前期,四日市会場,四日市市安島1-3-18,
2026/02/03,三重県,大学,中京大学,一般前期A/M・後期F／総合型・推薦,四日市商工会議所,四日市市諏訪町2-5,
2026/02/03,秋田県,大学,日本赤十字東北看護大学,総合型・学校推薦・一般/前期B,本学キャンパス（日本赤十字東北看護大学）,秋田県秋田市上北手猿田字苗代沢17-3,
2026/02/03,秋田県,大学,東北福祉大学,A日程統一・分割,秋田予備校,秋田県秋田市中通4-3-32,
2026/02/03,秋田県,大学,八戸工業大学,一般前期・推薦（指定校等）,秋田会場（秋田拠点センター アルヴェ）,秋田市東通仲町4-1,
2026/02/03,千葉県,大学,玉川大学,全学統一等（2/2-2/3のみ）,千葉会場（千葉工業大学）,習志野市津田沼2-17-1,
2026/02/03,長野県,大学,中京大学,一般前期A/M・後期F／総合型・推薦,ホテルモンターニュ松本,松本市巾上3-2,
2026/02/03,長野県,大学,名城大学,一般選抜 地区別会場,松本市駅前会館　松本市歯科医師会館,松本市深志2-3-21,
2026/02/03,長野県,大学,山梨学院大学,一般選抜（個別）前期（松本）,松本会場　信州予備学校,松本市深志2-4-1,
2026/02/03,新潟県,大学,金沢星稜大学,一般A日程,上越会場,新潟県上越市中央1-2-7,
2026/02/03,新潟県,大学,千葉工業大学,A/SA・B/SB日程サテライト,新潟試験場（GARESSO HALL）,新潟県新潟市中央区花園1-2-2 コープシティ花園「ガレッソ」4階,
2026/02/03,新潟県,大学,日本福祉大学,一般入学試験 前期,新潟会場（日本こども福祉専門学校）,新潟県新潟市中央区花園1-4-8,
2026/02/03,新潟県,大学,東京農業大学,一般選抜A日程,看護リハビリ新潟保健医療専門学校（新潟会場）,新潟県新潟市中央区花園2-2-19,
2026/02/03,新潟県,大学,群馬医療福祉大学,一般選抜 前期,新潟会場,新潟県新潟市中央区笹口1-1 アートホテル新潟駅前,
2026/02/03,新潟県,大学,開志専門職大学,一般選抜,開志専門職大学 紫竹山キャンパス,新潟県新潟市中央区紫竹山6丁目3番5号,
2026/02/03,新潟県,大学,淑徳大学,一般選抜A・9月総合型選抜,新潟試験場（NINNO3会議室）,新潟県新潟市中央区天神1丁目1 プラーカ3 B1F,
2026/02/03,新潟県,大学,福井工業大学,一般Ⅰ期,NST新潟総合テレビ,新潟県新潟市中央区八千代2-3-1,
2026/02/03,新潟県,大学,國學院大学,一般選抜A日程（地方会場）,新潟会場（代々木ゼミナール新潟校）,新潟県新潟市中央区弁天1-4-18,
2026/02/03,新潟県,大学,立正大学,一般選抜2月前期（2/3のみ）,新潟会場（代々木ゼミナール新潟校）,新潟県新潟市中央区弁天1-4-18,
2026/02/03,新潟県,大学,関東学院大学,総合型/給費生/一般前期A/後期,代々木ゼミナール 新潟校,新潟県新潟市中央区弁天1-4-18,
2026/02/03,新潟県,大学,高崎健康福祉大学,一般A日程,代々木ゼミナール新潟校,新潟県新潟市中央区弁天1-4-18,
2026/02/03,新潟県,大学,上武大学,一般選抜 全学統一,新潟会場（万代シルバーホテル）,新潟県新潟市中央区万代1-3-30,
2026/02/03,新潟県,大学,東京電機大学,一般選抜 前期/英語外部/情報系外部,代々木ゼミナール 新潟校,新潟市中央区弁天1-4-18,
2026/02/03,新潟県,大学,玉川大学,全学統一等（2/2-2/3のみ）,新潟会場（新潟日報メディアシップ）,新潟市中央区万代3-1-1,
2026/02/03,神奈川県,大学,関東学院大学,総合型/給費生/一般前期A/後期,関東学院大学 横浜・金沢八景キャンパス,神奈川県横浜市金沢区六浦東1-50-1,
2026/02/03,神奈川県,大学,明治学院大学,一般選抜：全学部日程・A日程,横浜キャンパス,神奈川県横浜市戸塚区上倉田町1518,
2026/02/03,神奈川県,大学,立正大学,一般選抜2月前期（2/3-5）,横浜会場（駿台予備学校横浜校1号館）,神奈川県横浜市神奈川区鶴屋町2-23-7,
2026/02/03,神奈川県,大学,北里大学,医学部 第一次試験,パシフィコ横浜ノース,神奈川県横浜市西区みなとみらい1-1-2,
2026/02/03,神奈川県,大学,東京農業大学,一般選抜A日程,TKPガーデンシティPREMIUM横浜ランドマークタワー（横浜会場A）,神奈川県横浜市西区みなとみらい2-2-1 横浜ランドマークタワー25F,
2026/02/03,神奈川県,大学,東海大学,医学部一般選抜1次,TKPガーデンシティPREMIUMみなとみらい,神奈川県横浜市西区みなとみらい3-6-3 MMパークビル5-6F,
2026/02/03,神奈川県,大学,成蹊大学,E方式・P方式独自試験,横浜会場　横浜ベイシェラトンホテル＆タワーズ,神奈川県横浜市西区北幸1-3-23,
2026/02/03,神奈川県,大学,千葉工業大学,A/SA・B/SB日程サテライト,横浜試験場（AP横浜）,神奈川県横浜市西区北幸2-6-1 ONEST横浜西口ビル6階,
2026/02/03,神奈川県,大学,芝浦工業大学,一般選抜（前期/全学統一）,横浜会場（ビジョンセンター横浜）,神奈川県横浜市西区北幸2丁目5-15 プレミア横浜西口ビル,
2026/02/03,神奈川県,大学,國學院大学,一般選抜A日程・B日程,横浜たまプラーザキャンパス,神奈川県横浜市青葉区新石川三丁目22-1,
2026/02/03,神奈川県,大学,星槎道都大学,関東(横浜)会場,星槎大学大学院（横浜情報文化センター5階）,神奈川県横浜市中区日本大通11番 横浜情報文化センター5階,
2026/02/03,神奈川県,大学,関東学院大学,総合型/給費生/一般前期A,関東学院大学 横浜・関内キャンパス,神奈川県横浜市中区万代町1-1-1,
2026/02/03,神奈川県,大学,湘南工科大学,一般選抜（全学部統一・S・前期・中後期）,本学（湘南工科大学）,神奈川県藤沢市辻堂西海岸1-1-25,
2026/02/03,神奈川県,大学,東海大学,医学部一般選抜1次,湘南キャンパス,神奈川県平塚市北金目4-1-1,
2026/02/03,茨城県,大学,玉川大学,全学統一等（2/2-2/3のみ）,水戸会場（MYM ビル）,水戸市宮町1-2,
2026/02/03,茨城県,大学,東京電機大学,一般選抜 前期/英語外部/情報系外部,駿優教育会館,水戸市三の丸1-1-42,
2026/02/03,岩手県,大学,八戸工業大学,一般前期・推薦（指定校等）,盛岡会場（いわて県民情報交流センター(アイーナ)）,盛岡市盛岡駅西通1-7-1,
2026/02/03,青森県,大学,東北福祉大学,A日程統一・分割,アスパム,青森県青森市安方1-1-40,
2026/02/03,青森県,大学,北海道文教大学,一般選抜A日程 青森会場,ハートピアローフク（青森県労働福祉会館）,青森県青森市本町3丁目3-11,
2026/02/03,青森県,大学,札幌学院大学,一般A・B日程,青森県労働福祉会館（ハートピアローフク）,青森県青森市本町3丁目3-11,
2026/02/03,青森県,大学,東北福祉大学,A日程統一・分割,ユートリー・VISIT はちのへ,青森県八戸市一番町1-9-22,
2026/02/03,青森県,大学,八戸工業大学,一般前期/後期・総合・推薦・特別,本学キャンパス,青森県八戸市大字妙字大開88-1,
2026/02/03,青森県,大学,八戸工業大学,一般前期・推薦（指定校等）,青森会場（リンクステーションホール青森）,青森市堤町1-4-1,
2026/02/03,静岡県,高等学校,常葉大学附属菊川,文理ｺｰｽ,本校,静岡県菊川市半済1550,
2026/02/03,静岡県,高等学校,御殿場西,ﾌﾛﾝﾃｨｱ探究ｺｰｽ進学選抜,本校,静岡県御殿場市ぐみ沢644-1,
2026/02/03,静岡県,大学,淑徳大学,一般選抜A,三島試験会場（三島商工会議所）,静岡県三島市一番町2-29,
2026/02/03,静岡県,高等学校,日本大学三島,総合進学ｺｰｽ,本校,静岡県三島市文教町2-31-145,
2026/02/03,静岡県,高等学校,知徳,大進ｺｰｽ,本校,静岡県駿東郡長泉町竹原354,
2026/02/03,静岡県,高等学校,加藤学園暁秀,特進ｺｰｽ,本校,静岡県沼津市岡宮字中見代1361-1,
2026/02/03,静岡県,高等学校,桐陽,英数進学ｺｰｽ,本校,静岡県沼津市高島本町8-52,
2026/02/03,静岡県,高等学校,誠恵,ｽﾀﾝﾀﾞｰﾄﾞ,本校,静岡県沼津市沼北町2-9-12,
2026/02/03,静岡県,高等学校,沼津中央,普通,本校,静岡県沼津市杉崎町11-20,
2026/02/03,静岡県,高等学校,加藤学園,αｺｰｽ,本校,静岡県沼津市大岡自由ヶ丘1979,
2026/02/03,静岡県,高等学校,飛龍,総合ｽﾎﾟｰﾂｺｰｽ,本校,静岡県沼津市東熊堂491,
2026/02/03,静岡県,高等学校,焼津,総合,本校,静岡県焼津市中港1-1-8,
2026/02/03,静岡県,高等学校,不二聖心女子学院,普通,本校,静岡県裾野市桃園198,
2026/02/03,静岡県,大学,國學院大学,一般選抜A日程（地方会場）,静岡会場（レイアップ御幸町ビル）,静岡県静岡市葵区御幸町11-8,
2026/02/03,静岡県,大学,関東学院大学,総合型/給費生/一般前期A/後期,レイアップ御幸町ビル,静岡県静岡市葵区御幸町11-8,
2026/02/03,静岡県,大学,中京大学,一般前期A/M／総合型・推薦,パルシェ貸会議室,静岡県静岡市葵区黒金町49 静岡駅ビル パルシェ本館7階,
2026/02/03,静岡県,大学,立正大学,一般選抜2月前期（2/3のみ）,静岡会場（ホテルアソシア静岡）,静岡県静岡市葵区黒金町56,
2026/02/03,静岡県,高等学校,常葉大学附属常葉,普通,本校,静岡県静岡市葵区水落町1番30号,
2026/02/03,静岡県,高等学校,常葉大学附属橘,総合芸術ｺｰｽ,本校,静岡県静岡市葵区瀬名２－１－１,
2026/02/03,静岡県,高等学校,静岡北,普通,本校,静岡県静岡市葵区瀬名５－１４－１,
2026/02/03,静岡県,高等学校,静岡英和女学院,普通,本校,静岡県静岡市葵区西草深町８－１,
2026/02/03,静岡県,高等学校,静岡大成,進学ｺｰｽ,本校,静岡県静岡市葵区鷹匠２－４－１８,
2026/02/03,静岡県,大学,千葉工業大学,A/SA・B/SB日程サテライト,静岡試験場（秀英予備校 静岡本部校1号館）,静岡県静岡市葵区鷹匠2-7-1,
2026/02/03,静岡県,大学,東京農業大学,一般選抜A日程,秀英予備校 静岡本部校（静岡会場）,静岡県静岡市葵区鷹匠2-7-1,
2026/02/03,静岡県,大学,関西大学,,もくせい会館,静岡県静岡市葵区鷹匠3丁目6−1 もくせい会館,
2026/02/03,静岡県,高等学校,静岡学園,教養科学,本校,静岡県静岡市葵区東鷹匠町２５,
2026/02/03,静岡県,大学,成蹊大学,E方式・P方式独自試験,静岡会場　ツインメッセ静岡,静岡県静岡市駿河区曲金3-1-10,
2026/02/03,静岡県,高等学校,静岡聖光学院,普通,本校,静岡県静岡市駿河区小鹿１４４０番地,
2026/02/03,静岡県,大学,芝浦工業大学,一般選抜（前期/全学統一）,静岡会場（グランシップ）,静岡県静岡市駿河区東静岡2-3-1,
2026/02/03,静岡県,大学,聖隷クリストファー大学,奨学生選抜・一般前期,静岡コンベンションアーツセンター グランシップ,静岡県静岡市駿河区東静岡2丁目3-1,
2026/02/03,静岡県,高等学校,城南静岡,ICT,本校,静岡県静岡市駿河区南八幡町１－１,
2026/02/03,静岡県,大学,浜松学院大学,一般選抜A日程 静岡会場,静岡会場（静岡県男女共同参画センター「あざれあ」）,静岡県静岡市駿河区馬渕1丁目17-1,
2026/02/03,静岡県,大学,日本福祉大学,一般入学試験 前期,静岡会場（静岡学園なごみ高等学校）,静岡県静岡市駿河区八幡1-1-1,
2026/02/03,静岡県,高等学校,静岡女子,普通,本校,静岡県静岡市駿河区八幡３丁目６番１号,
2026/02/03,静岡県,高等学校,東海大学付属静岡翔洋,ｱｸｾﾙｺｰｽ,本校,静岡県静岡市清水区折戸３－２０－１,
2026/02/03,静岡県,高等学校,静岡サレジオ,ｿﾌｨｱｺｰｽ,本校,静岡県静岡市清水区中之郷３－２－１,
2026/02/03,静岡県,高等学校,清水国際,普通,本校,静岡県静岡市清水区天神１－４－１,
2026/02/03,静岡県,高等学校,島田樟誠,特別進学ｺｰｽ,本校,静岡県島田市伊太２０７５－１,
2026/02/03,静岡県,高等学校,藤枝順心,ｷｬﾘｱ創造ｺｰｽ,本校,静岡県藤枝市前島２－３－１,
2026/02/03,静岡県,高等学校,藤枝明誠,普通,本校,静岡県藤枝市大洲２－２－１,
2026/02/03,静岡県,高等学校,静清,文理探究,本校,静岡県藤枝市潮８７,
2026/02/03,静岡県,高等学校,磐田東,特別選抜ｺｰｽ,本校,静岡県磐田市見付１８０－５,
2026/02/03,静岡県,大学,中京大学,一般前期A/M・後期F／総合型・推薦,えんてつホール,静岡県浜松市中央区旭町12-1 遠鉄百貨店新館8階,
2026/02/03,静岡県,高等学校,浜松学芸,探究創造,本校,静岡県浜松市中央区下池川町34-3,
2026/02/03,静岡県,大学,星城大学,一般選抜前期Aのみ,浜松会場,静岡県浜松市中央区元城町218-1,
2026/02/03,静岡県,高等学校,浜松修学舎,夢みらい,本校,静岡県浜松市中央区向宿2-20-1,
2026/02/03,静岡県,高等学校,浜松学院興誠,特進ｺｰｽ(Ⅰ類･Ⅱ類),本校,静岡県浜松市中央区高林1-17-2,
2026/02/03,静岡県,高等学校,静岡県西遠女子学園,普通,本校,静岡県浜松市中央区佐藤三丁目２０－１,
2026/02/03,静岡県,高等学校,浜松啓陽,情報ｺﾐｭﾆｹｰｼｮﾝ,本校,静岡県浜松市中央区三幸町４２１,
2026/02/03,静岡県,高等学校,聖隷クリストファー,英数,本校,静岡県浜松市中央区三方原町３４５３,
2026/02/03,静岡県,大学,聖隷クリストファー大学,奨学生選抜・一般前期・一般後期,聖隷クリストファー大学,静岡県浜松市中央区三方原町3453,
2026/02/03,静岡県,高等学校,浜松開誠館,ｸﾞﾛｰﾊﾞﾙｺｰｽ,本校,静岡県浜松市中央区松城町２０７－２,
2026/02/03,静岡県,高等学校,浜松日体,選抜ｺｰｽⅠ類,本校,静岡県浜松市中央区半田山３－３０－１,
2026/02/03,静岡県,大学,名古屋商科大学,一般前期Aほか（要項参照）,浜松会場（アクトシティ浜松コングレスセンター）,静岡県浜松市中央区板屋町111-1,
2026/02/03,静岡県,大学,浜松学院大学,一般選抜A・B日程,浜松会場（浜松学院大学）,静岡県浜松市中央区布橋三丁目2番3号,
2026/02/03,静岡県,大学,日本福祉大学,一般入学試験 前期,浜松会場（秀英予備校浜松本部校）,静岡県浜松市中央区連尺町309番地11,
2026/02/03,静岡県,高等学校,オイスカ浜松国際,普通,本校,静岡県浜松市中央区和地町５８３５番地,
2026/02/03,静岡県,高等学校,浜松聖星,理数ｺｰｽ,本校,静岡県浜松市中央区蜆塚３－１４－１,
2026/02/03,静岡県,大学,中部学院大学,,浜松会場,静岡県浜松市中区中央3-9-1,
2026/02/03,静岡県,大学,椙山女学園大学,一般入試A学外会場（2/3のみ）,浜松会場,静岡県浜松市中区板屋町110-17,
2026/02/03,静岡県,高等学校,星陵,普通,本校,静岡県富士宮市星山１０６８,
2026/02/03,静岡県,高等学校,静岡県富士見,特進ｺｰｽ,本校,静岡県富士市平垣町１－１,
2026/02/03,静岡県,大学,立命館大学,一般選抜（試験地）,レイアップ御幸町ビル,静岡市葵区御幸町11-8 レイアップ御幸町ビル 5・6・7階（受付2階）,
2026/02/03,静岡県,大学,立命館アジア太平洋大学,スタンダード3/英語重視,レイアップ御幸町ビル,静岡市葵区御幸町11-8 レイアップ御幸町ビル5・6・7階（受付2階）,
2026/02/03,静岡県,大学,東京電機大学,一般選抜 前期/英語外部/情報系外部,静岡労政会館,静岡市葵区黒金町5-1 静岡県勤労者総合会館,
2026/02/03,静岡県,大学,立命館アジア太平洋大学,スタンダード3/英語重視/共テ+英・国,クーポール会館,静岡市葵区紺屋町2-2,
2026/02/03,静岡県,大学,立命館大学,一般選抜（試験地）,クーポール会館,静岡市葵区紺屋町2-2,
2026/02/03,静岡県,大学,名城大学,一般選抜 地区別会場,秀英予備校　静岡校,静岡市葵区鷹匠2-7-1,
2026/02/03,静岡県,大学,名城大学,一般選抜 地区別会場,学校法人名古屋大原学園静岡校,静岡市葵区柚木103-1,
2026/02/03,静岡県,大学,玉川大学,全学統一等（2/2-2/3のみ）,静岡会場（ツインメッセ静岡）,静岡市駿河区曲金3−1−10,
2026/02/03,静岡県,大学,山梨学院大学,一般選抜（個別）前期,静岡会場　グランシップ,静岡市駿河区東静岡2-3-1,
2026/02/03,石川県,大学,金沢医科大学,一般選抜前期 一次,本学キャンパス,石川県河北郡内灘町大学1丁目1番地,
2026/02/03,石川県,大学,京都光華大学,基礎学力チャレンジ/一般前期A・B,金沢歌劇座,石川県金沢市下本多町6番丁27番地,
2026/02/03,石川県,大学,金沢星稜大学,総合型・推薦等・一般A日程,本学試験場（金沢星稜大学）,石川県金沢市御所町丑10番地1,
2026/02/03,石川県,大学,関西学院大学,全日程（一般/個別/英数/共通併用）,大原簿記法律観光専門学校 金沢校,石川県金沢市広岡1-1-15,
2026/02/03,石川県,大学,関西大学,,金沢文化ホール,石川県金沢市高岡町15−1,
2026/02/03,石川県,大学,北陸大学,総合型・推薦・一般A/Bの本学会場,北陸大学 太陽が丘キャンパス,石川県金沢市太陽が丘1-1,
2026/02/03,石川県,大学,京都先端科学大学,一般A(2/2-3)・B・C,石川県文教会館,石川県金沢市尾山町10-5,
2026/02/03,石川県,大学,中京大学,一般前期A/M・後期F／総合型・推薦,金沢商工会議所,石川県金沢市尾山町9-13,
2026/02/03,石川県,大学,福井工業大学,一般Ⅰ期・Ⅱ期,金沢商工会議所会館,石川県金沢市尾山町9番13号,
2026/02/03,石川県,大学,芝浦工業大学,一般選抜（前期/全学統一）,金沢会場（TKP新幹線口会議室）,石川県金沢市堀川新町2-1 井門金沢ビル,
2026/02/03,石川県,大学,日本福祉大学,一般入学試験 前期,金沢会場（金沢医療技術専門学校）,石川県金沢市堀川新町7番1号,
2026/02/03,石川県,大学,福井工業大学,一般Ⅰ期,七尾産業福祉センター,石川県七尾市三島町70-1,
2026/02/03,石川県,大学,金城大学,総合型・推薦・一般（後期含む）,本学会場（笠間キャンパス）,石川県白山市笠間町1200番地,
2026/02/03,宮城県,大学,東京電機大学,一般選抜 前期/英語外部/情報系外部,東北福祉大学 仙台駅東口キャンパス,仙台市宮城野区榴岡2-5-26,
2026/02/03,宮城県,大学,玉川大学,全学統一等（2/2-2/3のみ）,仙台会場（TKP 仙台青葉通カンファレンスセンター）,仙台市青葉区一番町2－4－1,
2026/02/03,宮城県,大学,八戸工業大学,一般前期・推薦（指定校等）,仙台会場（TKPガーデンシティPREMIUM仙台西口）,仙台市青葉区花京院1-2-15 ソララプラザ,
2026/02/03,宮城県,大学,立命館アジア太平洋大学,スタンダード3,ハーネル仙台,仙台市青葉区本町2-12-7,
2026/02/03,宮城県,大学,立命館大学,一般選抜（試験地）,ハーネル仙台,仙台市青葉区本町2-12-7,
2026/02/03,東京都,大学,立命館アジア太平洋大学,スタンダード3/後期,大手町プレイス ホール＆カンファレンス,千代田区大手町2-3-1 大手町プレイス（イーストタワー）1F/2F,
2026/02/03,東京都,大学,立命館大学,一般選抜（試験地）,大手町プレイスホール＆カンファレンス,千代田区大手町2-3-1 大手町プレイス（イーストタワー）1F/2F,
2026/02/03,千葉県,大学,千葉工業大学,本学試験場（津田沼超過時）,新習志野キャンパス,千葉県習志野市芝園2-1-1,
2026/02/03,千葉県,大学,東京農業大学,一般選抜A・B日程,河合塾 津田沼校（津田沼会場）,千葉県習志野市谷津1-15-33,
2026/02/03,千葉県,大学,千葉工業大学,A/SA/B/SB/C日程 本学試験場,津田沼キャンパス,千葉県習志野市津田沼2-17-1,
2026/02/03,千葉県,大学,東京情報大学,一般・総合・推薦・留学生ほか,東京情報大学キャンパス,千葉県千葉市若葉区御成台4-1,
2026/02/03,千葉県,大学,関東学院大学,一般前期A（2/3のみ）,河合塾 千葉現役館,千葉県千葉市中央区新町17-13,
2026/02/03,千葉県,大学,淑徳大学,一般選抜A,千葉試験場（淑徳大学 千葉キャンパス）,千葉県千葉市中央区大巌寺町200,
2026/02/03,千葉県,大学,立正大学,一般選抜2月前期（2/3-5）,千葉会場（千葉市文化センター）,千葉県千葉市中央区中央2-5-1,
2026/02/03,千葉県,大学,芝浦工業大学,一般選抜（前期/全学統一）,千葉会場（TKPガーデンシティ千葉）,千葉県千葉市中央区問屋町1-45千葉ポートスクエア内,
2026/02/03,千葉県,大学,成蹊大学,E方式・P方式独自試験,千葉会場　幕張メッセ 国際会議場,千葉県千葉市美浜区中瀬2-1,
2026/02/03,千葉県,大学,順天堂大学,薬学S日程・医学部一次,幕張メッセ,千葉県千葉市美浜区中瀬2-1,
2026/02/03,千葉県,大学,医療創生大学,国際看護 一般・推薦・社会人特別,医療創生大学 柏キャンパス,千葉県柏市小青田1-3-4,
2026/02/03,千葉県,大学,東京情報大学,一般選抜Ⅰ期A/B,柏会場（貸し会議室 kouwa）,千葉県柏市柏4-5-10,
2026/02/03,千葉県,大学,立正大学,一般選抜2月前期（2/3-5）,柏会場（駿台予備学校柏校）,千葉県柏市柏5-2-13,
2026/02/03,千葉県,大学,清和大学,一般選抜 I期・II期,本学キャンパス,千葉県木更津市東太田3丁目4-5,
2026/02/03,千葉県,大学,東京理科大学,一般選抜B・S方式,野田試験場（野田キャンパス）,千葉県野田市山崎2641,
2026/02/03,神奈川県,大学,東京電機大学,一般選抜 前期/英語外部/情報系外部,川崎市コンベンションホール,川崎市中原区小杉町2丁目276番地1,
2026/02/03,長野県,大学,松本歯科大学,一般選抜Ⅰ期・Ⅱ期・Ⅲ期,松本歯科大学（創立30年記念棟）,長野県塩尻市広丘郷原1780,
2026/02/03,長野県,大学,高崎健康福祉大学,一般A日程,南松ホール,長野県松本市双葉18-22,
2026/02/03,長野県,大学,中部学院大学,,松本会場,長野県松本市中央1-18-1,
2026/02/03,長野県,大学,日本福祉大学,一般入学試験 前期・中期,松本会場（長野県理容会館）,長野県松本市中央1-21-3,
2026/02/03,長野県,大学,福井工業大学,一般Ⅰ期・Ⅱ期/推薦Ⅰ・Ⅱ期,長野県教育会館,長野県長野市旭町1098,
2026/02/03,長野県,大学,開志専門職大学,一般選抜,長野県教育会館,長野県長野市旭町1098,
2026/02/03,長野県,大学,立正大学,一般選抜2月前期（2/3のみ）,長野会場（シャトレーゼホテル長野）,長野県長野市七瀬1-1,
2026/02/03,長野県,大学,関東学院大学,給費生/一般前期A,長野市生涯学習センター,長野県長野市大字鶴賀問御所町1271-3,
2026/02/03,長野県,大学,千葉工業大学,A/SA日程サテライト,長野試験場（JA長野県ビル アクティーホール）,長野県長野市大字南長野北石堂町1177-3,
2026/02/03,長野県,大学,國學院大学,一般選抜A日程（地方会場）,長野会場（長野ターミナル会館）,長野県長野市中御所岡田178-2,
2026/02/03,長野県,大学,日本福祉大学,一般入学試験 前期,長野会場（長野ターミナル会館）,長野県長野市中御所岡田178-2,
2026/02/03,長野県,大学,金沢星稜大学,推薦等・一般A日程,長野会場（ホテルメトロポリタン長野）,長野県長野市南石堂町1346,
2026/02/03,長野県,大学,群馬医療福祉大学,一般選抜 前期,長野会場,長野県長野市南長野末広町1356 相鉄フレッサイン長野駅善光寺口,
2026/02/03,長野県,大学,高崎健康福祉大学,一般A日程,長野予備学校,長野県長野市北石堂町1022,
2026/02/03,長野県,大学,上武大学,一般選抜 全学統一,長野会場（ホテルＪＡＬシティ長野）,長野県長野市問御所町1221,
2026/02/03,長野県,大学,星城大学,一般選抜前期Aのみ,飯田会場,長野県飯田市錦町1-10,
2026/02/03,長野県,大学,日本福祉大学,一般入学試験 前期,飯田会場（丘の上結いスクエア　ムトスぷらざ）,長野県飯田市東和町2丁目35番地,
2026/02/03,長野県,大学,山梨学院大学,一般選抜（個別）前期,長野会場　長野市生涯学習センター,長野市大字鶴賀問御所町1271-3,
2026/02/03,長野県,大学,玉川大学,全学統一等（2/2-2/3のみ）,長野会場（JA 長野県ビル）,長野市大字南長野北石堂町1177-3,
2026/02/03,長野県,大学,東京電機大学,一般選抜 前期/英語外部/情報系外部,JA長野県ビル,長野市北石堂町1177-3,
2026/02/03,三重県,大学,名城大学,一般選抜 地区別会場,津第一ビル,津市羽所町345,
2026/02/03,三重県,大学,名城大学,一般選抜 地区別会場,ホテルグリーンパーク津,津市羽所町700,
2026/02/03,三重県,大学,名城大学,一般選抜 地区別会場,津商工会館,津市丸之内29-14,
2026/02/03,三重県,大学,立命館アジア太平洋大学,スタンダード3,メッセウイングNHW（津市産業・スポーツセンター）,津市北河路町19-1,
2026/02/03,三重県,大学,立命館大学,一般選抜（試験地）,メッセウイングNHW（津市産業・スポーツセンター）,津市北河路町19-1,
2026/02/03,東京都,大学,東京理科大学,一般選抜B・S方式,葛飾試験場（葛飾キャンパス）,東京都葛飾区新宿6-3-1,
2026/02/03,東京都,大学,芝浦工業大学,一般選抜（前期/全学統一）,豊洲キャンパス,東京都江東区豊洲3-7-5,
2026/02/03,東京都,大学,東海大学,医学部一般選抜1次,TOC有明（コンベンションホール）,東京都江東区有明3-5-7,
2026/02/03,東京都,大学,中京大学,一般前期A/M・後期F／総合型・推薦,TKP品川港南口会議室,東京都港区港南2-4-3 三和港南ビル4階,
2026/02/03,東京都,大学,神戸学院大学,一般(前/中期),東京会場（TKP品川カンファレンスセンターANNEX）,東京都港区高輪3-13-1,
2026/02/03,東京都,大学,吉備国際大学,一般前期AⅠ/AⅡ/B/C,東京会場（TKP品川カンファレンスセンター）,東京都港区高輪3-25-23,
2026/02/03,東京都,大学,九州医療科学大学,一般選抜前期,TKP品川カンファレンスセンター,東京都港区高輪3丁目25番23号 京急第2ビル,
2026/02/03,東京都,大学,日本赤十字北海道看護大学,一般型選抜,TKP品川カンファレンスセンター,東京都港区高輪3丁目25番23号 京急第2ビル10階,
2026/02/03,東京都,大学,東北福祉大学,A日程統一・分割,東京グランドホテル,東京都港区芝2-5-2,
2026/02/03,東京都,大学,明治学院大学,一般選抜：全学部日程・A日程・B日程,白金キャンパス,東京都港区白金台1-2-37,
2026/02/03,東京都,大学,関西学院大学,全日程（一般/個別/英数/共通併用）,代々木ゼミナール本部校 代ゼミタワー,東京都渋谷区代々木2-25-7,
2026/02/03,東京都,大学,國學院大学,一般選抜A日程・B日程,渋谷キャンパス,東京都渋谷区東四丁目10-28,
2026/02/03,東京都,大学,嘉悦大学,一般選抜（独自試験型）,嘉悦大学（本学キャンパス）,東京都小平市花小金井南町2-8-4,
2026/02/03,東京都,大学,東京富士大学,一般・総合・推薦・特別等の全選抜,本学キャンパス（本館）,東京都新宿区高田馬場3-8-1,
2026/02/03,東京都,大学,東京理科大学,一般選抜B・S方式,神楽坂試験場（神楽坂キャンパス）,東京都新宿区神楽坂1-3,
2026/02/03,東京都,大学,山梨学院大学,一般選抜（個別）前期・一部2/6,東京会場　TKP飯田橋ビジネスセンター,東京都新宿区西五軒町3-2,
2026/02/03,東京都,大学,東京都市大学,一般選抜 前期(2/1-2/3)・中期,本学会場（世田谷キャンパス）,東京都世田谷区玉堤1-28-1,
2026/02/03,東京都,大学,東京農業大学,一般選抜A・B日程,世田谷キャンパス（本学会場）,東京都世田谷区桜丘1-1-1,
2026/02/03,東京都,大学,松本歯科大学,一般選抜Ⅰ期・Ⅱ期・Ⅲ期,トラストシティカンファレンス・丸の内,東京都千代田区丸の内1-8-1 丸の内トラストタワーN館 11階,
2026/02/03,東京都,大学,北海道文教大学,一般選抜A日程 東京会場,アルカディア市ケ谷 私学会館,東京都千代田区九段北4-2-25,
2026/02/03,東京都,大学,群馬医療福祉大学,一般選抜 前期,東京会場,東京都千代田区九段北4-2-25 アルカディア市ヶ谷,
2026/02/03,東京都,大学,二松学舎大学,一般選抜S/A/B/E/G・D方式,九段キャンパス,東京都千代田区三番町6-16,
2026/02/03,東京都,大学,関東学院大学,給費生/一般前期A,連合会館,東京都千代田区神田駿河台3-2-11,
2026/02/03,東京都,大学,関西大学,,TKP新橋カンファレンスセンター,東京都千代田区内幸町1丁目3-1 新幸橋ビルディング,
2026/02/03,東京都,大学,上武大学,一般選抜 全学統一,東京会場（都市センターホテル）,東京都千代田区平河町2-4-1,
2026/02/03,東京都,大学,東京電機大学,一般選抜 前期/英語外部/情報系外部/後期,東京千住キャンパス,東京都足立区千住旭町5番,
2026/02/03,東京都,大学,湘南工科大学,一般選抜（全学部統一・S・前期）,東京会場（AP秋葉原）,東京都台東区秋葉原1-1 秋葉原ビジネスセンター 1F・4F・5F（受付1F）,
2026/02/03,東京都,大学,徳島文理大学,一般入試会場（詳細要項参照）,東京都会場　AP東京八重洲,東京都中央区京橋1-10-7,
2026/02/03,東京都,大学,京都先端科学大学,公募推薦A、一般A・B,ビジョンセンター東京 京橋,東京都中央区京橋3-7-1 相互館110タワー4F・8F,
2026/02/03,東京都,大学,高崎健康福祉大学,一般A・B日程,ビジョンセンター東京八重洲,東京都中央区日本橋2-3-4 日本橋プラザビル9F,
2026/02/03,東京都,大学,福井工業大学,一般Ⅰ期/推薦Ⅰ期/留学生Ⅰ期,AP日本橋,東京都中央区日本橋3-6-2 日本橋フロント6F,
2026/02/03,東京都,大学,東京情報大学,一般選抜Ⅰ期A/B・Ⅱ期,東京会場（TKP東京駅カンファレンスセンター）,東京都中央区八重洲1-8-16,
2026/02/03,東京都,大学,北海道情報大学,一般1期/2期・英語外部・推薦1期,eDCビル（東京）,東京都中野区中野5丁目62番地1号,
2026/02/03,東京都,大学,玉川大学,全学統一/地域創生/給付型/実技本学,本学キャンパス,東京都町田市玉川学園6-1-1,
2026/02/03,東京都,大学,芝浦工業大学,一般選抜（前期/全学統一）,町田会場（町田市文化交流センター）,東京都町田市原町田4-1-14 プラザ町田,
2026/02/03,東京都,大学,創価大学,全学統一・一般前期,創価大学（本学キャンパス）,東京都八王子市丹木町1-236,
2026/02/03,東京都,大学,淑徳大学,一般選抜A,東京試験場（淑徳大学 東京キャンパス）,東京都板橋区前野町2-29-3,
2026/02/03,東京都,大学,金沢医科大学,一般選抜前期 一次,東京会場（TOCビル本館）,東京都品川区西五反田7-22-17,
2026/02/03,東京都,大学,立正大学,一般選抜R方式・2月前期・後期・3月,品川キャンパス,東京都品川区大崎4-2-16,
2026/02/03,東京都,大学,京都光華大学,一般前期A・B,きゅりあん（品川区立総合区民会館）,東京都品川区東大井5-18-1,
2026/02/03,東京都,大学,成蹊大学,A方式・E方式・P方式実施,成蹊大学（東京・吉祥寺）,東京都武蔵野市吉祥寺北町3-3-1,
2026/02/03,東京都,大学,亜細亜大学,一般入試/全学統一(前中後)/DS後期,武蔵野キャンパス,東京都武蔵野市境5-8,
2026/02/03,東京都,大学,文京学院大学,全学統一選抜・一般選抜I〜III期,本郷キャンパス,東京都文京区向丘1-19-1,
2026/02/03,東京都,大学,拓殖大学,2月前期選抜A･B･C日程,文京キャンパス,東京都文京区小日向3-4-14,
2026/02/03,東京都,大学,東京農業大学,一般選抜A日程,河合塾 池袋校 西館（池袋会場）,東京都豊島区西池袋1-3-12,
2026/02/03,東京都,大学,開志専門職大学,一般選抜,TKP池袋カンファレンスセンター,東京都豊島区南池袋2-22-1 第3高村ビル5～6階,
2026/02/03,東京都,大学,札幌学院大学,一般A日程。2/4は留学生B実施,北京語言大学東京校,東京都豊島区南池袋2-29-14,
2026/02/03,東京都,大学,東京成徳大学,一般選抜A・B・C・D日程,東京成徳大学,東京都北区十条台1-7-13,
2026/02/03,東京都,大学,千葉工業大学,A/SA・B/SB日程サテライト,東京スカイツリータウン®キャンパス試験場,東京都墨田区押上1-1-2 東京スカイツリータウン® 8階,
2026/02/03,東京都,大学,東京農業大学,一般選抜A日程,me:rise立川 Conference Room（立川会場）,東京都立川市曙町2-8-28 TAMA MIRAI SQUARE,
2026/02/03,神奈川県,大学,東京電機大学,一般選抜 前期/英語外部/情報系外部,藤沢商工会議所,藤沢市藤沢607-1,
2026/02/03,栃木県,大学,立正大学,一般選抜2月前期（2/3のみ）,宇都宮会場（TKP宇都宮カンファレンスセンター）,栃木県宇都宮市駅前通り1-3-1 KDX宇都宮ビル地下1階,
2026/02/03,栃木県,大学,千葉工業大学,A/SA・B/SB日程サテライト,宇都宮試験場（ライトキューブ宇都宮）,栃木県宇都宮市宮みらい1-20,
2026/02/03,栃木県,大学,東京農業大学,一般選抜A日程,ライトキューブ宇都宮（宇都宮会場）,栃木県宇都宮市宮みらい1-20,
2026/02/03,栃木県,大学,淑徳大学,一般選抜A,宇都宮試験場（ライトキューブ宇都宮）,栃木県宇都宮市宮みらい1-20,
2026/02/03,栃木県,大学,上武大学,一般選抜 全学統一,宇都宮会場（ホテルマイステイズ宇都宮）,栃木県宇都宮市東宿郷2-4-1,
2026/02/03,栃木県,大学,高崎健康福祉大学,一般A日程,ホテルマイステイズ宇都宮,栃木県宇都宮市東宿郷2-4-1,
2026/02/03,栃木県,大学,群馬医療福祉大学,一般選抜 前期,宇都宮会場,栃木県宇都宮市東宿郷2-4-1 ホテルマイステイズ宇都宮,
2026/02/03,千葉県,大学,立命館アジア太平洋大学,スタンダード3/英語重視/共テ+英・国,柏の葉カンファレンスセンター,柏市若柴178-4 ホテル＆レジデンス棟2階,
2026/02/03,千葉県,大学,立命館大学,一般選抜（試験地）,柏の葉カンファレンスセンター,柏市若柴178-4 ホテル＆レジデンス棟2階,
2026/02/03,千葉県,大学,立命館アジア太平洋大学,スタンダード3/英語重視,ハート柏迎賓館,柏市柏233,
2026/02/03,千葉県,大学,立命館大学,一般選抜（試験地）,ハート柏迎賓館,柏市柏233,
2026/02/03,静岡県,大学,名城大学,一般選抜 地区別会場,プレスタワー17階 静岡新聞ホール,浜松市中央区旭町11-1,
2026/02/03,静岡県,大学,名城大学,一般選抜 地区別会場,えんてつホール,浜松市中央区旭町12-1 遠鉄百貨店新館8階,
2026/02/03,静岡県,大学,金城学院大学,一般選抜前期,浜松会場,浜松市中央区早馬町2番地1,
2026/02/03,静岡県,大学,立命館アジア太平洋大学,スタンダード3/英語重視/共テ+英・国,オークラアクトシティホテル浜松,浜松市中央区板屋町111-2,
2026/02/03,静岡県,大学,立命館大学,一般選抜（試験地）,オークラアクトシティホテル浜松,浜松市中央区板屋町111-2,
2026/02/03,静岡県,大学,名城大学,一般選抜 地区別会場,浜北文化センター,浜松市浜名区貴布祢291-1,
2026/02/03,富山県,大学,金沢星稜大学,推薦等・一般A日程,高岡会場（高岡商工会議所）,富山県高岡市丸の内1-40,
2026/02/03,富山県,大学,金城大学,一般選抜のみ（2/3）,高岡会場（高岡市生涯学習センター）,富山県高岡市末広町1-7 ウイング・ウイング高岡内,
2026/02/03,富山県,大学,福井工業大学,一般Ⅰ期・Ⅱ期,ボルファートとやま,富山県富山市奥田新町8-1,
2026/02/03,富山県,大学,日本福祉大学,一般入学試験 前期・中期,富山会場（インテックビル（タワー111））,富山県富山市牛島新町5番5号,
2026/02/03,富山県,大学,名古屋商科大学,一般前期A,富山会場（富山県民会館）,富山県富山市新総曲輪4-18,
2026/02/03,富山県,大学,金沢星稜大学,推薦等・一般A日程,富山会場（富山県民会館）,富山県富山市新総曲輪4番18号,
2026/02/03,富山県,大学,北陸大学,一般選抜A/B日程,富山商工会議所,富山県富山市総曲輪2-1-3,
2026/02/03,富山県,大学,中京大学,一般前期A/M／総合型・推薦,富山県農協会館,富山市新総曲輪2-21,
2026/02/03,富山県,大学,名城大学,一般選抜 地区別会場,富山県中小企業研修センター,富山市赤江町1-7,
2026/02/03,福井県,大学,福井工業大学,一般Ⅰ期/推薦Ⅰ期,敦賀商工会議所,福井県敦賀市神楽町2丁目1-4,
2026/02/03,福井県,大学,北陸大学,一般選抜A日程,福井県自治会館,福井県福井市開発4-202-1,
2026/02/03,福井県,大学,福井工業大学,全方式（本学実施分）,福井工業大学（福井キャンパス）,福井県福井市学園3丁目6番1号,
2026/02/03,福井県,大学,中京大学,一般前期A/M／総合型・推薦,福井商工会議所ビル,福井県福井市西木田2-8-1,
2026/02/03,福井県,大学,金城大学,推薦(11/16)・一般(2/3),福井会場（フェニックス・プラザ）,福井県福井市田原1丁目13-6,
2026/02/03,福井県,大学,金沢星稜大学,推薦等・一般A日程,福井会場（ユニオンプラザ福井）,福井県福井市問屋町1丁目35番地,
2026/02/03,福井県,大学,立命館アジア太平洋大学,スタンダード3,福井市地域交流プラザ（AOSSA6F）,福井市手寄1-4-1 AOSSA,
2026/02/03,福井県,大学,立命館大学,一般選抜（試験地）,福井市地域交流プラザ（AOSSA6F）,福井市手寄1-4-1 AOSSA,
2026/02/03,福井県,大学,名城大学,一般選抜 地区別会場,福井県繊協ビル,福井市大手3-7-1,
2026/02/03,福島県,大学,医療創生大学,総合型・学校推薦・一般の会場,医療創生大学 いわきキャンパス,福島県いわき市中央台飯野5-5-1,
2026/02/03,福島県,大学,医療創生大学,国際看護 一般（前期）,駿優予備学校 郡山校,福島県郡山市駅前1-12-6,
2026/02/03,福島県,大学,淑徳大学,一般選抜A,郡山試験場（セルフミーティングルーム虎丸）,福島県郡山市虎丸町15-4,
2026/02/03,福島県,大学,東北福祉大学,A日程統一・分割,郡山商工会議所,福島県郡山市清水台1-3-8,
2026/02/03,福島県,大学,開志専門職大学,一般選抜,国際医療看護福祉大学校 ANNEX校舎,福島県郡山市方八町2丁目4番10号,
2026/02/03,東京都,大学,玉川大学,全学統一等（2/2-2/3のみ）,池袋会場（アットビジネスセンター池袋駅前別館）,豊島区東池袋1-6-4伊藤ビル,
2026/02/03,北海道,大学,星槎道都大学,旭川会場,星槎国際高等学校 旭川学習センター,北海道旭川市2条通11丁目237-1,
2026/02/03,北海道,大学,北海道情報大学,一般1期/英語外部・推薦1期,旭川北洋ビル,北海道旭川市4条通9丁目1703番地,
2026/02/03,北海道,大学,札幌学院大学,一般A・B日程,旭川ときわ市民ホール,北海道旭川市5条通4丁目,
2026/02/03,北海道,大学,日本赤十字北海道看護大学,一般型選抜,旭川市大雪クリスタルホール,北海道旭川市神楽3条7丁目,
2026/02/03,北海道,大学,札幌学院大学,一般A日程,釧路ロイヤルイン,北海道釧路市黒金町14丁目9番2号,
2026/02/03,北海道,大学,日本赤十字北海道看護大学,一般型選抜,道東経済センタービル,北海道釧路市大町1-1-1 道東経済センタービル3階,
2026/02/03,北海道,大学,北海道文教大学,本学会場（一般選抜A日程）,北海道文教大学（恵庭キャンパス）,北海道恵庭市黄金中央5丁目196番地の1,
2026/02/03,北海道,大学,北海道情報大学,総合型特別/起業AO・推薦・一般,本学（北海道情報大学）,北海道江別市西野幌59番2,
2026/02/03,北海道,大学,札幌学院大学,本学会場。全入試実施,江別キャンパス（本学会場）,北海道江別市文京台11番地,
2026/02/03,北海道,大学,東京農業大学,一般選抜A日程,TKPガーデンシティ札幌駅前（札幌会場）,北海道札幌市中央区北2条西2-19 TKP札幌ビル,
2026/02/03,北海道,大学,日本福祉大学,一般入学試験 前期,札幌会場（ACU-A アスティ45）,北海道札幌市中央区北4条西5丁目アスティ45,
2026/02/03,北海道,大学,芝浦工業大学,一般選抜（前期/全学統一）,札幌会場（TKP札幌ビジネスセンター赤れんが前）,北海道札幌市中央区北4条西6丁目1,
2026/02/03,北海道,大学,國學院大学,一般選抜A日程（地方会場）,札幌会場（代々木ゼミナール札幌校）,北海道札幌市北区北7条西2-5,
2026/02/03,北海道,大学,東京理科大学,一般選抜B・S方式,札幌試験場（代々木ゼミナール札幌校）,北海道札幌市北区北7条西2-5,
2026/02/03,北海道,大学,立正大学,一般選抜2月前期（2/3のみ）,札幌会場（代々木ゼミナール札幌校）,北海道札幌市北区北7条西2-5,
2026/02/03,北海道,大学,日本赤十字北海道看護大学,一般型選抜,TKP札幌駅カンファレンスセンター,北海道札幌市北区北7条西2丁目9 ベルヴュオフィス札幌 3階,
2026/02/03,北海道,大学,札幌学院大学,一般A日程,FKホールディングス 生涯学習センター きらん,北海道室蘭市中島町2丁目22-1,
2026/02/03,北海道,大学,北海道情報大学,一般1期/英語外部,ホテルグランテラス帯広,北海道帯広市西1条南11丁目2番地,
2026/02/03,北海道,大学,北海道文教大学,一般選抜A日程 帯広会場,とかちプラザ,北海道帯広市西4条南13丁目1,
2026/02/03,北海道,大学,札幌学院大学,一般A日程,道新ホール帯広,北海道帯広市西4条南9丁目1-4,
2026/02/03,北海道,大学,日本赤十字北海道看護大学,一般型選抜,ソネビル本館,北海道帯広市西6条南6丁目3番地3階,
2026/02/03,北海道,大学,星槎道都大学,帯広会場,とかち館,北海道帯広市西7条南6丁目2番地,
2026/02/03,北海道,大学,星槎道都大学,函館会場,サン・リフレ函館,北海道函館市大森町2番14号,
2026/02/03,北海道,大学,日本赤十字北海道看護大学,一般型選抜,サン・リフレ函館,北海道函館市大森町2番14号2階,
2026/02/03,北海道,大学,札幌学院大学,一般A日程,函館市民会館,北海道函館市湯川町1-32-1,
2026/02/03,北海道,大学,北海道情報大学,一般1期/英語外部・推薦1期,ホテル法華クラブ函館,北海道函館市本町27-1,
2026/02/03,北海道,大学,日本赤十字北海道看護大学,総合型/推薦Ⅰ/推薦Ⅱ/社会人/一般,日本赤十字北海道看護大学,北海道北見市曙町664番地1,
2026/02/03,北海道,大学,札幌学院大学,一般A日程,中高年齢労働者福祉センター サンライフ北見,北海道北見市東三輪5丁目1番地16,
2026/02/03,北海道,大学,星槎道都大学,本学会場,星槎道都大学,北海道北広島市中の沢149番地,
2026/02/03,北海道,大学,東京農業大学,一般選抜A・B日程,北海道オホーツクキャンパス（本学会場）,北海道網走市八坂196,
2026/02/03,愛知県,大学,立命館アジア太平洋大学,スタンダード3/英語重視,愛知県武道館,名古屋市港区丸池町1-1-4,
2026/02/03,愛知県,大学,立命館大学,一般選抜（試験地）,愛知県武道館,名古屋市港区丸池町1-1-4,
2026/02/03,愛知県,大学,福山大学,一般選抜 前期A日程（名古屋）,AP名古屋,名古屋市中区栄4-10-25,
2026/02/03,愛知県,大学,玉川大学,全学統一等（2/2-2/3のみ）,名古屋会場（代々木ゼミナール）,名古屋市中村区則武1-5-7,
2026/02/03,愛知県,大学,神戸学院大学,公募推薦・一般(前/中/後期),名古屋会場（安保ホール）,名古屋市中村区名駅3-15-9,
2026/02/03,愛知県,大学,創価大学,全学統一・一般前期・後期CBT,愛知会場,名古屋市中村区名駅3丁目25-3,
2026/02/03,愛知県,大学,立命館アジア太平洋大学,スタンダード3/英語重視/共テ+英・国/後期,愛知県産業労働センター（ウインクあいち）,名古屋市中村区名駅4-4-38,
2026/02/03,愛知県,大学,立命館大学,一般選抜（試験地）,愛知県産業労働センター（ウインクあいち）,名古屋市中村区名駅4-4-38,
2026/02/03,愛知県,大学,名城大学,一般選抜 名古屋会場,天白キャンパス,名古屋市天白区塩釜口一丁目501番地,
2026/02/03,愛知県,大学,名城大学,一般選抜 名古屋会場,八事キャンパス,名古屋市天白区八事山152,
2026/02/03,愛知県,大学,名城大学,一般選抜 名古屋会場,ナゴヤドーム前キャンパス,名古屋市東区矢田南4-102-11,
2026/02/03,東京都,大学,玉川大学,全学統一等（2/2-2/3のみ）,立川会場（駿台予備学校立川校）,立川市柴崎町3-5-17,
2026/02/03,三重県,大学,名城大学,一般選抜 地区別会場,ホテルグリーンパーク鈴鹿,鈴鹿市白子4-15-20,
2026/02/03,神奈川県,中学校,横浜市立高等学校附属中学校,,本校,神奈川県横浜市港南区東永谷2丁目1-1,
2026/02/03,東京都,中学校,都立大泉高等学校附属中学校,,本校,東京都練馬区東大泉5丁目3-1,
2026/02/03,東京都,,東京都立足立特別支援学校,,,東京都足立区花畑7丁目23番15号,
2026/02/03,東京都,,東京都立八王子西特別支援学校,,,東京都八王子市東浅川町546-1,
2026/02/03,千葉県,追試験,筑波大学附属聴覚特別支援学校,,,千葉県市川市国府台2-2-1,
2026/02/03,東京都,入学説明会,東京都立葛飾ろう学校小学部,,,東京都葛飾区西亀有2-58-1,
2026/02/03,愛知県,大学,名古屋外国語大学,一般選抜前期Ａ方式,名古屋外国語大学　日進キャンパス,愛知県日進市岩崎町竹ノ山57,
2026/02/03,愛知県,大学,麻布大学,一般入学試験（第Ⅰ期）B日程,名古屋サンスカイルーム,愛知県名古屋市中区錦1丁目18-22 名古屋ATビル2F,
2026/02/03,愛知県,大学,国士舘大学,デリバリー選抜,名古屋会場（安保ホール）,愛知県名古屋市中村区名駅3-15-9,
2026/02/03,愛知県,大学,東海学院大学,,名古屋,愛知県名古屋市中村区名駅4-5-27 大一名駅 3階,
2026/02/03,茨城県,大学,国士舘大学,デリバリー選抜,水戸会場（水戸駿優予備学校本部）,茨城県水戸市三の丸1-1-42,
2026/02/03,茨城県,大学,桜美林大学,一般選抜前期,水戸会場（三の丸ホテル）,茨城県水戸市三の丸2-1-1,
2026/02/03,岐阜県,大学,愛知学院大学,,岐阜,岐阜市鶴舞町2丁目6-7,
2026/02/03,宮城県,大学,桜美林大学,一般選抜前期,仙台会場（TKP仙台青葉通カンファレンスセンター,宮城県仙台市青葉区一番町2-4-1 青葉通パークビルディング,
2026/02/03,宮城県,大学,城西大学,一般選抜A日程,宮城会場（TKPガーデンシティPREMIUM仙台西口）,宮城県仙台市青葉区花京院1-2-15ソララプラザ,
2026/02/03,宮城県,大学,国士舘大学,デリバリー選抜,仙台会場（ショーケー本館ビル）,宮城県仙台市青葉区五橋2-11-1,
2026/02/03,宮城県,大学,麻布大学,一般入学試験（第Ⅰ期）B日程,秀英予備校　仙台本部校,宮城県仙台市青葉区堤通雨宮町3-23,
2026/02/03,石川県,大学,愛知学院大学,,金沢,金沢市堀川新町7-1,
2026/02/03,群馬県,大学,国士舘大学,デリバリー選抜,高崎会場（小野池學院）,群馬県高崎市栄町15-3,
2026/02/03,群馬県,大学,東海大学,全学部統一前期,高崎,群馬県高崎市栄町22-30,
2026/02/03,埼玉県,大学,国士舘大学,デリバリー選抜,大宮会場（大宮ソニックシティビル）,埼玉県さいたま市大宮区桜木町1-7-5,
2026/02/03,埼玉県,大学,麻布大学,一般入学試験（第Ⅰ期）B日程,JA共済埼玉ビル,埼玉県さいたま市大宮区土手町1-2,
2026/02/03,山梨県,大学,国士舘大学,デリバリー選抜,甲府会場（秀英予備校山梨本部校）,山梨県甲府市丸の内2丁目15番12,
2026/02/03,新潟県,大学,国士舘大学,デリバリー選抜,新潟会場（朱鷺メッセ新潟コンベンションセンター）,新潟県新潟市中央区万代島6-1,
2026/02/03,神奈川県,大学,国士舘大学,デリバリー選抜,横浜会場（AP横浜　ONEST横浜西口ビル4F）,神奈川県横浜市西区北幸2-6-1 ONEST横浜西口ビル,
2026/02/03,神奈川県,大学,麻布大学,一般入学試験（第Ⅰ期）B日程,麻布大学,神奈川県相模原市中央区淵野辺1-17-71,
2026/02/03,静岡県,大学,桜美林大学,一般選抜前期,静岡会場（静岡県コンベンションアーツセンターグランシップ）,静岡県駿河区東静岡2-3-1,
2026/02/03,静岡県,大学,国士舘大学,デリバリー選抜,静岡会場（静岡学園なごみ高等学校）,静岡県静岡市駿河区八幡1-1-1,
2026/02/03,静岡県,大学,東海大学,全学部統一前期,静岡,静岡県静岡市清水区折3-20-1,
2026/02/03,静岡県,大学,愛知学院大学,,静岡,静岡市葵区 柚木103番地の1,
2026/02/03,石川県,大学,東海学院大学,,金沢,石川県金沢市尾山町10-5 2階,
2026/02/03,石川県,大学,国士舘大学,デリバリー選抜,金沢会場（金沢商工会議所）,石川県金沢市尾山町9-13,
2026/02/03,東京都,大学,愛知学院大学,,東京,千代田区神田 三崎町2-7-10 帝都三崎町ビル,
2026/02/03,千葉県,大学,桜美林大学,一般選抜前期,千葉会場（ペリエホール）,千葉県千葉市中央区新千葉1-1-1ペリエ千葉,
2026/02/03,千葉県,大学,国士舘大学,デリバリー選抜,千葉会場（千葉商工会議所）,千葉県千葉市中央区中央2-5-1 千葉中央ツインビル2号館,
2026/02/03,千葉県,大学,国士舘大学,デリバリー選抜,柏会場（柏商工会議所）,千葉県柏市東上町7-18,
2026/02/03,長野県,大学,国士舘大学,デリバリー選抜,松本会場（松本商工会議所）,長野県松本市中央1-23-1,
2026/02/03,長野県,大学,愛知学院大学,,松本,長野県松本市中央1-23-1,
2026/02/03,長野県,大学,桜美林大学,一般選抜前期,長野会場（ホテル信濃路）,長野県長野市御所岡田町131-4,
2026/02/03,三重県,大学,愛知学院大学,,津,津市栄町1丁目891番地,
2026/02/03,東京都,大学,東海大学,全学部統一前期,東京,東京都港区高輪2-3-23,
2026/02/03,東京都,大学,安田女子大学,一般選抜前期B,東京会場（AP東京八重洲（KPP八重洲ビル内））,東京都中央区京橋1-10-7 KPP八重洲ビル,
2026/02/03,東京都,大学,杏林大学,一般前期,東京たま未来メッセ,東京都八王子市明神町3丁目19-2,
2026/02/03,東京都,大学,国士舘大学,デリバリー選抜,池袋会場（TKP池袋カンファレンスセンター）,東京都豊島区南池袋2-22-1,
2026/02/03,東京都,大学,国士舘大学,デリバリー選抜,立川会場（立川商工会議所）,東京都立川市曙町2-38-5 立川ビジネスセンタービル,
2026/02/03,栃木県,大学,国士舘大学,デリバリー選抜,宇都宮会場（栃木県総合文化センター）,栃木県宇都宮市本町1-8,
2026/02/03,静岡県,大学,愛知学院大学,,浜松,浜松市中央区 連尺町309番地11,
2026/02/03,富山県,大学,愛知学院大学,,富山,富山市奥田新町8-1,
2026/02/03,北海道,大学,桜美林大学,一般選抜前期,札幌会場（ACU アスティ45）,北海道札幌市中央区北4条西5丁目アスティ45,
2026/02/03,北海道,大学,東海大学,全学部統一前期,札幌,北海道札幌市南区南沢5条1-1-1,
2026/02/03,北海道,大学,国士舘大学,デリバリー選抜,札幌会場（秀英予備校札幌本部校）4,北海道札幌市北区北7条西1丁目1,
2026/02/03,愛知県,大学,佛教大学,一般選抜（Ｂ日程）,AP名古屋,名古屋市中村区名駅4丁目10番25号名駅IMAIビル,
2026/02/03,福島県,大学,国士舘大学,デリバリー選抜,郡山会場（駿優予備学校郡山校）,福島県郡山市駅前1-12-6,
2026/02/03,福島県,大学,東海大学,全学部統一前期,郡山,福島県郡山市中町14-18,
