日付,都道府県,学校種,学校名,試験名,試験地,住所,時間
2026/02/04,東京都,中学校,足立学園,４回,本校,東京都足立区千住旭町40-24,
2026/02/04,東京都,中学校,足立学園,特奨④,本校,東京都足立区千住旭町40-24,PM
2026/02/04,東京都,中学校,跡見学園,特待③,本校,東京都文京区大塚1-5-9,
2026/02/04,東京都,中学校,郁文館,適性検査型,本校,東京都文京区向丘２－１９－１,
2026/02/04,東京都,中学校,郁文館,２科･４科選抜②,本校,東京都文京区向丘２－１９－１,
2026/02/04,東京都,中学校,上野学園,４日,本校,東京都台東区東上野４－２４－１２,
2026/02/04,東京都,中学校,上野学園,４回,本校,東京都台東区東上野４－２４－１２,
2026/02/04,東京都,中学校,穎明館,５回(総合),本校,東京都八王子市館町２６００,
2026/02/04,東京都,中学校,英明フロンティア (2026～女子→共学),５回,本校,東京都練馬区関町北４丁目１６−１１,
2026/02/04,東京都,中学校,大妻多摩,第４回,本校,東京都多摩市唐木田２－７－１,
2026/02/04,東京都,中学校,大妻中野,５回,本校,東京都中野区上高田２－３－７,
2026/02/04,東京都,中学校,大妻中野,３回,本校,東京都中野区上高田２－３－７,
2026/02/04,東京都,中学校,開智日本橋学園,４回,本校,東京都中央区日本橋馬喰町２－７－６,
2026/02/04,東京都,中学校,川村,ｾﾚｸﾄ④,本校,東京都豊島区目白２－２２－３,AM
2026/02/04,東京都,中学校,川村,ｾﾚｸﾄ⑤,本校,東京都豊島区目白２－２２－３,PM
2026/02/04,東京都,中学校,神田女学園,５回,本校,東京都千代田区神田猿楽町２－３－６,PM
2026/02/04,東京都,中学校,北里大学附属順天 (2026～順天から校名変更),３回(多面的),本校,東京都北区王子本町１－１７－１３,
2026/02/04,東京都,中学校,北里大学附属順天 (2026～順天から校名変更),帰国生２回,本校,東京都北区王子本町１－１７－１３,
2026/02/04,東京都,中学校,京華女子,④(2科･4科),本校,東京都文京区白山５－６－６,
2026/02/04,東京都,中学校,啓明学園,③,本校,東京都昭島市拝島町５－１１－１５,
2026/02/04,東京都,中学校,小石川淑徳学園,２回一般,本校,東京都文京区小石川３－１４－３,
2026/02/04,東京都,中学校,光塩女子学院,３回(４科型),本校,東京都杉並区高円寺南２－３３－２８,
2026/02/04,東京都,中学校,佼成学園女子,④ＡＭ(一般),本校,東京都世田谷区給田２－１－１,AM
2026/02/04,東京都,中学校,佼成学園女子,④ＰＭ(特待･適性),本校,東京都世田谷区給田２－１－１,PM
2026/02/04,東京都,中学校,国士舘,４回(ﾌﾟﾚｾﾞﾝ),本校,東京都世田谷区若林４－３２－１,AM
2026/02/04,東京都,中学校,国士舘,５回,本校,東京都世田谷区若林４－３２－１,PM
2026/02/04,東京都,中学校,駒込,５回,本校,東京都文京区千駄木５－６－２５,
2026/02/04,東京都,中学校,桜丘,５回(2･4科),本校,東京都北区滝野川１－５１－１２,
2026/02/04,東京都,中学校,実践女子学園,⑥ＰＭ,本校,東京都渋谷区東１－１－１１,PM
2026/02/04,東京都,中学校,品川翔英,６回,本校,東京都品川区西大井１－６－１３,PM
2026/02/04,東京都,中学校,品川女子学院,表現力･総合型,本校,東京都品川区北品川３－３－１２,
2026/02/04,東京都,中学校,芝,２回,本校,東京都港区芝公園３－５－３７,
2026/02/04,東京都,中学校,修徳,６回,本校,東京都葛飾区青戸８－１０－１,PM
2026/02/04,東京都,中学校,淑徳巣鴨,３回,本校,東京都豊島区西巣鴨２－２２－１６,
2026/02/04,東京都,中学校,順天堂大学系属理数インター,2科･4科②,本校,東京都中野区中央２－２８－３,AM
2026/02/04,東京都,中学校,順天堂大学系属理数インター,適性③,本校,東京都中野区中央２－２８－３,AM
2026/02/04,東京都,中学校,順天堂大学系属理数インター,２回,本校,東京都中野区中央２－２８－３,PM
2026/02/04,東京都,中学校,城北,３回,本校,東京都板橋区東新町２－２８－１,
2026/02/04,東京都,中学校,昭和女子大附属昭和,Ｃ,本校,東京都世田谷区太子堂１－７－５７,PM
2026/02/04,東京都,中学校,昭和女子大附属昭和,ＳＣ,本校,東京都世田谷区太子堂１－７－５７,PM
2026/02/04,東京都,中学校,女子聖学院,６回,本校,東京都北区中里３－１２－２,PM
2026/02/04,東京都,中学校,白梅学園清修,３回ＡＭ,本校,東京都小平市小川町１－８３０,AM
2026/02/04,東京都,中学校,白梅学園清修,３回ＰＭ,本校,東京都小平市小川町１－８３０,PM
2026/02/04,東京都,中学校,巣鴨,Ⅲ期,本校,東京都豊島区上池袋１－２１－１,
2026/02/04,東京都,中学校,駿台学園,４回,本校,東京都北区王子６－１－１０,
2026/02/04,東京都,中学校,成蹊,２回(男子),本校,東京都武蔵野市吉祥寺北町３－１０－１３,
2026/02/04,東京都,中学校,成蹊,２回(女子),本校,東京都武蔵野市吉祥寺北町３－１０－１３,
2026/02/04,東京都,中学校,清明学園,一般,本校,東京都大田区南雪谷３－１２－２６,
2026/02/04,東京都,中学校,成立学園,６回,本校,東京都北区東十条６－９－１３,
2026/02/04,東京都,中学校,世田谷学園,３次,本校,東京都世田谷区三宿１－１６－３１,
2026/02/04,東京都,中学校,高輪,Ｃ日程,本校,東京都港区高輪２－１－３２,
2026/02/04,東京都,中学校,玉川聖学院,４回,本校,東京都世田谷区奥沢７－１１－２２,
2026/02/04,東京都,中学校,多摩大学附属聖ヶ丘,５回,本校,東京都多摩市聖ヶ丘４－１－１,
2026/02/04,東京都,中学校,多摩大学目黒,特待･特進４回,本校,東京都目黒区下目黒４－１０－２４,
2026/02/04,東京都,中学校,中央大学附属,２回(男子),本校,東京都小金井市貫井北町３－２２－１,
2026/02/04,東京都,中学校,中央大学附属,２回(女子),本校,東京都小金井市貫井北町３－２２－１,
2026/02/04,東京都,中学校,千代田,５回,本校,東京都千代田区四番町１１,PM
2026/02/04,東京都,中学校,帝京,３回,本校,東京都板橋区稲荷台２７－１,
2026/02/04,東京都,中学校,田園調布学園,３回,本校,東京都世田谷区東玉川２－２１－８,
2026/02/04,東京都,中学校,東海大学菅生,３回,本校,東京都あきる野市菅生１４６８,
2026/02/04,東京都,中学校,東京成徳大学,③一般選抜,本校,東京都北区豊島８－２６－９,AM
2026/02/04,東京都,中学校,東京成徳大学,③特待選抜,本校,東京都北区豊島８－２６－９,PM
2026/02/04,東京都,中学校,東京電機大学,４回,本校,東京都小金井市梶野町４－８－１,PM
2026/02/04,東京都,中学校,東京都市大学等々力,ｱｸﾃｨﾌﾞﾗｰﾆﾝｸﾞ型,本校,東京都世田谷区等々力８－１０－１,
2026/02/04,東京都,中学校,東京都市大学等々力,英語１科,本校,東京都世田谷区等々力８－１０－１,
2026/02/04,東京都,中学校,東京農業大学第一,４回,本校,東京都世田谷区桜３－３３－１,
2026/02/04,東京都,中学校,東京立正,３回ＡＭ,本校,東京都杉並区堀ノ内２－４１－１５,AM
2026/02/04,東京都,中学校,東京立正,３回ＰＭ,本校,東京都杉並区堀ノ内２－４１－１５,PM
2026/02/04,東京都,中学校,東星学園,３回,本校,東京都清瀬市梅園３－１４－４７,
2026/02/04,東京都,中学校,東洋大学京北,４回,本校,東京都文京区白山２－３６－５,
2026/02/04,東京都,中学校,豊島岡女子学園,3回(4科),本校,東京都豊島区東池袋１－２５－２２,
2026/02/04,東京都,中学校,豊島岡女子学園,3回(算数･英語資格),本校,東京都豊島区東池袋１－２５－２２,
2026/02/04,東京都,中学校,獨協,４回,本校,東京都文京区関口３－８－１,
2026/02/04,東京都,中学校,中村,一般③,本校,東京都江東区清澄２－３－１５,PM
2026/02/04,東京都,中学校,中村,ﾎﾟﾃﾝｼｬﾙ,本校,東京都江東区清澄２－３－１５,
2026/02/04,東京都,中学校,新渡戸文化,２科③,本校,東京都中野区本町６－３８－１,PM
2026/02/04,東京都,中学校,富士見丘,一般⑤,本校,東京都渋谷区笹塚３－１９－９,
2026/02/04,東京都,中学校,富士見丘,英語資格⑤,本校,東京都渋谷区笹塚３－１９－９,
2026/02/04,東京都,中学校,藤村女子,2科⑤･4科②,本校,東京都武蔵野市吉祥寺本町２－１６－３,
2026/02/04,東京都,中学校,普連土学園,４日午前４科,本校,東京都港区三田４－１４－１６,
2026/02/04,東京都,中学校,文化学園大学杉並,６回,本校,東京都杉並区阿佐谷南３－４８－１６,
2026/02/04,東京都,中学校,文京学院大学女子,特待選抜②,本校,東京都文京区本駒込６－１８－３,
2026/02/04,東京都,中学校,文教大学付属,５回,本校,東京都品川区旗の台３－２－１７,
2026/02/04,東京都,中学校,三田国際科学学園,４回,本校,東京都世田谷区用賀２－１６－１,PM
2026/02/04,東京都,中学校,明星学園,Ｄ入試,本校,東京都三鷹市井の頭５－７－７,PM
2026/02/04,東京都,中学校,武蔵野,３回,本校,東京都北区西ヶ原４－５６－２０,
2026/02/04,東京都,中学校,明治学院,３回,本校,東京都東村山市富士見町１－１２－３,
2026/02/04,東京都,中学校,明治大学付属世田谷 (2026～日本学園から校名変更，男子→共学),２回,本校,東京都世田谷区松原２－７－３４,
2026/02/04,東京都,中学校,明治大学付属中野,２回,本校,東京都中野区東中野３－３－４,
2026/02/04,東京都,中学校,明星,６回,本校,東京都府中市栄町１－１,PM
2026/02/04,東京都,中学校,目黒日本大学,４回,本校,東京都目黒区目黒１－６－１５,PM
2026/02/04,東京都,中学校,目白研心,一般④,本校,東京都新宿区中落合４－３１－１,AM
2026/02/04,東京都,中学校,目白研心,一般⑤,本校,東京都新宿区中落合４－３１－１,PM
2026/02/04,東京都,中学校,山脇学園,Ｃ(一般･英語),本校,東京都港区赤坂４－１０－３６,
2026/02/04,東京都,中学校,和光,２回,本校,東京都町田市真光寺町１２９１,
2026/02/04,東京都,中学校,和洋九段女子,６回,本校,東京都千代田区九段北１－１２－１２,
2026/02/04,神奈川県,中学校,神奈川学園,Ｃ日程,本校,神奈川県横浜市神奈川区沢渡１８,
2026/02/04,神奈川県,中学校,神奈川大学附属,３回,本校,神奈川県横浜市緑区台村町８００,
2026/02/04,神奈川県,中学校,鎌倉学園,３次,本校,神奈川県鎌倉市山ノ内１１０,
2026/02/04,神奈川県,中学校,鎌倉国際文理,2/4,本校,神奈川県鎌倉市岩瀬1420,
2026/02/04,神奈川県,中学校,関東学院六浦,Ｃ日程,本校,神奈川県横浜市金沢区六浦東１－５０－１,
2026/02/04,神奈川県,中学校,函嶺白百合学園,４回,本校,神奈川県足柄下郡箱根町強羅１３２０,
2026/02/04,神奈川県,中学校,北鎌倉女子学園,国②･算②,本校,神奈川県鎌倉市山ノ内９１３,
2026/02/04,神奈川県,中学校,慶應義塾湘南藤沢,一般２次,本校,神奈川県藤沢市遠藤５４６６,
2026/02/04,神奈川県,中学校,サレジオ学院,Ｂ試験,本校,神奈川県横浜市都筑区南山田３－４３－１,
2026/02/04,神奈川県,中学校,湘南学園,Ｄ日程,本校,神奈川県藤沢市鵠沼松が岡３－４－２７,
2026/02/04,神奈川県,中学校,聖光学院,２回,本校,神奈川県横浜市中区滝之上１００,
2026/02/04,神奈川県,中学校,清泉女学院,ＡＰ,本校,神奈川県鎌倉市城廻２００,
2026/02/04,神奈川県,中学校,聖和学院,特待③,本校,神奈川県逗子市久木２－２－１,
2026/02/04,神奈川県,中学校,捜真女学校,Ｃ,本校,神奈川県横浜市神奈川区中丸８,
2026/02/04,神奈川県,中学校,相洋,３回,本校,神奈川県小田原市城山４－１３－３３,
2026/02/04,神奈川県,中学校,鶴見大学附属,３次,本校,神奈川県横浜市鶴見区鶴見２－２－１,
2026/02/04,神奈川県,中学校,東海大学付属相模,Ｃ試験,本校,神奈川県相模原市南区相南３－３３－１,
2026/02/04,神奈川県,中学校,日本大学藤沢,３回,本校,神奈川県藤沢市亀井野１８６６,
2026/02/04,神奈川県,中学校,法政大学第二,２回(男子),本校,神奈川県川崎市中原区木月大町６－１,
2026/02/04,神奈川県,中学校,聖園女学院,国算ﾊｰﾌ②,本校,神奈川県藤沢市みその台１－４,
2026/02/04,神奈川県,中学校,森村学園,３回,本校,神奈川県横浜市緑区長津田町２６９５,
2026/02/04,神奈川県,中学校,横浜翠陵,一般⑤,本校,神奈川県横浜市緑区三保町１,
2026/02/04,千葉県,中学校,東邦大学付属東邦,２回,本校,千葉県習志野市泉町２－１－３７,
2026/02/04,千葉県,中学校,二松学舎大学附属柏,３回,本校,千葉県柏市大井２５９０,
2026/02/04,千葉県,中学校,二松学舎大学附属柏,課題作文,本校,千葉県柏市大井２５９０,
2026/02/04,千葉県,中学校,二松学舎大学附属柏,２回,本校,千葉県柏市大井２５９０,
2026/02/04,千葉県,中学校,八千代松陰,４回,本校,千葉県八千代市村上７２７番地,
2026/02/04,静岡県,高等学校,静岡北,理数,本校,静岡県静岡市葵区瀬名５－１４－１,
2026/02/04,静岡県,高等学校,星陵,英数(総合ｺｰｽ),本校,静岡県富士宮市星山１０６８,
2026/02/04,秋田県,高等学校,秋田看護福祉大学明桜,一般(専願･併願),本校,秋田県秋田市下北手桜字守沢８－１,
2026/02/04,埼玉県,中学校,浦和明の星女子,,本校,埼玉県さいたま市緑区東浦和６－４－１９,
2026/02/04,埼玉県,中学校,開智,,本校,埼玉県さいたま市岩槻区徳力１８６,
2026/02/04,埼玉県,中学校,開智所沢,,本校,埼玉県所沢市松郷１６９,
2026/02/04,埼玉県,中学校,淑徳与野,,本校,埼玉県さいたま市中央区上落合5-19-18,
2026/02/04,埼玉県,中学校,城北埼玉,,本校,埼玉県川越市古市場585-1,
2026/02/04,埼玉県,中学校,細田学園,,本校,埼玉県志木市本町2-7-1,
2026/02/04,千葉県,中学校,市川,,本校,千葉県市川市本北方2-38-1,
2026/02/04,千葉県,中学校,光英ＶＥＲＩＴＡＳ,,本校,千葉県松戸市秋山600,
2026/02/04,千葉県,中学校,芝浦工業大学柏,,本校,千葉県柏市増尾700番地,
2026/02/04,千葉県,中学校,西武台千葉,,本校,千葉県野田市尾崎2241-2,
2026/02/04,千葉県,中学校,流通経済大学付属柏,,本校,千葉県柏市十余二1-20,
2026/02/04,埼玉県,大学,立命館大学,一般選抜（試験地）,ソニックシティ,さいたま市大宮区桜木町1-7-5 ソニックシティビル棟7F 〜9F,
2026/02/04,埼玉県,大学,立命館アジア太平洋大学,スタンダード3/英語重視/後期,ソニックシティ,さいたま市大宮区桜木町1-7-5 ソニックシティビル棟7F〜9F,
2026/02/04,埼玉県,大学,東京電機大学,一般選抜 前期/英語外部/情報系外部/後期,河合塾南浦和現役館,さいたま市南区南浦和2-24-6,
2026/02/04,愛知県,大学,日本福祉大学,一般入学試験 前期,岡崎会場（岡崎市民会館）,愛知県岡崎市六供町出崎15番地1,
2026/02/04,愛知県,大学,中部大学,本学実施の各日程,本学試験場（春日井キャンパス）,愛知県春日井市松本町1200番地,
2026/02/04,愛知県,大学,日本福祉大学,一般入学試験 前期・中期・後期,本学（東海キャンパス）,愛知県東海市大田町下浜田1071番地,
2026/02/04,愛知県,大学,星城大学,一般選抜前期A〜C・中期・後期,本部東海キャンパス,愛知県東海市富貴ノ台2丁目172番地,
2026/02/04,愛知県,大学,愛知学院大学,一般選抜（本学会場）,日進キャンパス,愛知県日進市岩崎町阿良池12,
2026/02/04,愛知県,大学,名古屋商科大学,一般前期A/M・後期,日進キャンパス,愛知県日進市米野木町三ヶ峯4-4,
2026/02/04,愛知県,大学,日本福祉大学,一般入学試験 前期,豊橋会場（ロワジールホテル豊橋）,愛知県豊橋市藤沢町141,
2026/02/04,愛知県,大学,中京大学,一般前期A/M・後期F／総合型・推薦,名古屋キャンパス,愛知県名古屋市昭和区八事本町101-2,
2026/02/04,愛知県,大学,金沢医科大学,一般選抜前期 一次,名古屋会場（TKPガーデンシティPREMIUM名古屋ルーセントタワー）,愛知県名古屋市西区牛島町6-1 名古屋ルーセントタワー16階,
2026/02/04,愛知県,大学,愛知淑徳大学,一般前期・後期,本学（星が丘キャンパス）,愛知県名古屋市千種区桜が丘23,
2026/02/04,愛知県,大学,椙山女学園大学,2026年度入試 全方式の本学会場,星が丘キャンパス,愛知県名古屋市千種区星が丘元町17番3号,
2026/02/04,愛知県,大学,駒澤大学,全学統一／医療健康T方式,名古屋会場,愛知県名古屋市千種区内山3丁目23-12,
2026/02/04,愛知県,大学,國學院大学,一般選抜A日程（地方会場）,名古屋会場（TKP名古屋栄カンファレンスセンター）,愛知県名古屋市中区栄3-2-3 名古屋日興證券ビル7階,
2026/02/04,愛知県,大学,関東学院大学,給費生/一般前期A/後期,栄ガスビル,愛知県名古屋市中区栄3丁目15-33,
2026/02/04,愛知県,大学,関西大学,,中日ホール＆カンファレンス,愛知県名古屋市中区栄4丁目1-1,
2026/02/04,愛知県,大学,星城大学,一般選抜前期A〜C,名古屋丸の内キャンパス,愛知県名古屋市中区丸の内1丁目4番10号,
2026/02/04,愛知県,大学,名古屋商科大学,一般前期A/M・後期,名古屋会場（名古屋キャンパス伏見ビル）,愛知県名古屋市中区錦1-20-1,
2026/02/04,愛知県,大学,大阪歯科大学,一般選抜 前期のみ,名古屋会場（代々木ゼミナール名古屋校）,愛知県名古屋市中村区則武1-5-7,
2026/02/04,愛知県,大学,東京理科大学,一般選抜B・S方式,名古屋試験場（河合塾名駅校）,愛知県名古屋市中村区椿町1-12,
2026/02/04,愛知県,大学,芝浦工業大学,一般選抜（前期/全学統一）,名古屋会場（JRゲートタワーカンファレンス）,愛知県名古屋市中村区名駅1丁目1-3号 JRゲートタワー,
2026/02/04,愛知県,大学,びわこ成蹊スポーツ大学,一般選抜A日程,TKP名古屋駅前カンファレンスセンター,愛知県名古屋市中村区名駅2-41-5 CK20名駅前ビル,
2026/02/04,愛知県,大学,京都外国語大学,一般選抜A日程,安保ホール,愛知県名古屋市中村区名駅3-15-9,
2026/02/04,愛知県,大学,四日市大学,一般選抜A日程,名古屋会場（安保ホール）,愛知県名古屋市中村区名駅3-15-9,
2026/02/04,愛知県,大学,福井工業大学,一般Ⅰ期・Ⅱ期/推薦Ⅰ・Ⅱ期,AP名古屋（名駅IMAIビル6F・7F・8F）,愛知県名古屋市中村区名駅4-10-25 名駅IMAIビル6F・7F・8F,
2026/02/04,愛知県,大学,関西学院大学,2/1-2/5実施（一般/個別/英数/共通）,愛知県産業労働センター（ウインクあいち）,愛知県名古屋市中村区名駅4-4-38,
2026/02/04,愛知県,大学,酪農学園大学,一般選抜A/B日程 地方会場,名古屋会場（AP名古屋.名駅）,愛知県名古屋市中村区名駅4丁目10-25 名駅IMAIビル,
2026/02/04,愛知県,大学,東京農業大学,一般選抜A日程,imy会議室（名古屋会場・A日程）,愛知県名古屋市東区葵3-7-14,
2026/02/04,愛知県,大学,神奈川大学,給費生・一般前期（全学統一）,IMY,愛知県名古屋市東区葵3-7-14,
2026/02/04,愛知県,大学,愛知学院大学,一般選抜（本学会場）,名城公園キャンパス,愛知県名古屋市北区名城3-1-1,
2026/02/04,茨城県,大学,駒澤大学,全学統一／医療健康T方式,つくば会場,茨城県つくば市竹園2丁目20-3,
2026/02/04,茨城県,大学,東京農業大学,一般選抜A日程,河合塾 水戸校（水戸会場）,茨城県水戸市宮町1-2-22,
2026/02/04,茨城県,大学,常磐大学,総合型/推薦/社会人/編入/転入/外帰/一般A・B,常磐大学（水戸会場）,茨城県水戸市見和1-430-1,
2026/02/04,茨城県,大学,淑徳大学,一般選抜A,水戸試験場（茨城県産業会館）,茨城県水戸市桜川2-2-35,
2026/02/04,茨城県,大学,東京情報大学,一般選抜Ⅰ期A/B,水戸会場（駿優教育会館（水戸駿優予備校））,茨城県水戸市三の丸1-1-42,
2026/02/04,茨城県,大学,神奈川大学,給費生・一般前期（全学統一）,水戸駿優予備学校,茨城県水戸市三の丸1-1-42,
2026/02/04,茨城県,大学,関東学院大学,給費生/一般前期A,水戸駿優予備学校,茨城県水戸市三の丸1-1-42,
2026/02/04,茨城県,大学,芝浦工業大学,一般選抜（前期/全学統一）,水戸会場（伊勢甚中央ビル）,茨城県水戸市泉町2丁目3-2,
2026/02/04,栃木県,大学,東京電機大学,一般選抜 前期/英語外部/情報系外部/後期,栃木県総合文化センター,宇都宮市本町1-8,
2026/02/04,神奈川県,大学,立命館アジア太平洋大学,スタンダード3/英語重視/共テ+英・国,TKPガーデンシティPREMIUM 横浜西口,横浜市西区南幸2-19-9 TKP横浜ビル（旧横浜MKビル、事務所：3F）,
2026/02/04,神奈川県,大学,立命館大学,一般選抜（試験地）,TKP ガーデンシティ PREMIUM 横浜西口,横浜市西区南幸2-19-9 TKP横浜ビル（旧横浜MKビル、事務所：3F）,
2026/02/04,岩手県,大学,札幌学院大学,一般A日程,アイーナ・いわて県民情報交流センター,岩手県盛岡市盛岡駅西通1丁目7-1,
2026/02/04,岩手県,大学,東北工業大学,一般選抜A日程サテライト,盛岡会場（マリオス）,岩手県盛岡市盛岡駅西通2-9-1,
2026/02/04,岩手県,大学,東北福祉大学,A日程統一・分割,アイーナ,岩手県盛岡市盛岡駅前西通1-7-1,
2026/02/04,岩手県,大学,群馬医療福祉大学,一般選抜 前期,盛岡会場,岩手県盛岡市大通3-3-18 アートホテル盛岡,
2026/02/04,岐阜県,大学,東海学院大学,AO IV/V・特待生選考ほか本学実施,本学キャンパス,岐阜県各務原市那加桐野町5-68,
2026/02/04,岐阜県,大学,名古屋商科大学,前期A/M（要項参照）,岐阜会場（ダイワロイネットホテル岐阜）,岐阜県岐阜市神田町8-5,
2026/02/04,岐阜県,大学,日本福祉大学,一般入学試験 前期,岐阜会場（大原簿記情報医療専門学校岐阜校）,岐阜県岐阜市西問屋町11番,
2026/02/04,岐阜県,大学,朝日大学,本学試験場。全学部の各日程,朝日大学（本学試験場）,岐阜県瑞穂市穂積1851,
2026/02/04,岐阜県,大学,愛知淑徳大学,一般選抜（前期）,岐阜会場,岐阜市金町5-7-2,
2026/02/04,岐阜県,大学,中部大学,特別奨学生・前期AM/BM・後期,岐阜会場,岐阜市神田町2-2,
2026/02/04,岐阜県,大学,中京大学,一般前期A/M・後期F／総合型・推薦,名古屋大原学園 岐阜校,岐阜市西問屋町11,
2026/02/04,宮城県,大学,東北福祉大学,A日程統一・分割,ゲストハウス気仙沼アーバン,宮城県気仙沼市本郷22-5,
2026/02/04,宮城県,大学,東京理科大学,一般選抜B・S方式,仙台試験場（駿台予備学校仙台校）,宮城県仙台市宮城野区榴岡1-5-11,
2026/02/04,宮城県,大学,常磐大学,一般選抜A方式（仙台会場）,ホテル仙台ガーデンパレス,宮城県仙台市宮城野区榴岡4-1-5,
2026/02/04,宮城県,大学,新潟医療福祉大学,一般選抜前期,仙台会場（トラストシティ カンファレンス・仙台）,宮城県仙台市青葉区一番町1-9-1 仙台トラストタワー5階,
2026/02/04,宮城県,大学,淑徳大学,一般選抜A,仙台試験場（ホテルJALシティ仙台）,宮城県仙台市青葉区花京院1-2-12,
2026/02/04,宮城県,大学,群馬医療福祉大学,一般選抜 前期,仙台会場,宮城県仙台市青葉区花京院1-2-12 ホテルJALCITY仙台,
2026/02/04,宮城県,大学,國學院大学,一般選抜A日程（地方会場）,仙台会場（TKPガーデンシティPREMIUM仙台西口）,宮城県仙台市青葉区花京院1-2-15 ソララプラザ,
2026/02/04,宮城県,大学,東京農業大学,一般選抜A・B日程,TKPガーデンシティPREMIUM仙台西口（仙台会場）,宮城県仙台市青葉区花京院1-2-15 ソララプラザ,
2026/02/04,宮城県,大学,酪農学園大学,一般選抜A/B日程 地方会場,仙台会場（TKPガーデンシティPREMIUM 仙台西口）,宮城県仙台市青葉区花京院1-2-15 ソララプラザ,
2026/02/04,宮城県,大学,芝浦工業大学,一般選抜（前期/全学統一）,仙台会場（ショーケー本館ビル）,宮城県仙台市青葉区五橋2-11-1,
2026/02/04,宮城県,大学,関東学院大学,給費生/一般前期A/後期,ショーケー本館ビル,宮城県仙台市青葉区五橋2丁目11-1,
2026/02/04,宮城県,大学,東北福祉大学,A日程統一・分割、B日程,東北福祉大学 国見キャンパス,宮城県仙台市青葉区国見1-8-1,
2026/02/04,宮城県,大学,神奈川大学,給費生・一般前期（全学統一）,TKPガーデンシティ仙台（AER）,宮城県仙台市青葉区中央1-3-1 AER 30F（給費生は21F/30F）,
2026/02/04,宮城県,大学,駒澤大学,全学統一／医療健康T方式,仙台会場,宮城県仙台市青葉区中央1丁目3-1,
2026/02/04,宮城県,大学,東北工業大学,一般選抜A日程（全/指定）,本学：八木山キャンパス,宮城県仙台市太白区八木山香澄町35-1,
2026/02/04,石川県,大学,立命館アジア太平洋大学,スタンダード3/英語重視/共テ+英・国/後期,石川県地場産業振興センター（本館）,金沢市鞍月2-1,
2026/02/04,石川県,大学,立命館大学,一般選抜（試験地）,石川県地場産業振興センター（本館）,金沢市鞍月2-1,
2026/02/04,石川県,大学,同志社大学,一般選抜入学試験,北國新聞会館,金沢市南町2-1,
2026/02/04,石川県,大学,神戸学院大学,公募推薦・一般(前/中期),金沢会場（金沢医療技術専門学校）,金沢市堀川新町7-1,
2026/02/04,群馬県,大学,ぐんま未来大学,一般選抜Ⅰ〜Ⅲ期,本学キャンパス,群馬県みどり市笠懸町阿左美606-7,
2026/02/04,群馬県,大学,立正大学,一般選抜2月前期（2/3-5）,高崎会場（小野池學院）,群馬県高崎市栄町15-3,
2026/02/04,群馬県,大学,芝浦工業大学,一般選抜（前期/全学統一）,高崎会場（Gメッセ群馬）,群馬県高崎市岩押町12-24,
2026/02/04,群馬県,大学,駒澤大学,全学統一／医療健康T方式,高崎会場,群馬県高崎市岩押町12-24,
2026/02/04,群馬県,大学,新潟工科大学,一般選抜A日程,高崎白銀ビル 貸し会議室,群馬県高崎市白銀街9番地 白銀ビル2階,
2026/02/04,群馬県,大学,神奈川大学,給費生・一般前期（全学統一）,ビエント高崎（問屋街センター）,群馬県高崎市問屋町2-7,
2026/02/04,群馬県,大学,新潟医療福祉大学,一般選抜前期,高崎会場（ホテルグランビュー高崎）,群馬県高崎市柳川町70,
2026/02/04,群馬県,大学,群馬医療福祉大学,一般選抜 前期・中期・後期,本学（前橋キャンパス）,群馬県前橋市川曲町191-1,
2026/02/04,群馬県,大学,東京電機大学,一般選抜 前期/英語外部/情報系外部/後期,小野池學院,高崎市栄町15-3,
2026/02/04,埼玉県,中学校,開智,,本校,埼玉県さいたま市岩槻区徳力186,
2026/02/04,埼玉県,大学,目白大学,一般A・B・C（保健医療・看護）,さいたま岩槻キャンパス,埼玉県さいたま市岩槻区浮谷320,
2026/02/04,埼玉県,大学,芝浦工業大学,一般選抜（前期/全学統一）,大宮キャンパス,埼玉県さいたま市見沼区深作307,
2026/02/04,埼玉県,大学,神奈川大学,給費生・一般前期（全学統一）,ソニックシティビル,埼玉県さいたま市大宮区桜木町1-7-5,
2026/02/04,埼玉県,大学,東京農業大学,一般選抜A・B日程,TKP大宮駅西口カンファレンスセンター（大宮会場）,埼玉県さいたま市大宮区桜木町1-8-1 ベルヴュオフィス大宮,
2026/02/04,埼玉県,大学,立正大学,一般選抜2月前期（2/3-5）,さいたま会場（TKPガーデンシティPREMIUM大宮）,埼玉県さいたま市大宮区桜木町4-333-13 大同生命さいたま大宮ビル,
2026/02/04,埼玉県,大学,東京情報大学,一般選抜Ⅰ期A/B,大宮会場（TKP大宮ビジネスセンター）,埼玉県さいたま市大宮区仲町2-26,
2026/02/04,埼玉県,大学,東北工業大学,一般選抜A日程サテライト,さいたま（大宮）会場,埼玉県さいたま市大宮区土手町1丁目2番地,
2026/02/04,埼玉県,大学,関東学院大学,給費生/一般前期A,JA共済埼玉ビル,埼玉県さいたま市大宮区土手町1丁目2番地,
2026/02/04,埼玉県,中学校,浦和明の星女子,,本校,埼玉県さいたま市緑区東浦和6-4-19,
2026/02/04,埼玉県,大学,立正大学,一般選抜R方式・2月前期・後期・3月,熊谷キャンパス,埼玉県熊谷市万吉1700,
2026/02/04,埼玉県,中学校,城北埼玉,,本校,埼玉県川越市古市場５８５－１,
2026/02/04,埼玉県,大学,東京電機大学,一般選抜 前期/英語外部/情報系外部,ウェスタ川越,埼玉県川越市新宿町1-17-17,
2026/02/04,埼玉県,大学,埼玉学園大学,推薦Ⅲ期/総合2月①/一般Ⅰ～Ⅲ期,本学キャンパス,埼玉県川口市木曽呂1510番地,
2026/02/04,埼玉県,大学,淑徳大学,一般選抜A,埼玉試験場（淑徳大学 埼玉キャンパス）,埼玉県入間郡三芳町藤久保1150-1,
2026/02/04,埼玉県,大学,東京電機大学,一般選抜 前期/英語外部/情報系外部/後期,埼玉鳩山キャンパス,埼玉県比企郡鳩山町石坂,
2026/02/04,北海道,大学,立命館大学,一般選抜（試験地）,TKPガーデンシティPREMIUM札幌大通,札幌市中央区南1条西1丁目8番地2 高桑ビル5F 〜7F,
2026/02/04,北海道,大学,立命館アジア太平洋大学,スタンダード3,TKPガーデンシティPREMIUM 札幌大通,札幌市中央区南1条西1丁目8番地2 高桑ビル5F〜7F,
2026/02/04,北海道,大学,同志社大学,一般選抜入学試験,札幌駅前ビジネススペース,札幌市中央区北5条西6丁目1-23 第二北海道通信ビル2階,
2026/02/04,三重県,高等学校,三重県立いなべ総合学園高等学校,,,三重県いなべ市員弁町御薗６３２,
2026/02/04,三重県,高等学校,三重県立伊勢まなび高等学校,,,三重県伊勢市神田久志本町１５６０,
2026/02/04,三重県,特別支援学校,三重県立特別支援学校東紀州くろしお学園,,,三重県熊野市金山町２４９６,
2026/02/04,三重県,特別支援学校,三重県立くわな特別支援学校,,,三重県桑名市大字東方字尾弓田１０７３番地,
2026/02/04,三重県,特別支援学校,三重県立特別支援学校北勢きらら学園,,,三重県四日市市下海老町字高松１６１番地,
2026/02/04,三重県,高等学校,三重県立四日市農芸高等学校,,,三重県四日市市河原田町２８４７,
2026/02/04,三重県,大学,四日市大学,一般A・B・C日程、留学生B日程,本学会場（四日市大学）,三重県四日市市萱生町1200,
2026/02/04,三重県,大学,日本福祉大学,一般入学試験 前期,四日市会場（SYNTHビジネスセンター近鉄四日市）,三重県四日市市諏訪栄町7番34号,
2026/02/04,三重県,特別支援学校,三重県立特別支援学校西日野にじ学園,,,三重県四日市市西日野町４０７０－３５,
2026/02/04,三重県,高等学校,三重県立四日市工業高等学校,,,三重県四日市市日永東３丁目４番６３号,
2026/02/04,三重県,高等学校,三重県立四日市四郷高等学校,,,三重県四日市市八王子町字高花１６５４,
2026/02/04,三重県,特別支援学校,三重県立松阪あゆみ特別支援学校,,,三重県松阪市久保町１８４６－１９５,
2026/02/04,三重県,高等学校,三重県立飯南高等学校,,,三重県松阪市飯南町粥見５４８０－１,
2026/02/04,三重県,高等学校,三重県立相可高等学校,,,三重県多気郡多気町相可５０,
2026/02/04,三重県,特別支援学校,三重県立稲葉特別支援学校,,,三重県津市稲葉町字上野４１０１,
2026/02/04,三重県,高等学校,三重県立久居農林高等学校,,,三重県津市久居東鷹跡町１０５,
2026/02/04,三重県,特別支援学校,三重県立盲学校,,,三重県津市高茶屋４－３９－１,
2026/02/04,三重県,大学,名古屋商科大学,前期A/Mほか（要項参照）,津会場（三重県教育文化会館）,三重県津市桜橋2-142,
2026/02/04,三重県,特別支援学校,三重県立城山特別支援学校,,,三重県津市城山一丁目５番２９号,
2026/02/04,三重県,大学,四日市大学,一般選抜A日程,津会場（プラザ洞津）,三重県津市新町1-6-28,
2026/02/04,三重県,特別支援学校,三重県立かがやき特別支援学校,,,三重県津市大里窪田町３５７,
2026/02/04,三重県,特別支援学校,三重県立聾学校,,,三重県津市藤方２３０４－２,
2026/02/04,三重県,高等学校,三重県立みえ夢学園高等学校,,,三重県津市柳山津興１２３９,
2026/02/04,三重県,特別支援学校,三重県立特別支援学校玉城わかば学園,,,三重県度会郡玉城町宮古７２６－１７,
2026/02/04,三重県,特別支援学校,三重県立度会特別支援学校,,,三重県度会郡度会町大野木１８２５,
2026/02/04,三重県,特別支援学校,三重県立特別支援学校伊賀つばさ学園,,,三重県名張市美旗町南西原２２９－２,
2026/02/04,三重県,高等学校,三重県立稲生高等学校,,,三重県鈴鹿市稲生町８２３２－１,
2026/02/04,三重県,特別支援学校,三重県立杉の子特別支援学校,,,三重県鈴鹿市加佐登３－２－２,
2026/02/04,三重県,高等学校,三重県立飯野高等学校,,,三重県鈴鹿市三日市町字東新田場１６９５,
2026/02/04,山形県,大学,新潟工科大学,一般選抜A日程,山形国際ホテル,山形県山形市香澄町3-4-5,
2026/02/04,山形県,大学,東北福祉大学,A日程統一・分割,大手門パルズ,山形県山形市木の実町12-37,
2026/02/04,山形県,大学,東北工業大学,一般選抜A日程サテライト,山形会場,山形県山形市緑町1丁目2-36,
2026/02/04,山形県,大学,新潟医療福祉大学,一般選抜前期,鶴岡会場（東京第一ホテル鶴岡）,山形県鶴岡市錦町2-10,
2026/02/04,山形県,大学,東北福祉大学,A日程統一・分割,鶴岡市勤労者会館,山形県鶴岡市泉町8-57,
2026/02/04,山梨県,大学,神奈川大学,給費生・一般前期（全学統一）,秀英予備校 山梨本部校,山梨県甲府市丸の内2-15-12,
2026/02/04,山梨県,大学,関東学院大学,給費生/一般前期A,甲斐大学予備校,山梨県甲府市武田1-2-20,
2026/02/04,三重県,大学,愛知淑徳大学,一般選抜（前期）,四日市会場（都ホテル）,四日市市安島1-3-38,
2026/02/04,三重県,大学,中京大学,一般前期A/M・後期F／総合型・推薦,四日市商工会議所,四日市市諏訪町2-5,
2026/02/04,秋田県,大学,神奈川大学,給費生・一般前期（全学統一）,にぎわい交流館AU,秋田県秋田市中通1-4-1,
2026/02/04,秋田県,大学,東北福祉大学,A日程統一・分割,秋田予備校,秋田県秋田市中通4-3-32,
2026/02/04,秋田県,大学,東北工業大学,一般選抜A日程サテライト,秋田会場,秋田県秋田市東通仲町4番1号,
2026/02/04,長野県,大学,中京大学,一般前期A/M・後期F／総合型・推薦,ホテルモンターニュ松本,松本市巾上3-2,
2026/02/04,新潟県,大学,金沢星稜大学,一般A日程,上越会場,新潟県上越市中央1-2-7,
2026/02/04,新潟県,大学,新潟工科大学,一般選抜A日程,コープシティ花園 GARESSO,新潟県新潟市中央区花園1-2-2,
2026/02/04,新潟県,大学,東京農業大学,一般選抜A日程,看護リハビリ新潟保健医療専門学校（新潟会場）,新潟県新潟市中央区花園2-2-19,
2026/02/04,新潟県,大学,群馬医療福祉大学,一般選抜 前期,新潟会場,新潟県新潟市中央区笹口1-1 アートホテル新潟駅前,
2026/02/04,新潟県,大学,東北工業大学,一般選抜A日程サテライト,新潟会場,新潟県新潟市中央区天神1-1…プラーカ3,
2026/02/04,新潟県,大学,淑徳大学,一般選抜A・9月総合型選抜,新潟試験場（NINNO3会議室）,新潟県新潟市中央区天神1丁目1 プラーカ3 B1F,
2026/02/04,新潟県,大学,福井医療大学,一般選抜第1次,新潟会場（NST新潟総合テレビ）,新潟県新潟市中央区八千代2-3-1,
2026/02/04,新潟県,大学,福井工業大学,一般Ⅰ期,NST新潟総合テレビ,新潟県新潟市中央区八千代2-3-1,
2026/02/04,新潟県,大学,國學院大学,一般選抜A日程（地方会場）,新潟会場（代々木ゼミナール新潟校）,新潟県新潟市中央区弁天1-4-18,
2026/02/04,新潟県,大学,神奈川大学,給費生・一般前期（全学統一）,代々木ゼミナール 新潟校,新潟県新潟市中央区弁天1-4-18,
2026/02/04,新潟県,大学,関東学院大学,総合型/給費生/一般前期A/後期,代々木ゼミナール 新潟校,新潟県新潟市中央区弁天1-4-18,
2026/02/04,新潟県,大学,新潟医療福祉大学,一般選抜前期/後期・特待生選抜,新潟会場（新潟医療福祉大学）,新潟県新潟市北区島見町1398番地,
2026/02/04,新潟県,大学,新潟工科大学,総合型A/B/C・推薦A/B・一般A/B,本学（柏崎）,新潟県柏崎市藤橋1719番地,
2026/02/04,新潟県,大学,東京電機大学,一般選抜 前期/英語外部/情報系外部,代々木ゼミナール 新潟校,新潟市中央区弁天1-4-18,
2026/02/04,新潟県,大学,同志社大学,一般選抜入学試験,新潟日報 メディアシップ,新潟市中央区万代3-1-1,
2026/02/04,新潟県,大学,駒澤大学,全学統一／医療健康T方式,新潟会場,新潟市中央区万代島6-1,
2026/02/04,神奈川県,大学,関東学院大学,総合型/給費生/一般前期A/後期,関東学院大学 横浜・金沢八景キャンパス,神奈川県横浜市金沢区六浦東1-50-1,
2026/02/04,神奈川県,大学,立正大学,一般選抜2月前期（2/3-5）,横浜会場（駿台予備学校横浜校1号館）,神奈川県横浜市神奈川区鶴屋町2-23-7,
2026/02/04,神奈川県,大学,神奈川大学,給費生・一般前期/後期,横浜キャンパス,神奈川県横浜市神奈川区六角橋3-27-1,
2026/02/04,神奈川県,大学,東京農業大学,一般選抜A日程,TKPガーデンシティPREMIUM横浜ランドマークタワー（横浜会場A）,神奈川県横浜市西区みなとみらい2-2-1 横浜ランドマークタワー25F,
2026/02/04,神奈川県,大学,芝浦工業大学,一般選抜（前期/全学統一）,横浜会場（ビジョンセンター横浜）,神奈川県横浜市西区北幸2丁目5-15 プレミア横浜西口ビル,
2026/02/04,神奈川県,大学,國學院大学,一般選抜A日程・B日程,横浜たまプラーザキャンパス,神奈川県横浜市青葉区新石川三丁目22-1,
2026/02/04,神奈川県,大学,関東学院大学,総合型/給費生/一般前期A,関東学院大学 横浜・関内キャンパス,神奈川県横浜市中区万代町1-1-1,
2026/02/04,神奈川県,大学,関東学院大学,給費生/一般前期A,小田原お堀端コンベンションホール,神奈川県小田原市栄町1-14-48 ジャンボーナックビル,
2026/02/04,神奈川県,大学,湘南工科大学,一般選抜（全学部統一・S・前期・中後期）,本学（湘南工科大学）,神奈川県藤沢市辻堂西海岸1-1-25,
2026/02/04,茨城県,大学,東京電機大学,一般選抜 前期/英語外部/情報系外部,駿優教育会館,水戸市三の丸1-1-42,
2026/02/04,青森県,大学,弘前学院大学,一般選抜Ⅰ期・Ⅱ期（全学部）,本学キャンパス,青森県弘前市稔町13-1,
2026/02/04,青森県,大学,東北福祉大学,A日程統一・分割,アスパム,青森県青森市安方1-1-40,
2026/02/04,青森県,大学,東北工業大学,一般選抜A日程サテライト,青森会場,青森県青森市堤町1丁目4番1号,
2026/02/04,青森県,大学,札幌学院大学,一般A・B日程,青森県労働福祉会館（ハートピアローフク）,青森県青森市本町3丁目3-11,
2026/02/04,青森県,大学,東北福祉大学,A日程統一・分割,ユートリー・VISIT はちのへ,青森県八戸市一番町1-9-22,
2026/02/04,青森県,大学,東北工業大学,一般選抜A日程サテライト,八戸会場,青森県八戸市一番町一丁目9-22,
2026/02/04,静岡県,大学,淑徳大学,一般選抜A,三島試験会場（三島商工会議所）,静岡県三島市一番町2-29,
2026/02/04,静岡県,大学,神奈川大学,給費生・一般前期（全学統一）,プラサヴェルデ（コンベンションぬまづ）,静岡県沼津市大手町1-1-4,
2026/02/04,静岡県,大学,國學院大学,一般選抜A日程（地方会場）,静岡会場（レイアップ御幸町ビル）,静岡県静岡市葵区御幸町11-8,
2026/02/04,静岡県,大学,関東学院大学,総合型/給費生/一般前期A/後期,レイアップ御幸町ビル,静岡県静岡市葵区御幸町11-8,
2026/02/04,静岡県,大学,中京大学,一般前期A/M／総合型・推薦,パルシェ貸会議室,静岡県静岡市葵区黒金町49 静岡駅ビル パルシェ本館7階,
2026/02/04,静岡県,高等学校,静岡北,理数,本校,静岡県静岡市葵区瀬名5-14-1,
2026/02/04,静岡県,大学,東京農業大学,一般選抜A日程,秀英予備校 静岡本部校（静岡会場）,静岡県静岡市葵区鷹匠2-7-1,
2026/02/04,静岡県,大学,駒澤大学,全学統一／医療健康T方式,静岡会場,静岡県静岡市葵区鷹匠2丁目7-1,
2026/02/04,静岡県,大学,関西大学,,もくせい会館,静岡県静岡市葵区鷹匠3丁目6-1 もくせい会館,
2026/02/04,静岡県,大学,神奈川大学,一般前期（全学統一）,ツインメッセ静岡,静岡県静岡市駿河区曲金3-1-10,
2026/02/04,静岡県,大学,京都外国語大学,一般選抜A日程,静岡第一ホテル,静岡県静岡市駿河区泉町1-21,
2026/02/04,静岡県,大学,名古屋商科大学,一般前期A,静岡会場（グランシップ）,静岡県静岡市駿河区東静岡2-3-1,
2026/02/04,静岡県,大学,芝浦工業大学,一般選抜（前期/全学統一）,静岡会場（グランシップ）,静岡県静岡市駿河区東静岡2-3-1,
2026/02/04,静岡県,大学,日本福祉大学,一般入学試験 前期,静岡会場（静岡学園なごみ高等学校）,静岡県静岡市駿河区八幡1-1-1,
2026/02/04,静岡県,大学,中京大学,一般前期A/M・後期F／総合型・推薦,えんてつホール,静岡県浜松市中央区旭町12-1 遠鉄百貨店新館8階,
2026/02/04,静岡県,大学,日本福祉大学,一般入学試験 前期,浜松会場（秀英予備校浜松本部校）,静岡県浜松市中央区連尺町309番地11,
2026/02/04,静岡県,高等学校,星陵,英数(総合ｺｰｽ),本校,静岡県富士宮市星山1068,
2026/02/04,静岡県,大学,東京電機大学,一般選抜 前期/英語外部/情報系外部,静岡労政会館,静岡市葵区黒金町5-1 静岡県勤労者総合会館,
2026/02/04,静岡県,大学,立命館アジア太平洋大学,スタンダード3/英語重視/共テ+英・国,クーポール会館,静岡市葵区紺屋町2-2,
2026/02/04,静岡県,大学,立命館大学,一般選抜（試験地）,クーポール会館,静岡市葵区紺屋町2-2,
2026/02/04,石川県,大学,金沢医科大学,一般選抜前期 一次,本学キャンパス,石川県河北郡内灘町大学1丁目1番地,
2026/02/04,石川県,大学,金沢星稜大学,総合型・推薦等・一般A日程,本学試験場（金沢星稜大学）,石川県金沢市御所町丑10番地1,
2026/02/04,石川県,大学,関西学院大学,全日程（一般/個別/英数/共通併用）,大原簿記法律観光専門学校 金沢校,石川県金沢市広岡1-1-15,
2026/02/04,石川県,大学,京都外国語大学,一般選抜A日程,TKPガーデンシティPREMIUM金沢駅西口,石川県金沢市広岡2-13-33 JR金沢駅西第三NKビル,
2026/02/04,石川県,大学,福井医療大学,一般選抜第1次,金沢会場（TKPガーデンシティPREMIUM金沢駅西口）,石川県金沢市広岡2-13-33 JR金沢駅西第三NKビル2F・3F,
2026/02/04,石川県,大学,関西大学,,金沢文化ホール,石川県金沢市高岡町15-1,
2026/02/04,石川県,大学,駒澤大学,全学統一／医療健康T方式,金沢会場,石川県金沢市上堤町1-33,
2026/02/04,石川県,大学,神奈川大学,給費生・一般前期（全学統一）,TKP金沢カンファレンスセンター（アパ金沢ビル）,石川県金沢市上堤町1-33 アパ金沢ビル3階・6階,
2026/02/04,石川県,大学,中京大学,一般前期A/M・後期F／総合型・推薦,金沢商工会議所,石川県金沢市尾山町9-13,
2026/02/04,石川県,大学,福井工業大学,一般Ⅰ期・Ⅱ期,金沢商工会議所会館,石川県金沢市尾山町9番13号,
2026/02/04,石川県,大学,名古屋商科大学,一般前期A,金沢会場（金沢勤労者プラザ）,石川県金沢市北安江3-2-20,
2026/02/04,石川県,大学,芝浦工業大学,一般選抜（前期/全学統一）,金沢会場（TKP新幹線口会議室）,石川県金沢市堀川新町2-1 井門金沢ビル,
2026/02/04,石川県,大学,福井工業大学,一般Ⅰ期,七尾産業福祉センター,石川県七尾市三島町70-1,
2026/02/04,宮城県,大学,同志社大学,一般選抜入学試験,東北福祉大学 仙台駅東口キャンパス,仙台市宮城野区榴岡2-5-26,
2026/02/04,宮城県,大学,東京電機大学,一般選抜 前期/英語外部/情報系外部,東北福祉大学 仙台駅東口キャンパス,仙台市宮城野区榴岡2-5-26,
2026/02/04,宮城県,大学,立命館アジア太平洋大学,スタンダード3,ハーネル仙台,仙台市青葉区本町2-12-7,
2026/02/04,宮城県,大学,立命館大学,一般選抜（試験地）,ハーネル仙台,仙台市青葉区本町2-12-7,
2026/02/04,東京都,大学,立命館アジア太平洋大学,スタンダード3/後期,大手町プレイス ホール＆カンファレンス,千代田区大手町2-3-1 大手町プレイス（イーストタワー）1F/2F,
2026/02/04,東京都,大学,立命館大学,一般選抜（試験地）,大手町プレイスホール＆カンファレンス,千代田区大手町2-3-1 大手町プレイス（イーストタワー）1F/2F,
2026/02/04,千葉県,大学,環太平洋大学,一般A-2(紙)実施あり,IPU・環太平洋大学 東京キャンパス,千葉県市川市二俣625-1,
2026/02/04,千葉県,大学,千葉工業大学,本学試験場（津田沼超過時）,新習志野キャンパス,千葉県習志野市芝園2-1-1,
2026/02/04,千葉県,大学,東京農業大学,一般選抜A・B日程,河合塾 津田沼校（津田沼会場）,千葉県習志野市谷津1-15-33,
2026/02/04,千葉県,大学,千葉工業大学,A/SA/B/SB/C日程 本学試験場,津田沼キャンパス,千葉県習志野市津田沼2-17-1,
2026/02/04,千葉県,大学,東京情報大学,一般・総合・推薦・留学生ほか,東京情報大学キャンパス,千葉県千葉市若葉区御成台4-1,
2026/02/04,千葉県,大学,神奈川大学,一般前期（全学統一）,TKP千葉駅東口ビジネスセンター,千葉県千葉市中央区新町1-20 江澤ビル3・4階,
2026/02/04,千葉県,大学,淑徳大学,一般選抜A,千葉試験場（淑徳大学 千葉キャンパス）,千葉県千葉市中央区大巌寺町200,
2026/02/04,千葉県,大学,立正大学,一般選抜2月前期（2/3-5）,千葉会場（千葉市文化センター）,千葉県千葉市中央区中央2-5-1,
2026/02/04,千葉県,大学,関東学院大学,給費生/一般前期A,千葉商工会議所,千葉県千葉市中央区中央2-5-1 千葉中央ツインビル2号館,
2026/02/04,千葉県,大学,芝浦工業大学,一般選抜（前期/全学統一）,千葉会場（TKPガーデンシティ千葉）,千葉県千葉市中央区問屋町1-45千葉ポートスクエア内,
2026/02/04,千葉県,大学,駒澤大学,全学統一／医療健康T方式,千葉会場,千葉県千葉市美浜区ひび野2丁目3,
2026/02/04,千葉県,大学,医療創生大学,国際看護 一般・推薦・社会人特別,医療創生大学 柏キャンパス,千葉県柏市小青田1-3-4,
2026/02/04,千葉県,大学,東京情報大学,一般選抜Ⅰ期A/B,柏会場（貸し会議室 kouwa）,千葉県柏市柏4-5-10,
2026/02/04,千葉県,大学,立正大学,一般選抜2月前期（2/3-5）,柏会場（駿台予備学校柏校）,千葉県柏市柏5-2-13,
2026/02/04,千葉県,大学,東京電機大学,一般選抜 前期/英語外部/情報系外部,TKPガーデンシティ千葉,千葉市中央区問屋町1-45 千葉ポートスクエア内,
2026/02/04,神奈川県,大学,東京電機大学,一般選抜 前期/英語外部/情報系外部,川崎市コンベンションホール,川崎市中原区小杉町2丁目276番地1,
2026/02/04,長野県,大学,日本福祉大学,一般入学試験 前期・中期,松本会場（長野県理容会館）,長野県松本市中央1-21-3,
2026/02/04,長野県,大学,福井工業大学,一般Ⅰ期・Ⅱ期/推薦Ⅰ・Ⅱ期,長野県教育会館,長野県長野市旭町1098,
2026/02/04,長野県,大学,新潟工科大学,一般選抜A日程,長野ターミナル会館,長野県長野市岡田178-2,
2026/02/04,長野県,大学,関東学院大学,給費生/一般前期A,長野市生涯学習センター,長野県長野市大字鶴賀問御所町1271-3,
2026/02/04,長野県,大学,新潟医療福祉大学,一般選抜前期/後期,長野会場（JA長野県ビル）,長野県長野市大字南長野北石堂町1177-3,
2026/02/04,長野県,大学,福井医療大学,一般選抜第1次,長野会場（JA長野県ビル）,長野県長野市大字南長野北石堂町1177-3,
2026/02/04,長野県,大学,駒澤大学,全学統一／医療健康T方式,長野会場,長野県長野市大字南長野北石堂町1177-3,
2026/02/04,長野県,大学,國學院大学,一般選抜A日程（地方会場）,長野会場（長野ターミナル会館）,長野県長野市中御所岡田178-2,
2026/02/04,長野県,大学,日本福祉大学,一般入学試験 前期,長野会場（長野ターミナル会館）,長野県長野市中御所岡田178-2,
2026/02/04,長野県,大学,ぐんま未来大学,一般選抜Ⅰ期のみ,長野会場（ホテル信濃路）,長野県長野市中御所岡田町131-4,
2026/02/04,長野県,大学,金沢星稜大学,推薦等・一般A日程,長野会場（ホテルメトロポリタン長野）,長野県長野市南石堂町1346,
2026/02/04,長野県,大学,群馬医療福祉大学,一般選抜 前期,長野会場,長野県長野市南長野末広町1356 相鉄フレッサイン長野駅善光寺口,
2026/02/04,長野県,大学,神奈川大学,一般前期（全学統一）,信学会長野予備学校,長野県長野市北石堂町1022,
2026/02/04,長野県,大学,名古屋商科大学,一般前期A,飯田会場（シルクホテル）,長野県飯田市錦町1-10,
2026/02/04,長野県,大学,日本福祉大学,一般入学試験 前期,飯田会場（丘の上結いスクエア　ムトスぷらざ）,長野県飯田市東和町2丁目35番地,
2026/02/04,長野県,大学,東京電機大学,一般選抜 前期/英語外部/情報系外部,JA長野県ビル,長野市北石堂町1177-3,
2026/02/04,三重県,大学,中部大学,特別奨学生・前期AM/BM・後期,津会場,津市栄町2-361,
2026/02/04,三重県,大学,立命館アジア太平洋大学,スタンダード3,メッセウイングNHW（津市産業・スポーツセンター）,津市北河路町19-1,
2026/02/04,三重県,大学,立命館大学,一般選抜（試験地）,メッセウイングNHW（津市産業・スポーツセンター）,津市北河路町19-1,
2026/02/04,東京都,大学,東京理科大学,一般選抜B・S方式,葛飾試験場（葛飾キャンパス）,東京都葛飾区新宿6-3-1,
2026/02/04,東京都,大学,芝浦工業大学,一般選抜（前期/全学統一）,豊洲キャンパス,東京都江東区豊洲3-7-5,
2026/02/04,東京都,大学,藤田医科大学,医:一般一次／医療科:前期A／看護:前期A,東京会場,東京都江東区有明3-5-7,
2026/02/04,東京都,大学,中京大学,一般前期A/M・後期F／総合型・推薦,TKP品川港南口会議室,東京都港区港南2-4-3 三和港南ビル4階,
2026/02/04,東京都,大学,神戸学院大学,一般(前/中期),東京会場（TKP品川カンファレンスセンターANNEX）,東京都港区高輪3-13-1,
2026/02/04,東京都,大学,東北福祉大学,A日程統一・分割,東京グランドホテル,東京都港区芝2-5-2,
2026/02/04,東京都,大学,明治学院大学,一般選抜：全学部日程・A日程・B日程,白金キャンパス,東京都港区白金台1-2-37,
2026/02/04,東京都,大学,酪農学園大学,一般選抜A/B・第2期 地方会場,東京会場（東京経済大学 国分寺キャンパス 2号館）,東京都国分寺市南町1-7-34,
2026/02/04,東京都,大学,関西学院大学,全日程（一般/個別/英数/共通併用）,代々木ゼミナール本部校 代ゼミタワー,東京都渋谷区代々木2-25-7,
2026/02/04,東京都,大学,國學院大学,一般選抜A日程・B日程,渋谷キャンパス,東京都渋谷区東四丁目10-28,
2026/02/04,東京都,大学,嘉悦大学,一般選抜（独自試験型）,嘉悦大学（本学キャンパス）,東京都小平市花小金井南町2-8-4,
2026/02/04,東京都,大学,東京医科大学,学士・推薦、一般/共テ小論文・2次,東京医科大学 新宿キャンパス,東京都新宿区新宿6-1-1,
2026/02/04,東京都,大学,東京理科大学,一般選抜B・S方式,神楽坂試験場（神楽坂キャンパス）,東京都新宿区神楽坂1-3,
2026/02/04,東京都,大学,東京医科大学,一般1次・小論文（受験票で指定）,ベルサール新宿グランド,東京都新宿区西新宿8-17-3 住友不動産新宿グランドタワー1F,
2026/02/04,東京都,大学,目白大学,全学部統一/一般A・B・C,新宿キャンパス,東京都新宿区中落合4-31-1,
2026/02/04,東京都,大学,駒澤大学,全学統一・T・S方式実施会場,本学（駒沢キャンパス）,東京都世田谷区駒沢1-23-1,
2026/02/04,東京都,大学,東京農業大学,一般選抜A・B日程,世田谷キャンパス（本学会場）,東京都世田谷区桜丘1-1-1,
2026/02/04,東京都,大学,成城大学,S方式・A方式会場,成城大学キャンパス,東京都世田谷区成城6-1-20,
2026/02/04,東京都,大学,京都外国語大学,一般選抜A日程,京都アカデミアフォーラム in 丸の内,東京都千代田区丸の内1-5-1 新丸の内ビルディング10階,
2026/02/04,東京都,大学,名古屋商科大学,一般前期A,東京会場（東京丸の内キャンパス）,東京都千代田区丸の内2-4-1 丸の内ビルディング9F,
2026/02/04,東京都,大学,福山大学,外国人留学生入試,アルカディア市ヶ谷（東京会場）,東京都千代田区九段北4-2-25,
2026/02/04,東京都,大学,群馬医療福祉大学,一般選抜 前期,東京会場,東京都千代田区九段北4-2-25 アルカディア市ヶ谷,
2026/02/04,東京都,大学,大阪歯科大学,一般選抜 前期/全学部日程/後期,東京会場（駿台予備学校 お茶の水校1号館）,東京都千代田区神田駿河台2-12,
2026/02/04,東京都,大学,関東学院大学,給費生/一般前期A,連合会館,東京都千代田区神田駿河台3-2-11,
2026/02/04,東京都,大学,関西大学,,TKP新橋カンファレンスセンター,東京都千代田区内幸町1丁目3-1 新幸橋ビルディング,
2026/02/04,東京都,大学,新潟医療福祉大学,一般選抜前期・特待生選抜,東京会場（ビジョンセンター有楽町）,東京都千代田区有楽町1-5-1 日比谷マリンビル3階,
2026/02/04,東京都,大学,東京電機大学,一般選抜 前期/英語外部/情報系外部/後期,東京千住キャンパス,東京都足立区千住旭町5番,
2026/02/04,東京都,大学,湘南工科大学,一般選抜（全学部統一・S・前期）,東京会場（AP秋葉原）,東京都台東区秋葉原1-1 秋葉原ビジネスセンター 1F・4F・5F（受付1F）,
2026/02/04,東京都,大学,新潟工科大学,一般選抜A日程,AP秋葉原（秋葉原ビジネスセンター）,東京都台東区秋葉原1番1号 秋葉原ビジネスセンター,
2026/02/04,東京都,大学,福井工業大学,一般Ⅰ期/推薦Ⅰ期/留学生Ⅰ期,AP日本橋,東京都中央区日本橋3-6-2 日本橋フロント6F,
2026/02/04,東京都,大学,東京情報大学,一般選抜Ⅰ期A/B・Ⅱ期,東京会場（TKP東京駅カンファレンスセンター）,東京都中央区八重洲1-8-16,
2026/02/04,東京都,大学,常磐大学,一般選抜A方式（東京会場）,TKP 東京駅カンファレンスセンター,東京都中央区八重洲1-8-16 新槇町ビル,
2026/02/04,東京都,大学,玉川大学,全学統一/地域創生/給付型/実技本学,本学キャンパス,東京都町田市玉川学園6-1-1,
2026/02/04,東京都,大学,芝浦工業大学,一般選抜（前期/全学統一）,町田会場（町田市文化交流センター）,東京都町田市原町田4-1-14 プラザ町田,
2026/02/04,東京都,大学,淑徳大学,一般選抜A,東京試験場（淑徳大学 東京キャンパス）,東京都板橋区前野町2-29-3,
2026/02/04,東京都,大学,金沢医科大学,一般選抜前期 一次,東京会場（TOCビル本館）,東京都品川区西五反田7-22-17,
2026/02/04,東京都,大学,立正大学,一般選抜R方式・2月前期・後期・3月,品川キャンパス,東京都品川区大崎4-2-16,
2026/02/04,東京都,大学,亜細亜大学,一般入試/全学統一(前中後)/DS後期,武蔵野キャンパス,東京都武蔵野市境5-8,
2026/02/04,東京都,大学,日本獣医生命科学大学,総合・推薦・一般A/B/C・第Ⅱ期,日本獣医生命科学大学 第一校舎,東京都武蔵野市境南町1-7-1,
2026/02/04,東京都,大学,拓殖大学,2月前期選抜A･B･C日程,文京キャンパス,東京都文京区小日向3-4-14,
2026/02/04,東京都,大学,東京農業大学,一般選抜A日程,河合塾 池袋校 西館（池袋会場）,東京都豊島区西池袋1-3-12,
2026/02/04,東京都,大学,札幌学院大学,一般A日程。2/4は留学生B実施,北京語言大学東京校,東京都豊島区南池袋2-29-14,
2026/02/04,東京都,大学,同志社大学,一般選抜入学試験,国際ファッションセンタービル,東京都墨田区横網1丁目6-1,
2026/02/04,東京都,大学,東京農業大学,一般選抜A日程,me:rise立川 Conference Room（立川会場）,東京都立川市曙町2-8-28 TAMA MIRAI SQUARE,
2026/02/04,東京都,大学,武蔵大学,一般方式（全学部統一等）・共通テスト,武蔵大学 江古田キャンパス,東京都練馬区豊玉上1-26-1,
2026/02/04,神奈川県,大学,東京電機大学,一般選抜 前期/英語外部/情報系外部,藤沢商工会議所,藤沢市藤沢607-1,
2026/02/04,栃木県,大学,神奈川大学,給費生・一般前期（全学統一）,TKP宇都宮カンファレンスセンター,栃木県宇都宮市駅前通り1-3-1 KDX宇都宮ビルB1階,
2026/02/04,栃木県,大学,東京農業大学,一般選抜A日程,ライトキューブ宇都宮（宇都宮会場）,栃木県宇都宮市宮みらい1-20,
2026/02/04,栃木県,大学,淑徳大学,一般選抜A,宇都宮試験場（ライトキューブ宇都宮）,栃木県宇都宮市宮みらい1-20,
2026/02/04,栃木県,大学,文星芸術大学,一般選抜 1期・2期,文星芸術大学（本学）,栃木県宇都宮市上戸祭4-8-15,
2026/02/04,栃木県,大学,群馬医療福祉大学,一般選抜 前期,宇都宮会場,栃木県宇都宮市東宿郷2-4-1 ホテルマイステイズ宇都宮,
2026/02/04,栃木県,大学,駒澤大学,全学統一／医療健康T方式,宇都宮会場,栃木県宇都宮市東宿郷2丁目4-4,
2026/02/04,栃木県,大学,常磐大学,一般選抜A方式（宇都宮会場）,宇都宮東武ホテルグランデ,栃木県宇都宮市本町5-12,
2026/02/04,栃木県,大学,自治医科大学,医学部 一般選抜 第2次（学力・面接）,自治医科大学（本学キャンパス）,栃木県下野市薬師寺3311-1,
2026/02/04,千葉県,大学,立命館アジア太平洋大学,スタンダード3/英語重視/共テ+英・国,柏の葉カンファレンスセンター,柏市若柴178-4 ホテル＆レジデンス棟2階,
2026/02/04,千葉県,大学,立命館大学,一般選抜（試験地）,柏の葉カンファレンスセンター,柏市若柴178-4 ホテル＆レジデンス棟2階,
2026/02/04,静岡県,大学,愛知淑徳大学,一般選抜（前期）,浜松会場,浜松市中央区東伊場1-1-26,
2026/02/04,静岡県,大学,同志社大学,一般選抜入学試験,ホテルクラウンパレス浜松,浜松市中央区板屋町110-17,
2026/02/04,静岡県,大学,立命館アジア太平洋大学,スタンダード3/英語重視/共テ+英・国,オークラアクトシティホテル浜松,浜松市中央区板屋町111-2,
2026/02/04,静岡県,大学,立命館大学,一般選抜（試験地）,オークラアクトシティホテル浜松,浜松市中央区板屋町111-2,
2026/02/04,静岡県,大学,中部大学,特別奨学生・前期AM/BM・後期,浜松会場,浜松市中区成子町140-8,
2026/02/04,富山県,大学,金沢星稜大学,推薦等・一般A日程,高岡会場（高岡商工会議所）,富山県高岡市丸の内1-40,
2026/02/04,富山県,大学,新潟工科大学,一般選抜A日程,ボルファートとやま,富山県富山市奥田新町8-1,
2026/02/04,富山県,大学,福井医療大学,一般選抜第1次,富山会場（ボルファートとやま）,富山県富山市奥田新町8-1,
2026/02/04,富山県,大学,福井工業大学,一般Ⅰ期・Ⅱ期,ボルファートとやま,富山県富山市奥田新町8-1,
2026/02/04,富山県,大学,日本福祉大学,一般入学試験 前期・中期,富山会場（インテックビル（タワー111））,富山県富山市牛島新町5番5号,
2026/02/04,富山県,大学,新潟医療福祉大学,一般選抜前期,富山会場（富山県民会館）,富山県富山市新総曲輪4-18,
2026/02/04,富山県,大学,金沢星稜大学,推薦等・一般A日程,富山会場（富山県民会館）,富山県富山市新総曲輪4番18号,
2026/02/04,富山県,大学,中京大学,一般前期A/M／総合型・推薦,富山県農協会館,富山市新総曲輪2-21,
2026/02/04,富山県,大学,中部大学,特別奨学生・前期AM/BM,富山県中小企業研修センター,富山市赤江町1-7,
2026/02/04,福井県,大学,福井医療大学,一般選抜第1次,敦賀会場（敦賀商工会議所）,福井県敦賀市神楽町2丁目1-4,
2026/02/04,福井県,大学,福井工業大学,一般Ⅰ期/推薦Ⅰ期,敦賀商工会議所,福井県敦賀市神楽町2丁目1-4,
2026/02/04,福井県,大学,福井工業大学,全方式（本学実施分）,福井工業大学（福井キャンパス）,福井県福井市学園3丁目6番1号,
2026/02/04,福井県,大学,福井医療大学,一般選抜第1次・第2次,福井会場（本学キャンパス）,福井県福井市江上町55-13-1,
2026/02/04,福井県,大学,中京大学,一般前期A/M／総合型・推薦,福井商工会議所ビル,福井県福井市西木田2-8-1,
2026/02/04,福井県,大学,金沢星稜大学,推薦等・一般A日程,福井会場（ユニオンプラザ福井）,福井県福井市問屋町1丁目35番地,
2026/02/04,福井県,大学,立命館アジア太平洋大学,スタンダード3,福井市地域交流プラザ（AOSSA6F）,福井市手寄1-4-1 AOSSA,
2026/02/04,福井県,大学,立命館大学,一般選抜（試験地）,福井市地域交流プラザ（AOSSA6F）,福井市手寄1-4-1 AOSSA,
2026/02/04,福島県,大学,神奈川大学,給費生・一般前期（全学統一）,駿優予備学校 郡山校,福島県郡山市駅前1-12-6,
2026/02/04,福島県,大学,関東学院大学,給費生/一般前期A,駿優予備学校 郡山校,福島県郡山市駅前1-12-6,
2026/02/04,福島県,大学,淑徳大学,一般選抜A,郡山試験場（セルフミーティングルーム虎丸）,福島県郡山市虎丸町15-4,
2026/02/04,福島県,大学,東北福祉大学,A日程統一・分割,郡山商工会議所,福島県郡山市清水台1-3-8,
2026/02/04,福島県,大学,東北工業大学,一般選抜A日程サテライト,郡山会場,福島県郡山市清水台1丁目3-8,
2026/02/04,福島県,大学,新潟工科大学,一般選抜A日程,TKP郡山カンファレンスセンター,福島県郡山市大町1-3-3 郡山ワシントンホテル1階,
2026/02/04,福島県,大学,新潟医療福祉大学,一般選抜前期/後期,郡山会場（国際医療看護福祉大学校 ANNEX校舎）,福島県郡山市方八町2-4-10,
2026/02/04,愛知県,大学,中部大学,特別奨学生・前期AM/BM・後期,豊橋会場,豊橋市花田町字石塚42-1,
2026/02/04,北海道,大学,札幌学院大学,一般A・B日程,旭川ときわ市民ホール,北海道旭川市5条通4丁目,
2026/02/04,北海道,大学,札幌学院大学,一般A日程,釧路ロイヤルイン,北海道釧路市黒金町14丁目9番2号,
2026/02/04,北海道,大学,札幌学院大学,本学会場。全入試実施,江別キャンパス（本学会場）,北海道江別市文京台11番地,
2026/02/04,北海道,大学,酪農学園大学,一般選抜A/B・第2期・推薦本学,本学会場（酪農学園大学）,北海道江別市文京台緑町582番地,
2026/02/04,北海道,大学,関東学院大学,一般前期A,札幌市教育文化会館,北海道札幌市中央区北1条西13丁目,
2026/02/04,北海道,大学,東京農業大学,一般選抜A日程,TKPガーデンシティ札幌駅前（札幌会場）,北海道札幌市中央区北2条西2-19 TKP札幌ビル,
2026/02/04,北海道,大学,駒澤大学,全学統一／医療健康T方式,札幌会場,北海道札幌市中央区北4条西5アクティ45,
2026/02/04,北海道,大学,日本福祉大学,一般入学試験 前期,札幌会場（ACU-A アスティ45）,北海道札幌市中央区北4条西5丁目アスティ45,
2026/02/04,北海道,大学,芝浦工業大学,一般選抜（前期/全学統一）,札幌会場（TKP札幌ビジネスセンター赤れんが前）,北海道札幌市中央区北4条西6丁目1,
2026/02/04,北海道,大学,國學院大学,一般選抜A日程（地方会場）,札幌会場（代々木ゼミナール札幌校）,北海道札幌市北区北7条西2-5,
2026/02/04,北海道,大学,東京理科大学,一般選抜B・S方式,札幌試験場（代々木ゼミナール札幌校）,北海道札幌市北区北7条西2-5,
2026/02/04,北海道,大学,神奈川大学,給費生・一般前期（全学統一）,代々木ゼミナール 札幌校,北海道札幌市北区北7条西2-5,
2026/02/04,北海道,大学,札幌学院大学,一般A日程,FKホールディングス 生涯学習センター きらん,北海道室蘭市中島町2丁目22-1,
2026/02/04,北海道,大学,札幌学院大学,一般A日程,道新ホール帯広,北海道帯広市西4条南9丁目1-4,
2026/02/04,北海道,大学,札幌学院大学,一般A日程,函館市民会館,北海道函館市湯川町1-32-1,
2026/02/04,北海道,大学,札幌学院大学,一般A日程,中高年齢労働者福祉センター サンライフ北見,北海道北見市東三輪5丁目1番地16,
2026/02/04,北海道,大学,東京農業大学,一般選抜A・B日程,北海道オホーツクキャンパス（本学会場）,北海道網走市八坂196,
2026/02/04,愛知県,大学,立命館アジア太平洋大学,スタンダード3/英語重視,愛知県武道館,名古屋市港区丸池町1-1-4,
2026/02/04,愛知県,大学,立命館大学,一般選抜（試験地）,愛知県武道館,名古屋市港区丸池町1-1-4,
2026/02/04,愛知県,大学,藤田医科大学,医:一般一次,名古屋会場,名古屋市中村区椿町1-16 井門名古屋ビル,
2026/02/04,愛知県,大学,神戸学院大学,公募推薦・一般(前/中/後期),名古屋会場（安保ホール）,名古屋市中村区名駅3-15-9,
2026/02/04,愛知県,大学,大谷大学,一般入試第1期,名古屋試験場　AP名古屋,名古屋市中村区名駅4-10-25,
2026/02/04,愛知県,大学,立命館アジア太平洋大学,スタンダード3/英語重視/共テ+英・国/後期,愛知県産業労働センター（ウインクあいち）,名古屋市中村区名駅4-4-38,
2026/02/04,愛知県,大学,立命館大学,一般選抜（試験地）,愛知県産業労働センター（ウインクあいち）,名古屋市中村区名駅4-4-38,
2026/02/04,愛知県,大学,同志社大学,一般選抜入学試験,日本ガイシ スポーツプラザ,名古屋市南区東又兵ヱ町5-1-16,
2026/02/04,東京都,,東京都立八王子西特別支援学校,,,東京都八王子市東浅川町546-1,
2026/02/04,愛知県,大学,名古屋外国語大学,一般選抜前期Ａ方式,名古屋外国語大学　日進キャンパス,愛知県日進市岩崎町竹ノ山57,
2026/02/04,愛知県,大学,麻布大学,一般入学試験（第Ⅰ期）C日程,名古屋サンスカイルーム,愛知県名古屋市中区錦1丁目18-22 名古屋ATビル2F,
2026/02/04,愛知県,大学,東海学院大学,,名古屋,愛知県名古屋市中村区名駅4-5-27 大一名駅 3階,
2026/02/04,宮城県,大学,麻布大学,一般入学試験（第Ⅰ期）C日程,秀英予備校　仙台本部校,宮城県仙台市青葉区堤通雨宮町3-23,
2026/02/04,埼玉県,大学,麻布大学,一般入学試験（第Ⅰ期）C日程,JA共済埼玉ビル,埼玉県さいたま市大宮区土手町1-2,
2026/02/04,山形県,大学,宮城学院女子大学,一般A日程前期,山形（山形ビッグウイング）,山形県山形市平久保100番地,
2026/02/04,秋田県,大学,宮城学院女子大学,一般A日程前期,秋田（秋田県総合保健センター）,秋田県秋田市千秋久保田町6番6号,
2026/02/04,新潟県,大学,城西大学,一般選抜A日程,新潟会場（朱鷺メッセ新潟コンベンションセンター）,新潟県新潟市中央区万代島6-1,
2026/02/04,神奈川県,大学,麻布大学,一般入学試験（第Ⅰ期）C日程,麻布大学,神奈川県相模原市中央区淵野辺1-17-71,
2026/02/04,岩手県,大学,宮城学院女子大学,一般A日程前期,盛岡（岩手教育会館）,盛岡市大通1丁目1番16号,
2026/02/04,青森県,大学,宮城学院女子大学,一般A日程前期,青森（青森県観光物産館アスパム）,青森県青森市安方1丁目1番40号,
2026/02/04,東京都,大学,安田女子大学,一般選抜前期C,東京会場（AP東京八重洲（KPP八重洲ビル内））,東京都中央区京橋1-10-7 KPP八重洲ビル,
2026/02/04,東京都,大学,杏林大学,一般前期,東京たま未来メッセ,東京都八王子市明神町3丁目19-2,
2026/02/04,静岡県,大学,愛知産業大学,一般選抜〈前期〉(大学入学共通テストプラス),浜松（クリエート浜松(5階)）,浜松市中区早馬町2番地の1,
2026/02/04,愛知県,大学,愛知産業大学,一般選抜〈前期〉(大学入学共通テストプラス),名古屋（愛知産業大学名古屋サテライト）,名古屋市熱田区金山町1-6-9,
2026/02/04,福島県,大学,宮城学院女子大学,一般A日程前期,郡山（郡山市労働福祉会館）,福島県郡山市虎丸町7番7号,
2026/02/04,神奈川県,中学校,函嶺白百合学園中学校,,本校,神奈川県足柄郡下箱根町強羅1320,
2026/02/04,東京都,大学,東京女子大学,,本学,東京都杉並区善福寺2-6-1,
2026/02/04,東京都,大学,武蔵野美術大学,,鷹の台キャンパス,東京都小平市小川町1-736,
2026/02/04,東京都,大学,東京海洋大学院,,品川キャンパス,東京都港区港南4-5-7,
2026/02/04,茨城県,中学校,開智望中等教育学校,,開智望中等教育学校,茨城県守谷市立沢1871-2,
2026/02/04,埼玉県,中学校,開智望中等教育学校,,開智所沢中等教育学校,埼玉県所沢市松郷169,
2026/02/04,東京都,中学校,開智望中等教育学校,,開智日本橋学園中学校,東京都中央区日本橋馬喰町2-7-6,
2026/02/04,埼玉県,中学校,開智望中等教育学校,,大宮ソニックシティ,埼玉県さいたま市大宮区桜木町1-7-5ソニックシティビル5F,
2026/02/04,愛知県,大学,愛知学院大学,前期試験Ａ,名城公園キャンパス,愛知県名古屋市北区名城3-1-1,
2026/02/04,東京都,大学,東京海洋大学院,大学院博士前期,品川キャンパス,東京都港区港南4-5-7,
2026/02/04,東京都,大学,東京造形大学,一般選抜,本学キャンパス,東京都八王子市宇津貫町1556番地,
2026/02/04,東京都,大学,日本大学,A方式第1期（文理）,文理学部校舎,東京都世田谷区桜上水3-25-40,
2026/02/04,東京都,大学,日本大学,N方式第1期専門試験併用型（芸術）,芸術学部校舎,東京都練馬区旭丘2-42-1,
2026/02/04,東京都,大学,日本大学,A方式第1期（危機管理）,三軒茶屋キャンパス,東京都世田谷区下馬3-34-1,
2026/02/04,東京都,大学,日本大学,A方式第1期（スポーツ科学）,三軒茶屋キャンパス,東京都世田谷区下馬3-34-1,
2026/02/04,福島県,大学,日本大学,A方式第1期（工）,工学部校舎1号館,福島県郡山市田村町徳定字中河原1,
2026/02/04,岩手県,大学,日本大学,A方式第1期（工）,ホテルメトロポリタン盛岡本館,岩手県盛岡市盛岡駅前通1-44,
2026/02/04,宮城県,大学,日本大学,A方式第1期（工）,TKPガーデンシティ PREMIUM仙台西口,宮城県仙台市青葉区花京院1-2-15 ソララプラザ,
2026/02/04,茨城県,大学,日本大学,A方式第1期（工）,水戸駿優予備学校本部校舎,茨城県水戸市三の丸1-1-42,
2026/02/04,栃木県,大学,日本大学,A方式第1期（工）,ホテルマイステイズ宇都宮,栃木県宇都宮市東宿郷2-4-1,
2026/02/04,群馬県,大学,日本大学,A方式第1期（工）,高崎ワシントンホテルプラザ,群馬県高崎市八島町70,
2026/02/04,東京都,大学,日本大学,A方式第1期（工）,法学部神田三崎町キャンパス2号館,東京都千代田区神田三崎町2-3-1,
2026/02/04,新潟県,大学,日本大学,A方式第1期（工）,代々木ゼミナール新潟校,新潟県新潟市中央区弁天1-4-18,
2026/02/04,長野県,大学,日本大学,A方式第1期（工）,ホテルメトロポリタン長野,長野県長野市南石堂町1346,
2026/02/04,静岡県,大学,日本大学,A方式第1期（工）,秀英予備校静岡1号館,静岡県静岡市葵区鷹匠2-7-1,
2026/02/04,愛知県,大学,日本大学,A方式第1期（工）,TKP名古屋駅前カンファレンスセンター,愛知県名古屋市中村区名駅2-41-5 CK20名駅前ビル,
2026/02/04,千葉県,大学,日本大学,A方式第1期（松戸歯）,松戸歯学部校舎,千葉県松戸市栄町西2-870-1,
