日付,都道府県,学校種,学校名,試験名,試験地,住所,時間
2026/02/05,東京都,中学校,お茶の水女子大学附属,帰国,本校,東京都文京区大塚2-1-1,
2026/02/05,東京都,中学校,足立学園,特奨⑤,本校,東京都足立区千住旭町40-24,PM
2026/02/05,東京都,中学校,跡見学園,特待④,本校,東京都文京区大塚1-5-9,
2026/02/05,東京都,中学校,英明フロンティア (2026～女子→共学),６回,本校,東京都練馬区関町北4丁目16-11,
2026/02/05,東京都,中学校,大妻,４回,本校,東京都千代田区三番町12,
2026/02/05,東京都,中学校,神田女学園,６回,本校,東京都千代田区神田猿楽町2-3-6,PM
2026/02/05,東京都,中学校,北豊島,特待③･好きなこと②,本校,東京都荒川区東尾久6-34-24,PM
2026/02/05,東京都,中学校,国本女子,４回,本校,東京都世田谷区喜多見8-15-33,PM
2026/02/05,東京都,中学校,慶應義塾中等部,２次(男子),本校,東京都港区三田2丁目17-10,
2026/02/05,東京都,中学校,慶應義塾中等部,２次(女子),本校,東京都港区三田2丁目17-10,
2026/02/05,東京都,中学校,攻玉社,特別選抜(Ａ方式),本校,東京都品川区西五反田5-14-2,
2026/02/05,東京都,中学校,攻玉社,特別選抜(Ｂ方式),本校,東京都品川区西五反田5-14-2,
2026/02/05,東京都,中学校,佼成学園,２回(特奨),本校,東京都杉並区和田2-6-29,
2026/02/05,東京都,中学校,佼成学園女子,⑤(一般),本校,東京都世田谷区給田2-1-1,
2026/02/05,東京都,中学校,国学院大学久我山,３回,本校,東京都杉並区久我山1-9-1,
2026/02/05,東京都,中学校,国士舘,６回,本校,東京都世田谷区若林4-32-1,
2026/02/05,東京都,中学校,駒沢学園女子,３回,本校,東京都稲城市坂浜238,
2026/02/05,東京都,中学校,サレジアン国際学園,６回,本校,東京都北区赤羽台4-2-14,
2026/02/05,東京都,中学校,サレジアン国際学園世田谷,５回,本校,東京都世田谷区大蔵2-8-1,
2026/02/05,東京都,中学校,品川翔英,７回,本校,東京都品川区西大井1-6-13,
2026/02/05,東京都,中学校,芝国際,2/5午後,本校,東京都港区芝4-1-30,PM
2026/02/05,東京都,中学校,渋谷教育学園渋谷,３回,本校,東京都渋谷区渋谷1-21-18,
2026/02/05,東京都,中学校,修徳,７回,本校,東京都葛飾区青戸8-10-1,PM
2026/02/05,東京都,中学校,十文字,５回,本校,東京都豊島区北大塚1-10-33,PM
2026/02/05,東京都,中学校,頌栄女子学院,２回(４科),本校,東京都港区白金台2-26-5,
2026/02/05,東京都,中学校,頌栄女子学院,２回(英語利用),本校,東京都港区白金台2-26-5,
2026/02/05,東京都,中学校,城西大学附属城西,３回,本校,東京都豊島区千早1-10-26,
2026/02/05,東京都,中学校,白梅学園清修,４回,本校,東京都小平市小川町1-830,
2026/02/05,東京都,中学校,成城,３回,本校,東京都新宿区原町3-87,
2026/02/05,東京都,中学校,瀧野川女子学園,６回,本校,東京都北区上中里1-27-7,
2026/02/05,東京都,中学校,千代田,６回,本校,東京都千代田区四番町11,PM
2026/02/05,東京都,中学校,帝京八王子,３回Ａ,本校,東京都八王子市上川町3766,AM
2026/02/05,東京都,中学校,帝京八王子,３回Ｂ,本校,東京都八王子市上川町3766,PM
2026/02/05,東京都,中学校,貞静学園,２科④･適性②,本校,東京都文京区大塚1-2-10,
2026/02/05,東京都,中学校,東海大学付属高輪台,３回,本校,東京都港区高輪2-2-16,
2026/02/05,東京都,中学校,東京家政学院,４回ＡＭ,本校,東京都千代田区三番町22,AM
2026/02/05,東京都,中学校,東京家政学院,４回ＰＭ,本校,東京都千代田区三番町22,PM
2026/02/05,東京都,中学校,東京家政大学附属女子,６回,本校,東京都板橋区加賀1-18-1,
2026/02/05,東京都,中学校,東京純心女子,４回･適性型２回,本校,東京都八王子市滝山町2-600,
2026/02/05,東京都,中学校,東京都市大学付属,４回,本校,東京都世田谷区成城1-13-1,
2026/02/05,東京都,中学校,日本工業大学駒場,⑥教科型,本校,東京都目黒区駒場1-35-32,
2026/02/05,東京都,中学校,日本大学第一,２科２回,本校,東京都墨田区横網1-5-2,
2026/02/05,東京都,中学校,日本大学豊山女子,５回,本校,東京都板橋区中台3-15-1,PM
2026/02/05,東京都,中学校,八王子実践,適性②,本校,東京都八王子市台町1-6-15,
2026/02/05,東京都,中学校,広尾学園,３回,本校,東京都港区南麻布5-1-14,
2026/02/05,東京都,中学校,法政大学,３回(男子),本校,東京都三鷹市牟礼4-3-1,
2026/02/05,東京都,中学校,法政大学,３回(女子),本校,東京都三鷹市牟礼4-3-1,
2026/02/05,東京都,中学校,本郷,３回,本校,東京都豊島区駒込4-11-1,
2026/02/05,東京都,中学校,明治大学付属八王子,Ｂ方式,本校,東京都八王子市戸吹町1100,
2026/02/05,東京都,中学校,明法,３回,本校,東京都東村山市富士見町2-4-12,
2026/02/05,東京都,中学校,目黒学院,４回,本校,東京都目黒区中目黒1-1-50,
2026/02/05,東京都,中学校,八雲学園,未来発見,本校,東京都目黒区八雲2-14-1,
2026/02/05,東京都,中学校,立教池袋,２回(ＡＯ),本校,東京都豊島区西池袋5-16-5,
2026/02/05,神奈川県,中学校,アレセイア湘南,３回ＡＭ,本校,神奈川県茅ヶ崎市富士見町5-2,
2026/02/05,神奈川県,中学校,鎌倉国際文理,2/5,本校,神奈川県鎌倉市岩瀬1420,
2026/02/05,神奈川県,中学校,関東学院,二期,本校,神奈川県横浜市南区三春台4,
2026/02/05,神奈川県,中学校,相模女子大学,４回･ﾌﾟﾛｸﾞﾗﾐﾝｸﾞ②,本校,神奈川県相模原市南区文京2-1-1,
2026/02/05,神奈川県,中学校,自修館中等教育学校,Ｄ,本校,神奈川県伊勢原市見附島411,
2026/02/05,神奈川県,中学校,逗子開成,３次,本校,神奈川県逗子市新宿2-5-1,
2026/02/05,神奈川県,中学校,聖和学院,特別①,本校,神奈川県逗子市久木2-2-1,
2026/02/05,神奈川県,中学校,桐蔭学園,３回,本校,神奈川県横浜市青葉区鉄町１６１４,
2026/02/05,神奈川県,中学校,藤嶺学園藤沢,得意2科Ｂ,本校,神奈川県藤沢市西富１－７－１,
2026/02/05,神奈川県,中学校,日本大学,Ｃ日程,本校,神奈川県横浜市港北区箕輪町２－９－１,
2026/02/05,神奈川県,中学校,横浜富士見丘学園,４回,本校,神奈川県横浜市旭区中沢１－２４－１,
2026/02/05,千葉県,中学校,和洋国府台女子,３回,本校,千葉県市川市国府台２－３－１,
2026/02/05,千葉県,中学校,麗澤,全ｺｰｽ入試,本校,千葉県柏市光ヶ丘２－１－１,
2026/02/05,千葉県,中学校,麗澤,③[2月5日],本校,千葉県柏市光ヶ丘２－１－１,
2026/02/05,千葉県,中学校,流通経済大学付属柏,２回,本校,千葉県柏市十余二１－２０,
2026/02/05,千葉県,中学校,流通経済大学付属柏,Ｃ日程,本校,千葉県柏市十余二１－２０,
2026/02/05,千葉県,中学校,流通経済大学付属柏,全ｺｰｽ入試,本校,千葉県柏市十余二１－２０,
2026/02/05,青森県,高等学校,青森明の星,一般,本校,青森県青森市浪打２－６－３２,
2026/02/05,青森県,高等学校,青森山田,Ａ日程,本校,青森県青森市青葉３－１３－４０,
2026/02/05,青森県,高等学校,向陵,一般,本校,青森県八戸市田向２－２－６,
2026/02/05,青森県,高等学校,五所川原第一,一般,本校,青森県五所川原市元町４２,
2026/02/05,青森県,高等学校,柴田学園大学附属柴田学園,一般,本校,青森県弘前市豊原１－２－１,
2026/02/05,青森県,高等学校,下山学園,一般前期,本校,青森県北津軽郡鶴田町鶴田字小泉３６９－１,
2026/02/05,青森県,高等学校,松風塾,一般前期,本校,青森県東津軽郡平内町外童子字滝ノ沢３７,
2026/02/05,青森県,高等学校,千葉学園,一般,本校,青森県八戸市類家１－１－１１,
2026/02/05,青森県,高等学校,東奥学園,一般,本校,青森県青森市勝田２－１１－１,
2026/02/05,青森県,高等学校,東奥義塾,一般,本校,青森県弘前市石川字長者森６１－１,
2026/02/05,青森県,高等学校,八戸学院光星,一次,本校,青森県八戸市湊高台６－１４－５,
2026/02/05,青森県,高等学校,八戸学院野辺地西,一般,本校,青森県上北郡野辺地町字枇杷野５１－６,
2026/02/05,青森県,高等学校,八戸工業大学第一,一般,本校,青森県八戸市白銀町字右岩淵通７－１０,
2026/02/05,青森県,高等学校,八戸工業大学第二,一般,本校,青森県八戸市妙字大開６７,
2026/02/05,青森県,高等学校,八戸聖ウルスラ学院,一般,本校,青森県八戸市田面木字上野平５３－２,
2026/02/05,青森県,高等学校,弘前学院聖愛,一般,本校,青森県弘前市原ヶ平字山元１１２－２１,
2026/02/05,青森県,高等学校,弘前東,一次,本校,青森県弘前市川先４－４－１,
2026/02/05,富山県,高等学校,高朋,,本校,富山県富山市東富山寿町一丁目１番３９号,
2026/02/05,富山県,高等学校,高岡向陵,,本校,富山県高岡市石瀬２８１－１,
2026/02/05,富山県,高等学校,高岡第一,,本校,富山県高岡市本郷２－１－１,
2026/02/05,富山県,高等学校,高岡龍谷,,本校,富山県高岡市古定塚４番１号,
2026/02/05,富山県,高等学校,富山国際大学付属,,本校,富山県富山市願海寺水口４４４,
2026/02/05,富山県,高等学校,富山第一,,本校,富山県富山市向新庄町５丁目１番５４号,
2026/02/05,富山県,高等学校,新川,,本校,富山県魚津市吉島１３５０,
2026/02/05,富山県,高等学校,不二越工業,,本校,富山県富山市東石金町７－５,
2026/02/05,富山県,高等学校,龍谷富山,,本校,富山県富山市赤江町２番１０号,
2026/02/05,東京都,中学校,海陽中等教育学校,,東京,千代田区神田三崎町 2－7－10 帝都三崎町ビル,
2026/02/05,愛知県,中学校,海陽中等教育学校,,本校,愛知県蒲郡市海陽町三丁目 12 番地 1,
2026/02/05,茨城県,中学校,江戸川学園取手,,本校,茨城県取手市西１－３７－１,
2026/02/05,埼玉県,中学校,城西川越,,本校,埼玉県川越市山田東町１０４２,
2026/02/05,埼玉県,中学校,昌平,,本校,埼玉県北葛飾郡杉戸町下野８５１,
2026/02/05,千葉県,中学校,国府台女子学院,,本校,千葉県市川市菅野３－２４－１,
2026/02/05,千葉県,中学校,秀明大学,,本校,千葉県八千代市桑橋８０３番地,
2026/02/05,千葉県,中学校,二松学舎大学附属柏,,本校,千葉県柏市大井2590,
2026/02/05,千葉県,中学校,八千代松陰,,本校,千葉県八千代市村上727番地,
2026/02/05,千葉県,中学校,和洋国府台女子,,本校,千葉県市川市国府台2-3-1,
2026/02/05,埼玉県,大学,東京電機大学,一般選抜 前期/英語外部/情報系外部/後期,河合塾南浦和現役館,さいたま市南区南浦和2-24-6,
2026/02/05,愛知県,高等学校,愛知県立美和高等学校,,前期,愛知県あま市篠田五ツ藤1,
2026/02/05,愛知県,高等学校,愛知県立五条高等学校,,前期,愛知県あま市西今宿阿弥陀寺56,
2026/02/05,愛知県,高等学校,愛知県立三好高等学校,,前期,愛知県みよし市三好町東山110-1,
2026/02/05,愛知県,高等学校,愛知県立佐屋高等学校,,前期,愛知県愛西市東條町高田39,
2026/02/05,愛知県,高等学校,愛知県立愛西工科高等学校,,前期,愛知県愛西市渕高町蔭島1,
2026/02/05,愛知県,高等学校,愛知県立東郷高等学校,,前期,愛知県愛知郡東郷町大字春木字狐塚3801-2,
2026/02/05,愛知県,高等学校,愛知県立安城南高等学校,,前期,愛知県安城市桜井町門原1,
2026/02/05,愛知県,高等学校,愛知県立安城高等学校,,前期,愛知県安城市赤松町大北103,
2026/02/05,愛知県,高等学校,愛知県立安城農林高等学校,,前期,愛知県安城市池浦町茶筅木1番地,
2026/02/05,愛知県,高等学校,愛知県立安城東高等学校,,前期,愛知県安城市北山崎町大土塚10,
2026/02/05,愛知県,高等学校,愛知県立木曽川高等学校,,前期,愛知県一宮市開明樋西11-1,
2026/02/05,愛知県,高等学校,愛知県立一宮北高等学校,,前期,愛知県一宮市笹野字氏神東1番地,
2026/02/05,愛知県,高等学校,愛知県立一宮起工科高等学校,,前期,愛知県一宮市小信中島郷南2,
2026/02/05,愛知県,高等学校,愛知県立一宮工科高等学校,,前期,愛知県一宮市千秋町佐野辻田2112,
2026/02/05,愛知県,高等学校,愛知県立一宮南高等学校,,前期,愛知県一宮市千秋町町屋字平松6の1,
2026/02/05,愛知県,高等学校,愛知県立一宮興道高等学校,,前期,愛知県一宮市大和町於保字十二1番地の1,
2026/02/05,愛知県,高等学校,愛知県立一宮西高等学校,,前期,愛知県一宮市萩原町串作字河田1,
2026/02/05,愛知県,高等学校,愛知県立一宮商業高等学校,,前期,愛知県一宮市文京2-1-7,
2026/02/05,愛知県,高等学校,愛知県立一宮高等学校,,前期,愛知県一宮市北園通六丁目九番地,
2026/02/05,愛知県,高等学校,愛知県立杏和高等学校,,前期,愛知県稲沢市祖父江町二俣宮西1番1,
2026/02/05,愛知県,高等学校,愛知県立稲沢緑風館高等学校,,前期,愛知県稲沢市平野町加世11,
2026/02/05,愛知県,高等学校,愛知県立岡崎工科高等学校,,前期,愛知県岡崎市羽根町陣場47,
2026/02/05,愛知県,高等学校,愛知県立岡崎商業高等学校,,前期,愛知県岡崎市栄町3-76,
2026/02/05,愛知県,高等学校,愛知県立岡崎北高等学校,,前期,愛知県岡崎市石神町17-1,
2026/02/05,愛知県,高等学校,愛知県立岩津高等学校,,前期,愛知県岡崎市東蔵前町馬場5,
2026/02/05,愛知県,高等学校,愛知県立岡崎西高等学校,,前期,愛知県岡崎市日名南町7番地,
2026/02/05,愛知県,高等学校,愛知県立岡崎高等学校,,前期,愛知県岡崎市明大寺町伝馬1,
2026/02/05,愛知県,高等学校,愛知県立岡崎東高等学校,,前期,愛知県岡崎市竜泉寺町後山27,
2026/02/05,愛知県,大学,日本福祉大学,一般入学試験 前期,岡崎会場（岡崎市民会館）,愛知県岡崎市六供町出崎15番地1,
2026/02/05,愛知県,高等学校,愛知県立幸田高等学校,,前期,愛知県額田郡幸田町大字高力字神山78,
2026/02/05,愛知県,高等学校,愛知県立三谷水産高等学校,,前期,愛知県蒲郡市三谷町水神町通2番地1,
2026/02/05,愛知県,高等学校,愛知県立蒲郡高等学校,,前期,愛知県蒲郡市上本町8-9,
2026/02/05,愛知県,高等学校,愛知県立蒲郡東高等学校,,前期,愛知県蒲郡市大塚町上千尾12-2,
2026/02/05,愛知県,高等学校,愛知県立刈谷北高等学校,,前期,愛知県刈谷市寺横町1-67,
2026/02/05,愛知県,高等学校,愛知県立刈谷高等学校,,前期,愛知県刈谷市寿町5-101,
2026/02/05,愛知県,高等学校,愛知県立刈谷東高等学校,,前期,愛知県刈谷市半城土町三ツ又20,
2026/02/05,愛知県,高等学校,愛知県立刈谷工科高等学校,,前期,愛知県刈谷市矢場町2-210,
2026/02/05,愛知県,高等学校,愛知県立岩倉総合高等学校,,前期,愛知県岩倉市北島町川田1番地,
2026/02/05,愛知県,高等学校,愛知県立犬山総合高等学校,,前期,愛知県犬山市字蓮池2-21,
2026/02/05,愛知県,高等学校,愛知県立犬山高等学校,,前期,愛知県犬山市大字犬山字北首塚2,
2026/02/05,愛知県,高等学校,愛知県立古知野高等学校,,前期,愛知県江南市古知野町高瀬1,
2026/02/05,愛知県,高等学校,愛知県立尾北高等学校,,前期,愛知県江南市北山町西4,
2026/02/05,愛知県,高等学校,愛知県立江南高等学校,,前期,愛知県江南市北野町川石25-2,
2026/02/05,愛知県,高等学校,愛知県立高浜高等学校,,前期,愛知県高浜市本郷町1-6-1,
2026/02/05,愛知県,高等学校,愛知県立春日井東高等学校,,前期,愛知県春日井市廻間町字神屋洞703-73,
2026/02/05,愛知県,高等学校,愛知県立春日井工科高等学校,,前期,愛知県春日井市熊野町五反田1180-1,
2026/02/05,愛知県,大学,中部大学,本学実施の各日程,本学試験場（春日井キャンパス）,愛知県春日井市松本町1200番地,
2026/02/05,愛知県,高等学校,愛知県立春日井泉高等学校,,前期,愛知県春日井市大泉寺町1059-1,
2026/02/05,愛知県,高等学校,愛知県立春日井高等学校,,前期,愛知県春日井市鳥居松町1-55,
2026/02/05,愛知県,高等学校,愛知県立春日井西高等学校,,前期,愛知県春日井市田楽町1320番地,
2026/02/05,愛知県,高等学校,愛知県立高蔵寺高等学校,,前期,愛知県春日井市藤山台1-3-2,
2026/02/05,愛知県,高等学校,愛知県立春日井南高等学校,,前期,愛知県春日井市如意申町三丁目5-1,
2026/02/05,愛知県,高等学校,愛知県立小牧工科高等学校,,前期,愛知県小牧市久保一色3737-1,
2026/02/05,愛知県,高等学校,愛知県立小牧高等学校,,前期,愛知県小牧市小牧1-321,
2026/02/05,愛知県,高等学校,愛知県立小牧南高等学校,,前期,愛知県小牧市小木東2-183,
2026/02/05,愛知県,高等学校,愛知県立常滑高等学校,,前期,愛知県常滑市金山四井池10,
2026/02/05,愛知県,高等学校,愛知県立新城有教館高等学校,,前期,愛知県新城市桜渕中野合併地,
2026/02/05,愛知県,高等学校,愛知県立瀬戸工科高等学校,,前期,愛知県瀬戸市東権現町22-1,
2026/02/05,愛知県,高等学校,愛知県立瀬戸高等学校,,前期,愛知県瀬戸市東山町1-5,
2026/02/05,愛知県,高等学校,愛知県立瀬戸北総合高等学校,,前期,愛知県瀬戸市本郷町260,
2026/02/05,愛知県,高等学校,愛知県立瀬戸西高等学校,,前期,愛知県瀬戸市緑町1-140,
2026/02/05,愛知県,高等学校,愛知県立新川高等学校,,前期,愛知県清須市阿原北野18,
2026/02/05,愛知県,高等学校,愛知県立一色高等学校,,前期,愛知県西尾市一色町大字赤羽字上郷中14,
2026/02/05,愛知県,高等学校,愛知県立鶴城丘高等学校,,前期,愛知県西尾市亀沢町300,
2026/02/05,愛知県,高等学校,愛知県立吉良高等学校,,前期,愛知県西尾市吉良町大字白浜新田字南切1-4,
2026/02/05,愛知県,高等学校,愛知県立西尾高等学校,,前期,愛知県西尾市桜町奥新田2-2,
2026/02/05,愛知県,高等学校,愛知県立西尾東高等学校,,前期,愛知県西尾市小島町大郷1-4,
2026/02/05,愛知県,高等学校,愛知県立大府東高等学校,,前期,愛知県大府市横根町膝折1-4,
2026/02/05,愛知県,高等学校,愛知県立大府高等学校,,前期,愛知県大府市月見町6-180,
2026/02/05,愛知県,高等学校,愛知県立桃陵高等学校,,前期,愛知県大府市中央町5-15,
2026/02/05,愛知県,高等学校,愛知県立丹羽高等学校,,前期,愛知県丹羽郡扶桑町大字高雄字柳前95,
2026/02/05,愛知県,高等学校,愛知県立阿久比高等学校,,前期,愛知県知多郡阿久比町大字阿久比字尾社2-1,
2026/02/05,愛知県,高等学校,愛知県立東浦高等学校,,前期,愛知県知多郡東浦町大字生路字冨士塚20,
2026/02/05,愛知県,高等学校,愛知県立内海高等学校,,前期,愛知県知多郡南知多町大字内海字奥鈴ヶ谷1-1,
2026/02/05,愛知県,高等学校,愛知県立武豊高等学校,,前期,愛知県知多郡武豊町ヲヲガケ8,
2026/02/05,愛知県,高等学校,愛知県立知多翔洋高等学校,,前期,愛知県知多市八幡字堂ヶ島50-1,
2026/02/05,愛知県,高等学校,愛知県立知立高等学校,,前期,愛知県知立市弘法二丁目5番地8,
2026/02/05,愛知県,高等学校,愛知県立知立東高等学校,,前期,愛知県知立市長篠町大山18-6,
2026/02/05,愛知県,大学,愛知医科大学,一般選抜第2次・共通テスト利用第2次,本学（愛知医科大学）,愛知県長久手市岩作雁又1-1,
2026/02/05,愛知県,高等学校,愛知県立長久手高等学校,,前期,愛知県長久手市岩作高山38,
2026/02/05,愛知県,高等学校,愛知県立津島高等学校,,前期,愛知県津島市宮川町3-80,
2026/02/05,愛知県,高等学校,愛知県立津島東高等学校,,前期,愛知県津島市蛭間町字弁日1,
2026/02/05,愛知県,高等学校,愛知県立津島北高等学校,,前期,愛知県津島市又吉町4-1,
2026/02/05,愛知県,高等学校,愛知県立津島北翔高等学校,,前期,愛知県津島市又吉町4-1,
2026/02/05,愛知県,高等学校,愛知県立渥美農業高等学校,,前期,愛知県田原市加治町奥恩中1-1,
2026/02/05,愛知県,高等学校,愛知県立福江高等学校,,前期,愛知県田原市古田町岡ノ越6,
2026/02/05,愛知県,高等学校,愛知県立成章高等学校,,前期,愛知県田原市田原町池ノ原1,
2026/02/05,愛知県,高等学校,愛知県立東海南高等学校,,前期,愛知県東海市加木屋町社山55番地,
2026/02/05,愛知県,高等学校,愛知県立横須賀高等学校,,前期,愛知県東海市高横須賀町広脇1番地,
2026/02/05,愛知県,大学,日本福祉大学,一般入学試験 前期・中期・後期,本学（東海キャンパス）,愛知県東海市大田町下浜田1071番地,
2026/02/05,愛知県,高等学校,愛知県立東海樟風高等学校,,前期,愛知県東海市大田町曽根1,
2026/02/05,愛知県,大学,星城大学,一般選抜前期A〜C・中期・後期,本部東海キャンパス,愛知県東海市富貴ノ台2丁目172番地,
2026/02/05,愛知県,高等学校,愛知県立日進西高等学校,,前期,愛知県日進市浅田町上小深田8-4,
2026/02/05,愛知県,高等学校,愛知県立日進高等学校,,前期,愛知県日進市米野木三ヶ峯4-18,
2026/02/05,愛知県,大学,名古屋商科大学,一般前期A/M・後期,日進キャンパス,愛知県日進市米野木町三ヶ峯4-4,
2026/02/05,愛知県,高等学校,愛知県立半田高等学校,,前期,愛知県半田市出口町1-30,
2026/02/05,愛知県,高等学校,愛知県立半田東高等学校,,前期,愛知県半田市西生見町30,
2026/02/05,愛知県,高等学校,愛知県立半田商業高等学校,,前期,愛知県半田市白山町2-30,
2026/02/05,愛知県,高等学校,愛知県立半田農業高等学校,,前期,愛知県半田市柊町1-1,
2026/02/05,愛知県,高等学校,愛知県立半田工科高等学校,,前期,愛知県半田市柊町3-1,
2026/02/05,愛知県,高等学校,愛知県立旭野高等学校,,前期,愛知県尾張旭市東印場町3丁目4番地1,
2026/02/05,愛知県,高等学校,愛知県立碧南工科高等学校,,前期,愛知県碧南市丸山町3-10,
2026/02/05,愛知県,高等学校,愛知県立碧南高等学校,,前期,愛知県碧南市向陽町4-12,
2026/02/05,愛知県,高等学校,愛知県立豊橋商業高等学校,,前期,愛知県豊橋市向山町官有地,
2026/02/05,愛知県,高等学校,愛知県立豊橋東高等学校,,前期,愛知県豊橋市向山町字西猿22,
2026/02/05,愛知県,高等学校,愛知県立豊橋工科高等学校,,前期,愛知県豊橋市草間町官有地,
2026/02/05,愛知県,大学,愛知大学,一般選抜（前期・各方式）,豊橋キャンパス,愛知県豊橋市町畑町1-1,
2026/02/05,愛知県,高等学校,豊橋市立豊橋高等学校,,前期,愛知県豊橋市東郷町43-1,
2026/02/05,愛知県,大学,日本福祉大学,一般入学試験 前期,豊橋会場（ロワジールホテル豊橋）,愛知県豊橋市藤沢町141,
2026/02/05,愛知県,高等学校,愛知県立豊橋南高等学校,,前期,愛知県豊橋市南大清水町字元町450番地,
2026/02/05,愛知県,高等学校,愛知県立時習館高等学校,,前期,愛知県豊橋市富本町,
2026/02/05,愛知県,高等学校,愛知県立豊丘高等学校,,前期,愛知県豊橋市豊岡町74,
2026/02/05,愛知県,高等学校,愛知県立豊橋西高等学校,,前期,愛知県豊橋市牟呂町西明治新右前4,
2026/02/05,愛知県,高等学校,愛知県立御津あおば高等学校,,前期,愛知県豊川市御津町豊沢字松ノ下1,
2026/02/05,愛知県,高等学校,愛知県立国府高等学校,,前期,愛知県豊川市国府町下坊入10の1,
2026/02/05,愛知県,高等学校,愛知県立小坂井高等学校,,前期,愛知県豊川市小坂井町欠田100-1,
2026/02/05,愛知県,高等学校,愛知県立豊川工科高等学校,,前期,愛知県豊川市新道町1-3,
2026/02/05,愛知県,高等学校,愛知県立宝陵高等学校,,前期,愛知県豊川市大木町鑓水445,
2026/02/05,愛知県,高等学校,愛知県立豊田高等学校,,前期,愛知県豊田市伊保町三本松1,
2026/02/05,愛知県,高等学校,愛知県立猿投農林高等学校,,前期,愛知県豊田市井上町12-179,
2026/02/05,愛知県,高等学校,愛知県立松平高等学校,,前期,愛知県豊田市鵜ヶ瀬町桐山1,
2026/02/05,愛知県,高等学校,愛知県立足助高等学校,,前期,愛知県豊田市岩神町川原5,
2026/02/05,愛知県,高等学校,愛知県立豊田東高等学校,,前期,愛知県豊田市御立町11-1,
2026/02/05,愛知県,高等学校,愛知県立豊田南高等学校,,前期,愛知県豊田市若林東町中外根1-1,
2026/02/05,愛知県,高等学校,愛知県立豊田西高等学校,,前期,愛知県豊田市小坂町14-65,
2026/02/05,愛知県,高等学校,愛知県立豊田北高等学校,,前期,愛知県豊田市千石町2-100-1,
2026/02/05,愛知県,高等学校,愛知県立衣台高等学校,,前期,愛知県豊田市太平町平山5,
2026/02/05,愛知県,高等学校,愛知県立豊田工科高等学校,,前期,愛知県豊田市竹元町南細畔3番地,
2026/02/05,愛知県,高等学校,愛知県立豊野高等学校,,前期,愛知県豊田市渡刈町3-3-1,
2026/02/05,愛知県,高等学校,愛知県立加茂丘高等学校,,前期,愛知県豊田市藤岡飯野町太田代1137-30,
2026/02/05,愛知県,高等学校,愛知県立豊明高等学校,,前期,愛知県豊明市沓掛町海老池10,
2026/02/05,愛知県,高等学校,愛知県立田口高等学校,,前期,愛知県北設楽郡設楽町清崎字林ノ後5-2,
2026/02/05,愛知県,高等学校,愛知県立西春高等学校,,前期,愛知県北名古屋市弥勒寺西2-1,
2026/02/05,愛知県,高等学校,愛知県立惟信高等学校,,前期,愛知県名古屋市港区惟信町2-262,
2026/02/05,愛知県,高等学校,愛知県立南陽高等学校,,前期,愛知県名古屋市港区大西2-99,
2026/02/05,愛知県,高等学校,愛知県立守山高等学校,,前期,愛知県名古屋市守山区中志段味字元屋敷1267,
2026/02/05,愛知県,高等学校,愛知県立緑丘高等学校,,前期,愛知県名古屋市守山区緑ヶ丘1008,
2026/02/05,愛知県,高等学校,名古屋市立向陽高等学校,,前期,愛知県名古屋市昭和区広池町47,
2026/02/05,愛知県,大学,中京大学,一般前期A/M・後期F／総合型・推薦,名古屋キャンパス,愛知県名古屋市昭和区八事本町101-2,
2026/02/05,愛知県,高等学校,愛知県立昭和高等学校,,前期,愛知県名古屋市瑞穂区玉水町1-18,
2026/02/05,愛知県,高等学校,愛知県立瑞陵高等学校,,前期,愛知県名古屋市瑞穂区北原町2-1,
2026/02/05,愛知県,大学,岐阜医療科学大学,一般選抜前期・後期,TKPガーデンシティPREMIUM名古屋ルーセントタワー,愛知県名古屋市西区牛島町6-1 名古屋ルーセントタワー16階,
2026/02/05,愛知県,高等学校,名古屋市立西陵高等学校,,前期,愛知県名古屋市西区児玉2-20-65,
2026/02/05,愛知県,高等学校,愛知県立名古屋西高等学校,,前期,愛知県名古屋市西区天神山町4-7,
2026/02/05,愛知県,高等学校,名古屋市立山田高等学校,,前期,愛知県名古屋市西区二方町19-1,
2026/02/05,愛知県,大学,愛知淑徳大学,一般前期・後期,本学（星が丘キャンパス）,愛知県名古屋市千種区桜が丘23,
2026/02/05,愛知県,高等学校,名古屋市立名古屋商業高等学校,,前期,愛知県名古屋市千種区自由ヶ丘2-11-48,
2026/02/05,愛知県,高等学校,名古屋市立菊里高等学校,,前期,愛知県名古屋市千種区星が丘元町13-7,
2026/02/05,愛知県,大学,椙山女学園大学,2026年度入試 全方式の本学会場,星が丘キャンパス,愛知県名古屋市千種区星が丘元町17番3号,
2026/02/05,愛知県,高等学校,愛知県立愛知総合工科高等学校,,前期,愛知県名古屋市千種区星が丘山手107,
2026/02/05,愛知県,大学,工学院大学,S/A/B日程サテライト,秀英予備校 名古屋校,愛知県名古屋市千種区内山3丁目23番12号,
2026/02/05,愛知県,大学,法政大学,T日程・A方式・英語外部試験利用,名古屋会場,愛知県名古屋市中区栄2-10-19,
2026/02/05,愛知県,大学,関東学院大学,給費生/一般前期A/後期,栄ガスビル,愛知県名古屋市中区栄3丁目15-33,
2026/02/05,愛知県,大学,関西大学,,中日ホール＆カンファレンス,愛知県名古屋市中区栄4丁目1-1,
2026/02/05,愛知県,大学,星城大学,一般選抜前期A〜C,名古屋丸の内キャンパス,愛知県名古屋市中区丸の内1丁目4番10号,
2026/02/05,愛知県,大学,名古屋商科大学,一般前期A/M・後期,名古屋会場（名古屋キャンパス伏見ビル）,愛知県名古屋市中区錦1-20-1,
2026/02/05,愛知県,高等学校,名古屋市立中央高等学校,,前期,愛知県名古屋市中区新栄3-15-45,
2026/02/05,愛知県,高等学校,名古屋市立富田高等学校,,前期,愛知県名古屋市中川区富田町大字榎津字上鵜垂111,
2026/02/05,愛知県,高等学校,名古屋市立工業高等学校,,前期,愛知県名古屋市中川区北江町3-13,
2026/02/05,愛知県,高等学校,愛知県立中川青和高等学校,,前期,愛知県名古屋市中川区野田三丁目280番地,
2026/02/05,愛知県,高等学校,愛知県立松蔭高等学校,,前期,愛知県名古屋市中村区烏森町2-2,
2026/02/05,愛知県,高等学校,愛知県立中村高等学校,,前期,愛知県名古屋市中村区菊水町1-2-18,
2026/02/05,愛知県,大学,岐阜医療科学大学,一般選抜前期・後期,TKPガーデンシティPREMIUM名駅西口,愛知県名古屋市中村区則武1-6-3 ベルヴュオフィス名古屋1～3階,
2026/02/05,愛知県,大学,岐阜医療科学大学,一般選抜前期・後期,TKPガーデンシティPREMIUM名古屋新幹線口,愛知県名古屋市中村区椿町1-1 井門名古屋ビル2～9階,
2026/02/05,愛知県,大学,東京理科大学,一般選抜B・S方式,名古屋試験場（河合塾名駅校）,愛知県名古屋市中村区椿町1-12,
2026/02/05,愛知県,大学,愛知大学,一般選抜（前期・各方式）,名古屋キャンパス,愛知県名古屋市中村区平池町4-60-6,
2026/02/05,愛知県,大学,岐阜医療科学大学,一般選抜前期・後期,TKP名鉄名古屋駅カンファレンスセンター,愛知県名古屋市中村区名駅1-2-4 名鉄バスターミナルビル9階,
2026/02/05,愛知県,大学,京都外国語大学,一般選抜A日程,安保ホール,愛知県名古屋市中村区名駅3-15-9,
2026/02/05,愛知県,大学,福井工業大学,一般Ⅰ期・Ⅱ期/推薦Ⅰ・Ⅱ期,AP名古屋（名駅IMAIビル6F・7F・8F）,愛知県名古屋市中村区名駅4-10-25 名駅IMAIビル6F・7F・8F,
2026/02/05,愛知県,大学,関西学院大学,2/1-2/5実施（一般/個別/英数/共通）,愛知県産業労働センター（ウインクあいち）,愛知県名古屋市中村区名駅4-4-38,
2026/02/05,愛知県,大学,酪農学園大学,一般選抜A/B日程 地方会場,名古屋会場（AP名古屋.名駅）,愛知県名古屋市中村区名駅4丁目10-25 名駅IMAIビル,
2026/02/05,愛知県,大学,追手門学院大学,公募推薦・一般 前期日程,ウインクあいち,愛知県名古屋市中村区名駅4丁目4-38,
2026/02/05,愛知県,大学,追手門学院大学,公募推薦・一般前期,ウインクあいち,愛知県名古屋市中村区名駅4丁目4-38,
2026/02/05,愛知県,高等学校,名古屋市立若宮商業高等学校,,前期,愛知県名古屋市天白区古川町76番地,
2026/02/05,愛知県,高等学校,愛知県立天白高等学校,,前期,愛知県名古屋市天白区植田東1-601,
2026/02/05,愛知県,大学,東京農業大学,一般選抜A日程,imy会議室（名古屋会場・A日程）,愛知県名古屋市東区葵3-7-14,
2026/02/05,愛知県,高等学校,愛知県立旭丘高等学校,,前期,愛知県名古屋市東区出来町3-6-15,
2026/02/05,愛知県,高等学校,愛知県立旭陵高等学校,,前期,愛知県名古屋市東区出来町3-6-23,
2026/02/05,愛知県,高等学校,愛知県立愛知商業高等学校,,前期,愛知県名古屋市東区徳川1-12-1,
2026/02/05,愛知県,高等学校,愛知県立明和高等学校,,前期,愛知県名古屋市東区白壁2-32-6,
2026/02/05,愛知県,高等学校,名古屋市立工芸高等学校,,前期,愛知県名古屋市東区芳野2-7-51,
2026/02/05,愛知県,高等学校,愛知県立名古屋工科高等学校,,前期,愛知県名古屋市南区阿原町1,
2026/02/05,愛知県,高等学校,名古屋市立桜台高等学校,,前期,愛知県名古屋市南区霞町21,
2026/02/05,愛知県,高等学校,愛知県立名古屋南高等学校,,前期,愛知県名古屋市南区東又兵ヱ町5-1-11,
2026/02/05,愛知県,高等学校,愛知県立熱田高等学校,,前期,愛知県名古屋市熱田区千年1-17-71,
2026/02/05,愛知県,高等学校,名古屋市立北高等学校,,前期,愛知県名古屋市北区如来町50番地,
2026/02/05,愛知県,高等学校,愛知県立城北つばさ高等学校,,前期,愛知県名古屋市北区福徳町5-102,
2026/02/05,愛知県,高等学校,愛知県立千種高等学校,,前期,愛知県名古屋市名東区社台2-206,
2026/02/05,愛知県,高等学校,名古屋市立名東高等学校,,前期,愛知県名古屋市名東区大針一丁目351,
2026/02/05,愛知県,高等学校,名古屋市立緑高等学校,,前期,愛知県名古屋市緑区旭出一丁目1104番地,
2026/02/05,愛知県,高等学校,愛知県立鳴海高等学校,,前期,愛知県名古屋市緑区左京山801,
2026/02/05,愛知県,高等学校,愛知県立海翔高等学校,,前期,愛知県弥富市六條町大崎22,
2026/02/05,茨城県,中学校,江戸川学園取手,,本校,茨城県取手市西1-37-1,
2026/02/05,茨城県,大学,東京農業大学,一般選抜A日程,河合塾 水戸校（水戸会場）,茨城県水戸市宮町1-2-22,
2026/02/05,茨城県,大学,関東学院大学,給費生/一般前期A,水戸駿優予備学校,茨城県水戸市三の丸1-1-42,
2026/02/05,茨城県,大学,工学院大学,S/A日程サテライト,茨城県労働福祉会館,茨城県水戸市梅香2-1-39,
2026/02/05,岩手県,大学,仙台白百合女子大学,一般選抜A日程,盛岡会場（マリオス）,岩手県盛岡市駅前西通2-9-1,
2026/02/05,岩手県,大学,育英大学,一般選抜Ⅰ期（スカラシップⅠ期含む）,盛岡会場,岩手県盛岡市盛岡駅西通 2-9-1,
2026/02/05,岩手県,大学,東北文化学園大学,一般選抜 前期,盛岡試験場（アイーナ・いわて県民情報交流センター）,岩手県盛岡市盛岡駅西通1-7-1,
2026/02/05,岩手県,大学,東北工業大学,一般選抜A日程サテライト,盛岡会場（マリオス）,岩手県盛岡市盛岡駅西通2-9-1,
2026/02/05,岩手県,大学,東北福祉大学,A日程統一・分割,アイーナ,岩手県盛岡市盛岡駅前西通1-7-1,
2026/02/05,岐阜県,大学,岐阜医療科学大学,一般選抜前期（2/5のみ）,岐阜キャッスルイン,岐阜県岐阜市県町2丁目8番地,
2026/02/05,岐阜県,大学,愛知大学,一般選抜（前期・各方式）,岐阜商工会議所,岐阜県岐阜市神田町2丁目2番地,
2026/02/05,岐阜県,大学,名古屋商科大学,前期A/M（要項参照）,岐阜会場（ダイワロイネットホテル岐阜）,岐阜県岐阜市神田町8-5,
2026/02/05,岐阜県,大学,日本福祉大学,一般入学試験 前期,岐阜会場（大原簿記情報医療専門学校岐阜校）,岐阜県岐阜市西問屋町11番,
2026/02/05,岐阜県,大学,岐阜保健大学,総合型・推薦・特別奨学生・一般,本学キャンパス,岐阜県岐阜市東鶉2丁目92,
2026/02/05,岐阜県,大学,朝日大学,本学試験場。全学部の各日程,朝日大学（本学試験場）,岐阜県瑞穂市穂積1851,
2026/02/05,岐阜県,大学,愛知淑徳大学,一般選抜（前期）,岐阜会場,岐阜市金町5-7-2,
2026/02/05,岐阜県,大学,中部大学,特別奨学生・前期AM/BM・後期,岐阜会場,岐阜市神田町2-2,
2026/02/05,岐阜県,大学,中京大学,一般前期A/M・後期F／総合型・推薦,名古屋大原学園 岐阜校,岐阜市西問屋町11,
2026/02/05,宮城県,大学,東北福祉大学,A日程統一・分割,ゲストハウス気仙沼アーバン,宮城県気仙沼市本郷22-5,
2026/02/05,宮城県,大学,東京理科大学,一般選抜B・S方式,仙台試験場（駿台予備学校仙台校）,宮城県仙台市宮城野区榴岡1-5-11,
2026/02/05,宮城県,大学,札幌大学,一般選抜A日程（特待生含む）,仙台試験場（宮城婦人会館）,宮城県仙台市宮城野区榴岡5 3F,
2026/02/05,宮城県,大学,新潟医療福祉大学,一般選抜前期,仙台会場（トラストシティ カンファレンス・仙台）,宮城県仙台市青葉区一番町1-9-1 仙台トラストタワー5階,
2026/02/05,宮城県,大学,江戸川大学,一般1期1日目のみ,仙台会場,宮城県仙台市青葉区一番町一丁目4番3号,
2026/02/05,宮城県,大学,高崎商科大学,一般選抜（前期）のみ,ホテルJALシティ仙台（2階：ローズⅡ）,宮城県仙台市青葉区花京院1-2-12,
2026/02/05,宮城県,大学,法政大学,T日程・A方式・英語外部試験利用,仙台会場,宮城県仙台市青葉区花京院1-2-15,
2026/02/05,宮城県,大学,新潟食料農業大学,一般選抜/特待生選抜,仙台会場（TKPガーデンシティPREMIUM仙台西口）,宮城県仙台市青葉区花京院1-2-15 ソララプラザ,
2026/02/05,宮城県,大学,東京農業大学,一般選抜A・B日程,TKPガーデンシティPREMIUM仙台西口（仙台会場）,宮城県仙台市青葉区花京院1-2-15 ソララプラザ,
2026/02/05,宮城県,大学,酪農学園大学,一般選抜A/B日程 地方会場,仙台会場（TKPガーデンシティPREMIUM 仙台西口）,宮城県仙台市青葉区花京院1-2-15 ソララプラザ,
2026/02/05,宮城県,大学,関東学院大学,給費生/一般前期A/後期,ショーケー本館ビル,宮城県仙台市青葉区五橋2丁目11-1,
2026/02/05,宮城県,大学,東北福祉大学,A日程統一・分割、B日程,東北福祉大学 国見キャンパス,宮城県仙台市青葉区国見1-8-1,
2026/02/05,宮城県,大学,関西大学,,東北福祉大学,宮城県仙台市青葉区国見1丁目8-1,
2026/02/05,宮城県,大学,東北文化学園大学,一般選抜 前期・後期,仙台試験場（東北文化学園大学）,宮城県仙台市青葉区国見6-45-1,
2026/02/05,宮城県,大学,育英大学,一般選抜Ⅰ期（スカラシップⅠ期含む）,仙台会場,宮城県仙台市青葉区本町1-5-31 シロエ仙台ビル 2F・3F・6F,
2026/02/05,宮城県,大学,工学院大学,A/B日程サテライト(2/5-6),ハーネル仙台,宮城県仙台市青葉区本町2丁目12-7,
2026/02/05,宮城県,大学,仙台白百合女子大学,一般A/B/C、推薦・総合型・編入等,本学会場（仙台白百合女子大学）,宮城県仙台市泉区本田町6-1,
2026/02/05,宮城県,大学,東北工業大学,一般選抜A日程（全/指定）,本学：八木山キャンパス,宮城県仙台市太白区八木山香澄町35-1,
2026/02/05,石川県,大学,同志社大学,一般選抜入学試験,北國新聞会館,金沢市南町2-1,
2026/02/05,石川県,大学,大谷大学,一般入試第1期,金沢試験場 金沢医療技術専門学校,金沢市堀川新町7-1,
2026/02/05,群馬県,大学,工学院大学,S/A/B日程サテライト,小野池學院,群馬県高崎市栄町15-3,
2026/02/05,群馬県,大学,立正大学,一般選抜2月前期（2/3-5）,高崎会場（小野池學院）,群馬県高崎市栄町15-3,
2026/02/05,群馬県,大学,育英大学,一般選抜Ⅰ期・Ⅱ期,本学キャンパス,群馬県高崎市京目町1656-1,
2026/02/05,群馬県,大学,高崎商科大学,全入試会場（一般は前期・後期実施）,高崎商科大学／高崎商科大学短期大学部,群馬県高崎市根小屋町741,
2026/02/05,群馬県,大学,新潟医療福祉大学,一般選抜前期,高崎会場（ホテルグランビュー高崎）,群馬県高崎市柳川町70,
2026/02/05,埼玉県,大学,工学院大学,A日程サテライト(2/5-6),駿台予備校 大宮校,埼玉県さいたま市大宮区桜木町1-235-3,
2026/02/05,埼玉県,大学,産業能率大学,前期3・前期2・英語4・中期,大宮会場（駿台予備学校 大宮校）,埼玉県さいたま市大宮区桜木町1-235-3,
2026/02/05,埼玉県,大学,東京農業大学,一般選抜A・B日程,TKP大宮駅西口カンファレンスセンター（大宮会場）,埼玉県さいたま市大宮区桜木町1-8-1 ベルヴュオフィス大宮,
2026/02/05,埼玉県,大学,立正大学,一般選抜2月前期（2/3-5）,さいたま会場（TKPガーデンシティPREMIUM大宮）,埼玉県さいたま市大宮区桜木町4-333-13 大同生命さいたま大宮ビル,
2026/02/05,埼玉県,大学,東北工業大学,一般選抜A日程サテライト,さいたま（大宮）会場,埼玉県さいたま市大宮区土手町1丁目2番地,
2026/02/05,埼玉県,大学,関東学院大学,給費生/一般前期A,JA共済埼玉ビル,埼玉県さいたま市大宮区土手町1丁目2番地,
2026/02/05,埼玉県,大学,立正大学,一般選抜R方式・2月前期・後期・3月,熊谷キャンパス,埼玉県熊谷市万吉1700,
2026/02/05,埼玉県,大学,日本栄養大学,総合1-3期・一般1-2期・社会人・私費,坂戸キャンパス,埼玉県坂戸市千代田3-9-21,
2026/02/05,埼玉県,中学校,城西川越,,本校,埼玉県川越市山田東町1042,
2026/02/05,埼玉県,大学,東京電機大学,一般選抜 前期/英語外部/情報系外部/後期,埼玉鳩山キャンパス,埼玉県比企郡鳩山町石坂,
2026/02/05,埼玉県,中学校,昌平,,本校,埼玉県北葛飾郡杉戸町下野851,
2026/02/05,北海道,大学,同志社大学,一般選抜入学試験,札幌駅前ビジネススペース,札幌市中央区北5条西6丁目1-23 第二北海道通信ビル2階,
2026/02/05,北海道,大学,明治大学,全学部統一入学試験,札幌会場（TKP札幌駅カンファレンスセンター）,札幌市北区北7条西2-9,
2026/02/05,三重県,大学,愛知大学,一般選抜（前期・各方式）,秀英予備校四日市校,三重県四日市市鵜の森1丁目4番1号,
2026/02/05,三重県,大学,四日市大学,一般A・B・C日程、留学生B日程,本学会場（四日市大学）,三重県四日市市萱生町1200,
2026/02/05,三重県,大学,日本福祉大学,一般入学試験 前期,四日市会場（SYNTHビジネスセンター近鉄四日市）,三重県四日市市諏訪栄町7番34号,
2026/02/05,三重県,大学,関西大学,,ホテルグリーンパーク津,三重県津市羽所町700,
2026/02/05,三重県,大学,名古屋商科大学,前期A/Mほか（要項参照）,津会場（三重県教育文化会館）,三重県津市桜橋2-142,
2026/02/05,三重県,大学,愛知大学,一般選抜（前期・各方式）,三重県教育文化会館,三重県津市桜橋2-142,
2026/02/05,山形県,大学,仙台白百合女子大学,一般選抜A日程,山形会場（ヤマコーホール）,山形県山形市香澄町3-2-1,
2026/02/05,山形県,大学,東北福祉大学,A日程統一・分割,大手門パルズ,山形県山形市木の実町12-37,
2026/02/05,山形県,大学,東北文化学園大学,一般選抜 前期,山形試験場（食糧会館）,山形県山形市旅篭町3-1-4,
2026/02/05,山形県,大学,東北工業大学,一般選抜A日程サテライト,山形会場,山形県山形市緑町1丁目2-36,
2026/02/05,山形県,大学,新潟医療福祉大学,一般選抜前期,鶴岡会場（東京第一ホテル鶴岡）,山形県鶴岡市錦町2-10,
2026/02/05,山形県,大学,東北福祉大学,A日程統一・分割,鶴岡市勤労者会館,山形県鶴岡市泉町8-57,
2026/02/05,山形県,大学,新潟食料農業大学,一般選抜/特待生選抜,鶴岡会場（庄内産業振興センターマリカ東館）,山形県鶴岡市末広町3-1,
2026/02/05,山梨県,大学,山梨英和大学,全入試の本学会場（共テ含む）,山梨英和大学（本学）,山梨県甲府市横根町888,
2026/02/05,山梨県,大学,工学院大学,A日程サテライト(2/5-6),秀英予備校 山梨校,山梨県甲府市丸の内2丁目15番12,
2026/02/05,山梨県,大学,関東学院大学,給費生/一般前期A,甲斐大学予備校,山梨県甲府市武田1-2-20,
2026/02/05,三重県,大学,愛知淑徳大学,一般選抜（前期）,四日市会場（都ホテル）,四日市市安島1-3-38,
2026/02/05,三重県,大学,中京大学,一般前期A/M・後期F／総合型・推薦,四日市商工会議所,四日市市諏訪町2-5,
2026/02/05,秋田県,大学,仙台白百合女子大学,一般選抜A日程,秋田会場（秋田県総合保健センター）,秋田県秋田市千秋久保田町6-6,
2026/02/05,秋田県,大学,東北福祉大学,A日程統一・分割,秋田予備校,秋田県秋田市中通4-3-32,
2026/02/05,秋田県,大学,東北工業大学,一般選抜A日程サテライト,秋田会場,秋田県秋田市東通仲町4番1号,
2026/02/05,長野県,大学,中京大学,一般前期A/M・後期F／総合型・推薦,ホテルモンターニュ松本,松本市巾上3-2,
2026/02/05,新潟県,大学,新潟工科大学,一般選抜A日程,コープシティ花園 GARESSO,新潟県新潟市中央区花園1-2-2,
2026/02/05,新潟県,大学,東京農業大学,一般選抜A日程,看護リハビリ新潟保健医療専門学校（新潟会場）,新潟県新潟市中央区花園2-2-19,
2026/02/05,新潟県,大学,育英大学,一般選抜Ⅰ期（スカラシップⅠ期含む）,新潟会場,新潟県新潟市中央区笹口 1-1,
2026/02/05,新潟県,大学,関西大学,,新潟医療福祉カレッジ,新潟県新潟市中央区笹口2丁目9-41,
2026/02/05,新潟県,大学,東北工業大学,一般選抜A日程サテライト,新潟会場,新潟県新潟市中央区天神1-1…プラーカ3,
2026/02/05,新潟県,大学,福井医療大学,一般選抜第1次,新潟会場（NST新潟総合テレビ）,新潟県新潟市中央区八千代2-3-1,
2026/02/05,新潟県,大学,福井工業大学,一般Ⅰ期,NST新潟総合テレビ,新潟県新潟市中央区八千代2-3-1,
2026/02/05,新潟県,大学,工学院大学,A日程サテライト(2/5-6),代々木ゼミナール 新潟校,新潟県新潟市中央区弁天1-4-18,
2026/02/05,新潟県,大学,法政大学,T日程・英語外部試験利用,新潟会場,新潟県新潟市中央区弁天1-4-18,
2026/02/05,新潟県,大学,関東学院大学,総合型/給費生/一般前期A/後期,代々木ゼミナール 新潟校,新潟県新潟市中央区弁天1-4-18,
2026/02/05,新潟県,大学,高崎商科大学,一般選抜（前期）のみ,新潟東映ホテル（3階）,新潟県新潟市中央区弁天2-1-6,
2026/02/05,新潟県,大学,新潟医療福祉大学,一般選抜前期/後期・特待生選抜,新潟会場（新潟医療福祉大学）,新潟県新潟市北区島見町1398番地,
2026/02/05,新潟県,大学,新潟食料農業大学,一般選抜/特待生選抜/留学生A〜D,新潟会場（新潟食料農業大学 新潟キャンパス）,新潟県新潟市北区島見町940,
2026/02/05,新潟県,大学,新潟工科大学,総合型A/B/C・推薦A/B・一般A/B,本学（柏崎）,新潟県柏崎市藤橋1719番地,
2026/02/05,新潟県,大学,同志社大学,一般選抜入学試験,新潟日報 メディアシップ,新潟市中央区万代3-1-1,
2026/02/05,神奈川県,大学,産業能率大学,一般選抜全日程（未来構想含む）,湘南キャンパス,神奈川県伊勢原市上粕屋1573,
2026/02/05,神奈川県,大学,関東学院大学,総合型/給費生/一般前期A/後期,関東学院大学 横浜・金沢八景キャンパス,神奈川県横浜市金沢区六浦東1-50-1,
2026/02/05,神奈川県,大学,立正大学,一般選抜2月前期（2/3-5）,横浜会場（駿台予備学校横浜校1号館）,神奈川県横浜市神奈川区鶴屋町2-23-7,
2026/02/05,神奈川県,大学,聖マリアンナ医科大学,一般選抜1次（前期・後期）,パシフィコ横浜ノース,神奈川県横浜市西区みなとみらい1-1-2,
2026/02/05,神奈川県,大学,東京農業大学,一般選抜A日程,TKPガーデンシティPREMIUM横浜ランドマークタワー（横浜会場A）,神奈川県横浜市西区みなとみらい2-2-1 横浜ランドマークタワー25F,
2026/02/05,神奈川県,大学,産業能率大学,前期2・英語4・中期,横浜会場（河合塾 横浜校）,神奈川県横浜市西区北幸2-11-6,
2026/02/05,神奈川県,大学,工学院大学,S/A日程サテライト,ビジョンセンター横浜（プレミア横浜西口ビル3F）,神奈川県横浜市西区北幸2-5-15 プレミア横浜西口ビル3F,
2026/02/05,神奈川県,大学,関東学院大学,総合型/給費生/一般前期A,関東学院大学 横浜・関内キャンパス,神奈川県横浜市中区万代町1-1-1,
2026/02/05,神奈川県,大学,関東学院大学,給費生/一般前期A,小田原お堀端コンベンションホール,神奈川県小田原市栄町1-14-48 ジャンボーナックビル,
2026/02/05,神奈川県,大学,明治大学,全学部統一入学試験,生田キャンパス,神奈川県川崎市多摩区東三田1-1-1,
2026/02/05,神奈川県,大学,法政大学,東京会場サテライト（一般選抜）,法政大学第二中・高等学校,神奈川県川崎市中原区木月大町6-1,
2026/02/05,青森県,高等学校,五所川原第一,一般,本校,青森県五所川原市元町42,
2026/02/05,青森県,高等学校,弘前学院聖愛,一般,本校,青森県弘前市原ヶ平字山元112-21,
2026/02/05,青森県,高等学校,東奥義塾,一般,本校,青森県弘前市石川字長者森61-1,
2026/02/05,青森県,高等学校,弘前東,一次,本校,青森県弘前市川先4-4-1,
2026/02/05,青森県,高等学校,柴田学園大学附属柴田学園,一般,本校,青森県弘前市豊原1-2-1,
2026/02/05,青森県,高等学校,八戸学院野辺地西,一般,本校,青森県上北郡野辺地町字枇杷野51-6,
2026/02/05,青森県,大学,仙台白百合女子大学,一般選抜A日程,青森会場（青森県観光物産館アスパム）,青森県青森市安方1-1-40,
2026/02/05,青森県,大学,東北福祉大学,A日程統一・分割,アスパム,青森県青森市安方1-1-40,
2026/02/05,青森県,大学,札幌大学,一般選抜A日程（特待生含む）,青森試験場（青森県観光物産館アスパム）,青森県青森市安方1丁目1-40,
2026/02/05,青森県,高等学校,東奥学園,一般,本校,青森県青森市勝田2-11-1,
2026/02/05,青森県,高等学校,青森山田,Ａ日程,本校,青森県青森市青葉3-13-40,
2026/02/05,青森県,大学,東北工業大学,一般選抜A日程サテライト,青森会場,青森県青森市堤町1丁目4番1号,
2026/02/05,青森県,大学,北翔大学,一般選抜A日程,青森会場（青森県労働福祉会館）,青森県青森市本町3丁目3-11,
2026/02/05,青森県,高等学校,青森明の星,一般,本校,青森県青森市浪打2-6-32,
2026/02/05,青森県,高等学校,松風塾,一般前期,本校,青森県東津軽郡平内町外童子字滝ノ沢37,
2026/02/05,青森県,大学,東北福祉大学,A日程統一・分割,ユートリー・VISIT はちのへ,青森県八戸市一番町1-9-22,
2026/02/05,青森県,大学,東北工業大学,一般選抜A日程サテライト,八戸会場,青森県八戸市一番町一丁目9-22,
2026/02/05,青森県,高等学校,向陵,一般,本校,青森県八戸市田向2-2-6,
2026/02/05,青森県,高等学校,八戸聖ウルスラ学院,一般,本校,青森県八戸市田面木字上野平53-2,
2026/02/05,青森県,高等学校,八戸工業大学第一,一般,本校,青森県八戸市白銀町字右岩淵通7-10,
2026/02/05,青森県,高等学校,八戸学院光星,一次,本校,青森県八戸市湊高台6-14-5,
2026/02/05,青森県,高等学校,八戸工業大学第二,一般,本校,青森県八戸市妙字大開67,
2026/02/05,青森県,高等学校,千葉学園,一般,本校,青森県八戸市類家1-1-11,
2026/02/05,青森県,高等学校,下山学園,一般前期,本校,青森県北津軽郡鶴田町鶴田字小泉369-1,
2026/02/05,静岡県,大学,順天堂大学,保健看護AO/推薦/一般A/B/共テ二次,三島キャンパス,静岡県三島市大宮町3-7-33,
2026/02/05,静岡県,大学,関東学院大学,総合型/給費生/一般前期A/後期,レイアップ御幸町ビル,静岡県静岡市葵区御幸町11-8,
2026/02/05,静岡県,大学,中京大学,一般前期A/M／総合型・推薦,パルシェ貸会議室,静岡県静岡市葵区黒金町49 静岡駅ビル パルシェ本館7階,
2026/02/05,静岡県,大学,東京農業大学,一般選抜A日程,秀英予備校 静岡本部校（静岡会場）,静岡県静岡市葵区鷹匠2-7-1,
2026/02/05,静岡県,大学,工学院大学,S/A日程サテライト,秀英予備校 静岡本部校,静岡県静岡市葵区鷹匠2丁目7-1,
2026/02/05,静岡県,大学,京都外国語大学,一般選抜A日程,静岡第一ホテル,静岡県静岡市駿河区泉町1-21,
2026/02/05,静岡県,大学,日本福祉大学,一般入学試験 前期,静岡会場（静岡学園なごみ高等学校）,静岡県静岡市駿河区八幡1-1-1,
2026/02/05,静岡県,大学,静岡産業大学,一般・特待・編入・社会人・留学生,藤枝キャンパス,静岡県藤枝市駿河台4丁目1番1号,
2026/02/05,静岡県,大学,静岡産業大学,一般・特待・編入・社会人・留学生,磐田キャンパス,静岡県磐田市大原1572番地1,
2026/02/05,静岡県,大学,中京大学,一般前期A/M・後期F／総合型・推薦,えんてつホール,静岡県浜松市中央区旭町12-1 遠鉄百貨店新館8階,
2026/02/05,静岡県,大学,名古屋商科大学,一般Mほか（要項参照）,浜松会場（浜松市福祉交流センター）,静岡県浜松市中央区成子町140-8,
2026/02/05,静岡県,大学,愛知大学,一般選抜（前期・各方式）,浜松労政会館（浜松商工会議所会館7階）,静岡県浜松市中央区東伊場2-7-1,
2026/02/05,静岡県,大学,愛知大学,一般選抜（前期・各方式）,浜松商工会議所会館,静岡県浜松市中央区東伊場2-7-1,
2026/02/05,静岡県,大学,関西大学,,秀英予備校浜松本部校,静岡県浜松市中央区板屋町512,
2026/02/05,静岡県,大学,日本福祉大学,一般入学試験 前期,浜松会場（秀英予備校浜松本部校）,静岡県浜松市中央区連尺町309番地11,
2026/02/05,石川県,大学,関西学院大学,全日程（一般/個別/英数/共通併用）,大原簿記法律観光専門学校 金沢校,石川県金沢市広岡1-1-15,
2026/02/05,石川県,大学,京都外国語大学,一般選抜A日程,TKPガーデンシティPREMIUM金沢駅西口,石川県金沢市広岡2-13-33 JR金沢駅西第三NKビル,
2026/02/05,石川県,大学,福井医療大学,一般選抜第1次,金沢会場（TKPガーデンシティPREMIUM金沢駅西口）,石川県金沢市広岡2-13-33 JR金沢駅西第三NKビル2F・3F,
2026/02/05,石川県,大学,関西大学,,金沢文化ホール,石川県金沢市高岡町15-1,
2026/02/05,石川県,大学,中京大学,一般前期A/M・後期F／総合型・推薦,金沢商工会議所,石川県金沢市尾山町9-13,
2026/02/05,石川県,大学,福井工業大学,一般Ⅰ期・Ⅱ期,金沢商工会議所会館,石川県金沢市尾山町9番13号,
2026/02/05,石川県,大学,法政大学,T日程・英語外部試験利用,金沢会場,石川県金沢市堀川新町2-1,
2026/02/05,石川県,大学,福井工業大学,一般Ⅰ期,七尾産業福祉センター,石川県七尾市三島町70-1,
2026/02/05,宮城県,大学,同志社大学,一般選抜入学試験,東北福祉大学 仙台駅東口キャンパス,仙台市宮城野区榴岡2-5-26,
2026/02/05,宮城県,大学,明治大学,全学部統一入学試験,仙台会場（TKPガーデンシティPREMIUM仙台西口）,仙台市青葉区花京院1-2-15,
2026/02/05,東京都,中学校,海陽中等教育学校,,東京,千代田区神田三崎町 2-7-10 帝都三崎町ビル,
2026/02/05,千葉県,大学,順天堂大学,B日程,さくらキャンパス,千葉県印西市平賀学園台1-1,
2026/02/05,千葉県,大学,順天堂大学,薬学部総合型/推薦/一般A/B,浦安・日の出キャンパス,千葉県浦安市日の出6-8-1,
2026/02/05,千葉県,中学校,国府台女子学院,,本校,千葉県市川市菅野3-24-1,
2026/02/05,千葉県,大学,東京農業大学,一般選抜A・B日程,河合塾 津田沼校（津田沼会場）,千葉県習志野市谷津1-15-33,
2026/02/05,千葉県,大学,工学院大学,S/A/B日程サテライト,TKP千葉駅東口ビジネスセンター,千葉県千葉市中央区新町1-20 江澤ビル 3～4階,
2026/02/05,千葉県,大学,産業能率大学,前期2のみ,千葉会場（河合塾 千葉現役館）,千葉県千葉市中央区新町17-13 第12東ビル2階,
2026/02/05,千葉県,大学,立正大学,一般選抜2月前期（2/3-5）,千葉会場（千葉市文化センター）,千葉県千葉市中央区中央2-5-1,
2026/02/05,千葉県,大学,関東学院大学,給費生/一般前期A,千葉商工会議所,千葉県千葉市中央区中央2-5-1 千葉中央ツインビル2号館,
2026/02/05,千葉県,大学,立正大学,一般選抜2月前期（2/3-5）,柏会場（駿台予備学校柏校）,千葉県柏市柏5-2-13,
2026/02/05,千葉県,中学校,八千代松陰,,本校,千葉県八千代市村上７２７番地,
2026/02/05,千葉県,大学,東京理科大学,一般選抜B・S方式,野田試験場（野田キャンパス）,千葉県野田市山崎2641,
2026/02/05,千葉県,大学,江戸川大学,一般1–3期、総合型3期面接、共通テスト,江戸川大学（駒木キャンパス）,千葉県流山市駒木474,
2026/02/05,千葉県,大学,東京電機大学,一般選抜 前期/英語外部/情報系外部,TKPガーデンシティ千葉,千葉市中央区問屋町1-45 千葉ポートスクエア内,
2026/02/05,神奈川県,大学,東京電機大学,一般選抜 前期/英語外部/情報系外部,川崎市コンベンションホール,川崎市中原区小杉町2丁目276番地1,
2026/02/05,長野県,大学,日本福祉大学,一般入学試験 前期・中期,松本会場（長野県理容会館）,長野県松本市中央1-21-3,
2026/02/05,長野県,大学,福井工業大学,一般Ⅰ期・Ⅱ期/推薦Ⅰ・Ⅱ期,長野県教育会館,長野県長野市旭町1098,
2026/02/05,長野県,大学,関東学院大学,給費生/一般前期A,長野市生涯学習センター,長野県長野市大字鶴賀問御所町1271-3,
2026/02/05,長野県,大学,新潟医療福祉大学,一般選抜前期/後期,長野会場（JA長野県ビル）,長野県長野市大字南長野北石堂町1177-3,
2026/02/05,長野県,大学,福井医療大学,一般選抜第1次,長野会場（JA長野県ビル）,長野県長野市大字南長野北石堂町1177-3,
2026/02/05,長野県,大学,工学院大学,A/B日程サテライト(2/5-6),JA長野県ビル,長野県長野市大字南長野北石堂町1177番地3,
2026/02/05,長野県,大学,日本福祉大学,一般入学試験 前期,長野会場（長野ターミナル会館）,長野県長野市中御所岡田178-2,
2026/02/05,長野県,大学,育英大学,一般選抜Ⅰ期（スカラシップⅠ期含む）,長野会場,長野県長野市中御所岡田町 131-4,
2026/02/05,長野県,大学,高崎商科大学,一般選抜（前期）のみ,ホテル信濃路（2階：黒姫）,長野県長野市中御所岡田町131-4,
2026/02/05,長野県,大学,法政大学,T日程・英語外部試験利用,長野会場,長野県長野市南長野北石堂町1022,
2026/02/05,長野県,大学,新潟食料農業大学,一般選抜/特待生選抜,長野会場（ホテルJALシティ長野）,長野県長野市問御所町1221,
2026/02/05,長野県,大学,日本福祉大学,一般入学試験 前期,飯田会場（丘の上結いスクエア　ムトスぷらざ）,長野県飯田市東和町2丁目35番地,
2026/02/05,三重県,大学,中部大学,特別奨学生・前期AM/BM・後期,津会場,津市栄町2-361,
2026/02/05,東京都,大学,東京理科大学,一般選抜B・S方式,葛飾試験場（葛飾キャンパス）,東京都葛飾区新宿6-3-1,
2026/02/05,東京都,大学,法政大学,T日程・A方式・英語外部試験利用,TOC有明コンベンションホール,東京都江東区有明3-5-7,
2026/02/05,東京都,大学,中京大学,一般前期A/M・後期F／総合型・推薦,TKP品川港南口会議室,東京都港区港南2-4-3 三和港南ビル4階,
2026/02/05,東京都,大学,東北福祉大学,A日程統一・分割,東京グランドホテル,東京都港区芝2-5-2,
2026/02/05,東京都,大学,酪農学園大学,一般選抜A/B・第2期 地方会場,東京会場（東京経済大学 国分寺キャンパス 2号館）,東京都国分寺市南町1-7-34,
2026/02/05,東京都,大学,関西学院大学,全日程（一般/個別/英数/共通併用）,代々木ゼミナール本部校 代ゼミタワー,東京都渋谷区代々木2-25-7,
2026/02/05,東京都,大学,法政大学,T日程・A方式・英語外部試験利用,小金井キャンパス,東京都小金井市梶野町3-7-2,
2026/02/05,東京都,大学,津田塾大学,一般選抜A・A英語外部(学芸)／B方式,千駄ヶ谷キャンパス会場,東京都渋谷区千駄ヶ谷1-18-24,
2026/02/05,東京都,大学,津田塾大学,一般選抜A・A英語外部(学芸)／B方式,小平キャンパス会場,東京都小平市津田町2-1-1,
2026/02/05,東京都,大学,法政大学,T日程・A方式・英語外部試験利用,市ヶ谷田町校舎,東京都新宿区市谷田町2-33,
2026/02/05,東京都,大学,法政大学,T日程・A方式・英語外部試験利用,TKP市ヶ谷カンファレンスセンター,東京都新宿区市谷八幡町8 TKP市ヶ谷ビル,
2026/02/05,東京都,大学,東京理科大学,一般選抜B・S方式,神楽坂試験場（神楽坂キャンパス）,東京都新宿区神楽坂1-3,
2026/02/05,東京都,大学,工学院大学,S/A/B/M日程 本学会場,新宿キャンパス,東京都新宿区西新宿1-24-2,
2026/02/05,東京都,大学,順天堂大学,保健医療一般A/B日程,ベルサール高田馬場,東京都新宿区大久保3-8-2 住友不動産新宿ガーデンタワーB2・1F,
2026/02/05,東京都,大学,明治大学,全学部統一入学試験,和泉キャンパス,東京都杉並区永福1-9-1,
2026/02/05,東京都,大学,駒澤大学,全学統一・T・S方式実施会場,本学（駒沢キャンパス）,東京都世田谷区駒沢1-23-1,
2026/02/05,東京都,大学,東京農業大学,一般選抜A・B日程,世田谷キャンパス（本学会場）,東京都世田谷区桜丘1-1-1,
2026/02/05,東京都,大学,成城大学,S方式・A方式会場,成城大学キャンパス,東京都世田谷区成城6-1-20,
2026/02/05,東京都,大学,産業能率大学,一般選抜全日程（未来構想含む）,自由が丘キャンパス,東京都世田谷区等々力6-39-15,
2026/02/05,東京都,大学,明治薬科大学,B前期/C方式/B後期,本学,東京都清瀬市野塩2-522-1,
2026/02/05,東京都,大学,共立女子大学,全学統一/2月前期A・B/後期,神田一橋キャンパス,東京都千代田区一ツ橋2-2-1,
2026/02/05,東京都,大学,京都外国語大学,一般選抜A日程,京都アカデミアフォーラム in 丸の内,東京都千代田区丸の内1-5-1 新丸の内ビルディング10階,
2026/02/05,東京都,大学,産業能率大学,前期3・前期2・英語4・中期,秋葉原会場（河合塾 秋葉原館）,東京都千代田区岩本町3-11-11 プルータスビル3階,
2026/02/05,東京都,大学,法政大学,T日程・A方式・英語外部試験利用,九段北校舎,東京都千代田区九段北3-3-5,
2026/02/05,東京都,大学,明治大学,全学部統一入学試験,駿河台キャンパス,東京都千代田区神田駿河台1-1,
2026/02/05,東京都,大学,大阪歯科大学,一般選抜 前期/全学部日程/後期,東京会場（駿台予備学校 お茶の水校1号館）,東京都千代田区神田駿河台2-12,
2026/02/05,東京都,大学,関東学院大学,給費生/一般前期A,連合会館,東京都千代田区神田駿河台3-2-11,
2026/02/05,東京都,大学,新潟食料農業大学,一般選抜/特待生選抜,東京会場（TKP神田ビジネスセンター）,東京都千代田区神田美土代町3-2,
2026/02/05,東京都,大学,札幌大学,一般選抜A日程（特待生含む）,東京試験場（TKP神田ビジネスセンター）,東京都千代田区神田美土代町3-2 神田アベビル4～8F,
2026/02/05,東京都,大学,関西大学,,TKP新橋カンファレンスセンター,東京都千代田区内幸町1丁目3−1 新幸橋ビルディング,
2026/02/05,東京都,大学,法政大学,T日程・A方式・英語外部試験利用,市ケ谷キャンパス（富士見ゲートほか）,東京都千代田区富士見2-17-1,
2026/02/05,東京都,大学,新潟医療福祉大学,一般選抜前期・特待生選抜,東京会場（ビジョンセンター有楽町）,東京都千代田区有楽町1-5-1 日比谷マリンビル3階,
2026/02/05,東京都,大学,日本福祉大学,一般入学試験 前期・中期,東京会場（日本福祉大学　東京サテライト）,東京都千代田区有楽町2丁目10--1 東京交通会館7階,
2026/02/05,東京都,大学,東京電機大学,一般選抜 前期/英語外部/情報系外部/後期,東京千住キャンパス,東京都足立区千住旭町5番,
2026/02/05,東京都,大学,北翔大学,一般選抜A日程,東京会場（TKP上野駅前ビジネスセンター）,東京都台東区東上野3-18-6 第一吉沢ビル,
2026/02/05,東京都,大学,大谷大学,一般入試第1期,東京試験場　AP東京八重洲,東京都中央区京橋1-10-7,
2026/02/05,東京都,大学,福井工業大学,一般Ⅰ期/推薦Ⅰ期/留学生Ⅰ期,AP日本橋,東京都中央区日本橋3-6-2 日本橋フロント6F,
2026/02/05,東京都,大学,育英大学,一般選抜Ⅰ期（スカラシップⅠ期含む）,東京会場,東京都中央区八重洲 1-8-16 新槇町ビル,
2026/02/05,東京都,大学,明治大学,全学部統一入学試験,中野キャンパス,東京都中野区中野4-21-1,
2026/02/05,東京都,大学,玉川大学,全学統一/地域創生/給付型/実技本学,本学キャンパス,東京都町田市玉川学園6-1-1,
2026/02/05,東京都,大学,産業能率大学,前期3・前期2・英語4,町田会場（駿台予備学校 町田校）,東京都町田市原町田6-16-8,
2026/02/05,東京都,大学,東京電機大学,一般選抜 前期/英語外部/情報系外部,八王子エルシィ,東京都八王子市八日町6-7,
2026/02/05,東京都,大学,大東文化大学,奨学金/全学統一前期後期/3教科/総合型基礎,東京板橋キャンパス,東京都板橋区高島平1-9-1,
2026/02/05,東京都,大学,立正大学,一般選抜R方式・2月前期・後期・3月,品川キャンパス,東京都品川区大崎4-2-16,
2026/02/05,東京都,大学,産業能率大学,前期2・英語4のみ,吉祥寺会場（河合塾 吉祥寺現役館）,東京都武蔵野市吉祥寺本町1-8-12,
2026/02/05,東京都,大学,亜細亜大学,一般入試/全学統一(前中後)/DS後期,武蔵野キャンパス,東京都武蔵野市境5-8,
2026/02/05,東京都,大学,日本獣医生命科学大学,総合・推薦・一般A/B/C・第Ⅱ期,日本獣医生命科学大学 第一校舎,東京都武蔵野市境南町1-7-1,
2026/02/05,東京都,大学,拓殖大学,2月前期選抜A･B･C日程,文京キャンパス,東京都文京区小日向3-4-14,
2026/02/05,東京都,大学,順天堂大学,国際教養前期/中期/後期・医学部二次,本郷・お茶の水キャンパス,東京都文京区本郷2-1-1,
2026/02/05,東京都,大学,日本栄養大学,総合1-4期・一般1-2期・社会人・私費,駒込キャンパス,東京都豊島区駒込3-24-3,
2026/02/05,東京都,大学,東京農業大学,一般選抜A日程,河合塾 池袋校 西館（池袋会場）,東京都豊島区西池袋1-3-12,
2026/02/05,東京都,大学,産業能率大学,前期2・未来構想第1日程,池袋会場（駿台予備学校 池袋校）,東京都豊島区南池袋2-19-8,
2026/02/05,東京都,大学,学習院大学,一般選抜（コア・プラス）、共通テスト,学習院大学 目白キャンパス,東京都豊島区目白1-5-1,
2026/02/05,東京都,大学,同志社大学,一般選抜入学試験,国際ファッションセンタービル,東京都墨田区横網1丁目6-1,
2026/02/05,東京都,大学,東京農業大学,一般選抜A日程,me:rise立川 Conference Room（立川会場）,東京都立川市曙町2-8-28 TAMA MIRAI SQUARE,
2026/02/05,神奈川県,大学,東京電機大学,一般選抜 前期/英語外部/情報系外部,藤沢商工会議所,藤沢市藤沢607-1,
2026/02/05,栃木県,高等学校,栃木県立さくら清修高等学校,,特色選抜,栃木県さくら市氏家2807,
2026/02/05,栃木県,高等学校,栃木県立宇都宮北高等学校,,特色選抜,栃木県宇都宮市岩曽606番地,
2026/02/05,栃木県,大学,東京農業大学,一般選抜A日程,ライトキューブ宇都宮（宇都宮会場）,栃木県宇都宮市宮みらい1-20,
2026/02/05,栃木県,高等学校,栃木県立宇都宮白楊高等学校,,特色選抜,栃木県宇都宮市元今泉8-2-1,
2026/02/05,栃木県,高等学校,栃木県立宇都宮中央高等学校,,特色選抜,栃木県宇都宮市若草町2-2-46,
2026/02/05,栃木県,高等学校,栃木県立宇都宮工業高等学校,,特色選抜,栃木県宇都宮市雀宮町52番地,
2026/02/05,栃木県,高等学校,栃木県立宇都宮東高等学校,,特色選抜,栃木県宇都宮市石井町3360-1,
2026/02/05,栃木県,高等学校,栃木県立宇都宮女子高等学校,,特色選抜,栃木県宇都宮市操町5-19,
2026/02/05,栃木県,高等学校,栃木県立宇都宮商業高等学校,,特色選抜,栃木県宇都宮市大曽3丁目1番46号,
2026/02/05,栃木県,高等学校,栃木県立宇都宮高等学校,,特色選抜,栃木県宇都宮市滝の原3-5-70,
2026/02/05,栃木県,高等学校,栃木県立宇都宮清陵高等学校,,特色選抜,栃木県宇都宮市竹下町908-3,
2026/02/05,栃木県,大学,高崎商科大学,一般選抜（前期）のみ,ホテルサンシャイン宇都宮（2階 会議室2）,栃木県宇都宮市東宿郷2-3-3,
2026/02/05,栃木県,高等学校,栃木県立宇都宮南高等学校,,特色選抜,栃木県宇都宮市東谷町660-1,
2026/02/05,栃木県,大学,工学院大学,A/B日程サテライト(2/5-6),栃木県総合文化センター（ギャラリー棟3階）,栃木県宇都宮市本町1-8,
2026/02/05,栃木県,高等学校,栃木県立高根沢高等学校,,特色選抜,栃木県塩谷郡高根沢町文挟32-2,
2026/02/05,栃木県,高等学校,栃木県立壬生高等学校,,特色選抜,栃木県下都賀郡壬生町藤井1194,
2026/02/05,栃木県,高等学校,栃木県立石橋高等学校,,特色選抜,栃木県下野市石橋845,
2026/02/05,栃木県,高等学校,栃木県立上三川高等学校,,特色選抜,栃木県河内郡上三川町多功994-4,
2026/02/05,栃木県,高等学校,栃木県立佐野東高等学校,,特色選抜,栃木県佐野市金屋下町12,
2026/02/05,栃木県,高等学校,栃木県立佐野松桜高等学校,,特色選抜,栃木県佐野市出流原町643-5,
2026/02/05,栃木県,高等学校,栃木県立佐野高等学校,,特色選抜,栃木県佐野市天神町761-1,
2026/02/05,栃木県,高等学校,栃木県立鹿沼南高等学校,,特色選抜,栃木県鹿沼市みなみ町8-73,
2026/02/05,栃木県,高等学校,栃木県立鹿沼商工高等学校,,特色選抜,栃木県鹿沼市花岡町180-1,
2026/02/05,栃木県,高等学校,栃木県立鹿沼東高等学校,,特色選抜,栃木県鹿沼市千渡2050,
2026/02/05,栃木県,高等学校,栃木県立鹿沼高等学校,,特色選抜,栃木県鹿沼市万町960,
2026/02/05,栃木県,高等学校,栃木県立小山南高等学校,,特色選抜,栃木県小山市間々田23-1,
2026/02/05,栃木県,高等学校,栃木県立小山高等学校,,特色選抜,栃木県小山市若木町2-8-51,
2026/02/05,栃木県,高等学校,栃木県立小山西高等学校,,特色選抜,栃木県小山市松沼741,
2026/02/05,栃木県,高等学校,栃木県立小山城南高等学校,,特色選抜,栃木県小山市西城南4-26-1,
2026/02/05,栃木県,高等学校,栃木県立小山北桜高等学校,,特色選抜,栃木県小山市東山田448-29,
2026/02/05,栃木県,高等学校,栃木県立真岡北陵高等学校,,特色選抜,栃木県真岡市下籠谷396,
2026/02/05,栃木県,高等学校,栃木県立真岡工業高等学校,,特色選抜,栃木県真岡市寺久保1-2-9,
2026/02/05,栃木県,高等学校,栃木県立真岡女子高等学校,,特色選抜,栃木県真岡市台町2815,
2026/02/05,栃木県,高等学校,栃木県立真岡高等学校,,特色選抜,栃木県真岡市白布ヶ丘24-1,
2026/02/05,栃木県,高等学校,栃木県立足利南高等学校,,特色選抜,栃木県足利市下渋垂町980,
2026/02/05,栃木県,高等学校,栃木県立足利清風高等学校,,特色選抜,栃木県足利市山下町2110,
2026/02/05,栃木県,高等学校,栃木県立足利工業高等学校,,特色選抜,栃木県足利市西宮町2908-1,
2026/02/05,栃木県,高等学校,栃木県立足利高等学校,,特色選抜,栃木県足利市有楽町837番地1,
2026/02/05,栃木県,高等学校,栃木県立大田原女子高等学校,,特色選抜,栃木県大田原市元町1-5-43,
2026/02/05,栃木県,高等学校,栃木県立大田原東高等学校,,特色選抜,栃木県大田原市元町1-5-43,
2026/02/05,栃木県,高等学校,栃木県立大田原高等学校,,特色選抜,栃木県大田原市紫塚3-2651,
2026/02/05,栃木県,高等学校,栃木県立黒羽高等学校,,特色選抜,栃木県大田原市前田780,
2026/02/05,栃木県,高等学校,栃木県立栃木女子高等学校,,特色選抜,栃木県栃木市薗部町1-2-5,
2026/02/05,栃木県,高等学校,栃木県立栃木工業高等学校,,特色選抜,栃木県栃木市岩出町129,
2026/02/05,栃木県,高等学校,栃木県立学悠館高等学校,,特色選抜,栃木県栃木市沼和田町2-2,
2026/02/05,栃木県,高等学校,栃木県立栃木翔南高等学校,,特色選抜,栃木県栃木市大平町川連370,
2026/02/05,栃木県,高等学校,栃木県立栃木高等学校,,特色選抜,栃木県栃木市入舟町12-4,
2026/02/05,栃木県,高等学校,栃木県立栃木農業高等学校,,特色選抜,栃木県栃木市平井町911,
2026/02/05,栃木県,高等学校,栃木県立栃木商業高等学校,,特色選抜,栃木県栃木市片柳町5-1-30,
2026/02/05,栃木県,高等学校,栃木県立烏山高等学校,,特色選抜,栃木県那須烏山市中央3-9-8,
2026/02/05,栃木県,高等学校,栃木県立那須拓陽高等学校,,特色選抜,栃木県那須塩原市下永田4-3-52,
2026/02/05,栃木県,高等学校,栃木県立那須清峰高等学校,,特色選抜,栃木県那須塩原市下永田6-4,
2026/02/05,栃木県,高等学校,栃木県立黒磯南高等学校,,特色選抜,栃木県那須塩原市上厚崎747-2,
2026/02/05,栃木県,高等学校,栃木県立黒磯高等学校,,特色選抜,栃木県那須塩原市豊町6-1,
2026/02/05,栃木県,高等学校,栃木県立馬頭高等学校,,特色選抜,栃木県那須郡那珂川町馬頭1299-2,
2026/02/05,栃木県,高等学校,栃木県立那須高等学校,,特色選抜,栃木県那須郡那須町寺子乙3932-48,
2026/02/05,栃木県,高等学校,栃木県立日光明峰高等学校,,特色選抜,栃木県日光市久次良町104,
2026/02/05,栃木県,高等学校,栃木県立今市工業高等学校,,特色選抜,栃木県日光市荊沢615,
2026/02/05,栃木県,高等学校,栃木県立今市高等学校,,特色選抜,栃木県日光市千本木432,
2026/02/05,栃木県,高等学校,栃木県立益子芳星高等学校,,特色選抜,栃木県芳賀郡益子町塙2382-1,
2026/02/05,栃木県,高等学校,栃木県立茂木高等学校,,特色選抜,栃木県芳賀郡茂木町茂木288,
2026/02/05,栃木県,高等学校,栃木県立矢板東高等学校,,特色選抜,栃木県矢板市東町4-8,
2026/02/05,栃木県,高等学校,栃木県立矢板高等学校,,特色選抜,栃木県矢板市片俣618-2,
2026/02/05,静岡県,大学,愛知淑徳大学,一般選抜（前期）,浜松会場,浜松市中央区東伊場1-1-26,
2026/02/05,静岡県,大学,同志社大学,一般選抜入学試験,ホテルクラウンパレス浜松,浜松市中央区板屋町110-17,
2026/02/05,静岡県,大学,中部大学,特別奨学生・前期AM/BM・後期,浜松会場,浜松市中区成子町140-8,
2026/02/05,富山県,高等学校,新川,,本校,富山県魚津市吉島1350,
2026/02/05,富山県,高等学校,高岡龍谷,,本校,富山県高岡市古定塚4番1号,
2026/02/05,富山県,高等学校,高岡向陵,,本校,富山県高岡市石瀬281-1,
2026/02/05,富山県,高等学校,高岡第一,,本校,富山県高岡市本郷2-1-1,
2026/02/05,富山県,大学,福井医療大学,一般選抜第1次,富山会場（ボルファートとやま）,富山県富山市奥田新町8-1,
2026/02/05,富山県,大学,福井工業大学,一般Ⅰ期・Ⅱ期,ボルファートとやま,富山県富山市奥田新町8-1,
2026/02/05,富山県,高等学校,富山国際大学付属,,本校,富山県富山市願海寺水口444,
2026/02/05,富山県,大学,日本福祉大学,一般入学試験 前期・中期,富山会場（インテックビル（タワー111））,富山県富山市牛島新町5番5号,
2026/02/05,富山県,高等学校,富山第一,,本校,富山県富山市向新庄町5丁目1番54号,
2026/02/05,富山県,大学,工学院大学,A日程サテライト(2/5-6),富山県民会館,富山県富山市新総曲輪4-18,
2026/02/05,富山県,大学,新潟医療福祉大学,一般選抜前期,富山会場（富山県民会館）,富山県富山市新総曲輪4-18,
2026/02/05,富山県,大学,関西大学,,富山県中小企業研修センター,富山県富山市赤江町1-7,
2026/02/05,富山県,高等学校,龍谷富山,,本校,富山県富山市赤江町2番10号,
2026/02/05,富山県,高等学校,不二越工業,,本校,富山県富山市東石金町7-5,
2026/02/05,富山県,高等学校,高朋,,本校,富山県富山市東富山寿町一丁目1番39号,
2026/02/05,富山県,大学,中京大学,一般前期A/M／総合型・推薦,富山県農協会館,富山市新総曲輪2-21,
2026/02/05,富山県,大学,中部大学,特別奨学生・前期AM/BM,富山県中小企業研修センター,富山市赤江町1-7,
2026/02/05,福井県,大学,福井医療大学,一般選抜第1次,敦賀会場（敦賀商工会議所）,福井県敦賀市神楽町2丁目1-4,
2026/02/05,福井県,大学,福井工業大学,一般Ⅰ期/推薦Ⅰ期,敦賀商工会議所,福井県敦賀市神楽町2丁目1-4,
2026/02/05,福井県,大学,福井工業大学,全方式（本学実施分）,福井工業大学（福井キャンパス）,福井県福井市学園3丁目6番1号,
2026/02/05,福井県,大学,福井医療大学,一般選抜第1次・第2次,福井会場（本学キャンパス）,福井県福井市江上町55-13-1,
2026/02/05,福井県,大学,関西大学,,福井市地域交流プラザ,福井県福井市手寄1丁目4-1,
2026/02/05,福井県,大学,中京大学,一般前期A/M／総合型・推薦,福井商工会議所ビル,福井県福井市西木田2-8-1,
2026/02/05,福井県,大学,日本福祉大学,一般入学試験 前期,福井会場（大原ビジネス公務員専門学校福井校）,福井県福井市大手2-9-1,
2026/02/05,福島県,大学,関東学院大学,給費生/一般前期A,駿優予備学校 郡山校,福島県郡山市駅前1-12-6,
2026/02/05,福島県,大学,東北文化学園大学,一般選抜 前期,郡山試験場（ホテルハマツ）,福島県郡山市虎丸町3-18,
2026/02/05,福島県,大学,仙台白百合女子大学,一般選抜A日程,郡山会場（郡山商工会議所）,福島県郡山市清水台1-3-8,
2026/02/05,福島県,大学,東北福祉大学,A日程統一・分割,郡山商工会議所,福島県郡山市清水台1-3-8,
2026/02/05,福島県,大学,東北工業大学,一般選抜A日程サテライト,郡山会場,福島県郡山市清水台1丁目3-8,
2026/02/05,福島県,大学,新潟医療福祉大学,一般選抜前期/後期,郡山会場（国際医療看護福祉大学校 ANNEX校舎）,福島県郡山市方八町2-4-10,
2026/02/05,福島県,大学,新潟食料農業大学,一般選抜/特待生選抜,郡山会場（国際ビジネス公務員大学校こども保育校舎）,福島県郡山市本町1-16-18,
2026/02/05,愛知県,大学,中部大学,特別奨学生・前期AM/BM・後期,豊橋会場,豊橋市花田町字石塚42-1,
2026/02/05,北海道,大学,札幌大学,一般選抜A日程（特待生含む）,旭川試験場（旭川市ときわ市民ホール）,北海道旭川市5条通4丁目,
2026/02/05,北海道,大学,北翔大学,一般選抜A日程,旭川会場（旭川市民文化会館）,北海道旭川市7条通9丁目,
2026/02/05,北海道,大学,札幌大学,一般選抜A日程（特待生含む）,釧路試験場（釧路ロイヤルイン）,北海道釧路市黒金町14丁目9-2,
2026/02/05,北海道,大学,北翔大学,一般選抜A・B日程,北翔大学会場,北海道江別市文京台23番地,
2026/02/05,北海道,大学,酪農学園大学,一般選抜A/B・第2期・推薦本学,本学会場（酪農学園大学）,北海道江別市文京台緑町582番地,
2026/02/05,北海道,大学,関東学院大学,一般前期A,札幌市教育文化会館,北海道札幌市中央区北1条西13丁目,
2026/02/05,北海道,大学,東京農業大学,一般選抜A日程,TKPガーデンシティ札幌駅前（札幌会場）,北海道札幌市中央区北2条西2-19 TKP札幌ビル,
2026/02/05,北海道,大学,法政大学,T日程・A方式・英語外部試験利用,札幌会場,北海道札幌市中央区北4条西5丁目,
2026/02/05,北海道,大学,工学院大学,A日程サテライト(2/5-6),北農健保会館,北海道札幌市中央区北4条西7丁目1-4,
2026/02/05,北海道,大学,札幌大学,一般選抜A・B日程,札幌試験場（札幌大学）,北海道札幌市豊平区西岡3条7丁目3-1,
2026/02/05,北海道,大学,東京理科大学,一般選抜B・S方式,札幌試験場（代々木ゼミナール札幌校）,北海道札幌市北区北7条西2-5,
2026/02/05,北海道,大学,関西大学,,代々木ゼミナール札幌校,北海道札幌市北区北7条西2丁目5,
2026/02/05,北海道,大学,札幌大学,一般選抜A日程（特待生含む）,帯広試験場（帯広商工会議所・帯広経済センター4F）,北海道帯広市西3条南9丁目23 帯広経済センター4F,
2026/02/05,北海道,大学,北翔大学,一般選抜A日程,帯広会場（ソネビル本館）,北海道帯広市西6条南6丁目3番地,
2026/02/05,北海道,大学,北翔大学,一般選抜A日程,函館会場（サン・リフレ函館）,北海道函館市大森町2番14号,
2026/02/05,北海道,大学,札幌大学,一般選抜A日程（特待生含む）,函館試験場（函館市民会館）,北海道函館市湯川町1-32-1,
2026/02/05,北海道,大学,札幌大学,一般選抜A日程（特待生含む）,北見試験場（サンライフ北見）,北海道北見市東三輪5丁目1-16,
2026/02/05,北海道,大学,東京農業大学,一般選抜A・B日程,北海道オホーツクキャンパス（本学会場）,北海道網走市八坂196,
2026/02/05,愛知県,大学,明治大学,全学部統一入学試験,名古屋会場（名古屋コンベンションホール）,名古屋市中村区平池町4-60-12,
2026/02/05,愛知県,大学,大谷大学,一般入試第1期,名古屋試験場　AP名古屋,名古屋市中村区名駅4-10-25,
2026/02/05,愛知県,大学,同志社大学,一般選抜入学試験,日本ガイシ スポーツプラザ,名古屋市南区東又兵ヱ町5-1-16,
2026/02/05,埼玉県,大学,日本医療科学大学,一般選抜（Ⅰ期A・B日程・Ⅱ期）,大宮ソニックシティビル　6・7・8・9階,埼玉県さいたま市大宮区桜木町1-7-5,
2026/02/05,埼玉県,大学,日本医療科学大学,一般選抜（Ⅰ期A・B日程・Ⅱ期）,日本医療科学大学（本学）,埼玉県入間郡毛呂山町下川原1276,
2026/02/05,山形県,大学,宮城学院女子大学,一般A日程後期,山形（山形ビッグウイング）,山形県山形市平久保100番地,
2026/02/05,秋田県,大学,宮城学院女子大学,一般A日程後期,秋田（秋田県総合保健センター）,秋田県秋田市千秋久保田町6番6号,
2026/02/05,岩手県,大学,宮城学院女子大学,一般A日程後期,盛岡（岩手教育会館）,盛岡市大通1丁目1番16号,
2026/02/05,青森県,大学,宮城学院女子大学,一般A日程後期,青森（ウェディングプラザ　アラスカ）,青森県青森市新町1丁目11番22号,
2026/02/05,東京都,大学,杏林大学,一般前期,東京たま未来メッセ,東京都八王子市明神町3丁目19-2,
2026/02/05,東京都,大学,日本医療科学大学,一般選抜（Ⅰ期A・B日程・Ⅱ期）,城西放射線技術専門学校,東京都豊島区千早1-10-26,
2026/02/05,福島県,大学,宮城学院女子大学,一般A日程後期,郡山（郡山市労働福祉会館）,福島県郡山市虎丸町7番7号,
2026/02/05,東京都,大学,武蔵野美術大学,,鷹の台キャンパス,東京都小平市小川町1-736,
